stock_code,description,revenue,quantity,orders,customers
22423,REGENCY CAKESTAND 3 TIER,314045.01999999996,25045,4261,1316
DOT,DOTCOM POSTAGE,309844.1,1417,1423,1
85123A,WHITE HANGING HEART T-LIGHT HOLDER,248159.1,90510,5495,1494
47566,PARTY BUNTING,147079.73,27932,2699,894
85099B,JUMBO BAG RED RETROSPOT,143834.41,76095,3320,861
84879,ASSORTED COLOUR BIRD ORNAMENT,128550.42,79579,2827,1012
22086,PAPER CHAIN KIT 50'S CHRISTMAS ,116298.59,34494,2034,896
POST,POSTAGE,110430.41,5061,2077,496
79321,CHILLI LIGHTS,79905.13,15703,1161,306
84347,ROTATING SILVER ANGELS T-LIGHT HLDR,70969.95,22028,762,300
85099F,JUMBO BAG STRAWBERRY,67473.53,36580,1859,549
23084,RABBIT NIGHT LIGHT,66661.63,30631,1009,450
21137,BLACK RECORD COVER FRAME,65107.0,18716,641,198
21931,JUMBO STORAGE BAG SUKI,60826.92,28793,2364,546
21621,VINTAGE UNION JACK BUNTING,59742.04,6836,1302,583
85099C,JUMBO  BAG BAROQUE BLACK WHITE,58486.73,30327,1894,508
22114,HOT WATER BOTTLE TEA AND SYMPATHY,58393.94,11458,1596,626
22910,PAPER CHAIN KIT VINTAGE CHRISTMAS,57467.100000000006,18186,1444,701
22112,CHOCOLATE HOT WATER BOTTLE,57294.46,10910,1734,631
15056N,EDWARDIAN PARASOL NATURAL,57134.9,11131,1054,348
22411,JUMBO SHOPPER VINTAGE RED PAISLEY,56527.19,26841,2215,658
82484,WOOD BLACK BOARD ANT WHITE FINISH,56420.729999999996,9782,1200,452
22470,HEART OF WICKER LARGE,52477.43,17385,1979,827
22178,VICTORIAN GLASS HANGING T-LIGHT,51119.88,39073,1859,593
22386,JUMBO BAG PINK POLKADOT,49255.93,24774,1460,432
21733,RED HANGING HEART T-LIGHT HOLDER,49244.240000000005,17152,1795,744
21929,JUMBO BAG PINK VINTAGE PAISLEY,49168.02,25336,1640,505
22189,CREAM HEART CARD HOLDER,49132.21,16143,1313,537
22111,SCOTTIE DOG HOT WATER BOTTLE,48835.29,9559,1704,719
22469,HEART OF WICKER SMALL,48510.46,27668,2174,886
22457,NATURAL SLATE HEART CHALKBOARD ,46972.280000000006,15264,2077,874
21731,RED TOADSTOOL LED NIGHT LIGHT,46857.939999999995,27920,1561,416
21754,HOME BUILDING BLOCK WORD,46285.340000000004,7556,2086,682
21232,STRAWBERRY CERAMIC TRINKET BOX,46246.76,35847,2488,687
15056BL,EDWARDIAN PARASOL BLACK,46196.1,9291,869,322
21181,PLEASE ONE PERSON METAL SIGN,46025.270000000004,22752,1647,562
21623,VINTAGE UNION JACK MEMOBOARD,44902.979999999996,6109,543,313
21843,RED RETROSPOT CAKE STAND,44290.39,4143,1294,511
22326,ROUND SNACK BOXES SET OF4 WOODLAND ,43894.89,15325,1415,439
20727,LUNCH BAG  BLACK SKULL.,43876.32,25467,2396,706
84029E,RED WOOLLY HOTTIE WHITE HEART.,42666.54,10542,1156,502
82494L,WOODEN FRAME ANTIQUE WHITE ,42485.310000000005,14790,2010,631
22197,SMALL POPCORN HOLDER,42423.71,48234,1461,428
23298,SPOTTY BUNTING,42030.670000000006,8381,1153,571
48138,DOORMAT UNION FLAG,41994.54,6269,1002,468
22138,BAKING SET 9 PIECE RETROSPOT ,41829.060000000005,8507,2123,1152
21915,RED  HARMONICA IN BOX ,41673.54,35405,1040,467
22355,CHARLOTTE BAG SUKI DESIGN,41445.93,27381,1432,345
82482,WOODEN PICTURE FRAME WHITE FINISH,40769.45,16454,2036,601
20728,LUNCH BAG CARS BLUE,40592.3,23456,2110,702
20713,JUMBO BAG OWLS,40218.07,20562,1326,371
20725,LUNCH BAG RED RETROSPOT,40152.62,21636,1888,605
22502,PICNIC BASKET WICKER 60 PIECES,39619.5,61,2,1
21175,GIN + TONIC DIET METAL SIGN,38828.4,18143,1621,544
84078A,SET/4 WHITE RETRO STORAGE CUBES ,38657.310000000005,981,348,152
48194,DOORMAT HEARTS,38278.42,6007,1041,448
22629,SPACEBOY LUNCH BOX ,37829.65,20736,1382,456
22720,SET OF 3 CAKE TINS PANTRY DESIGN ,37378.79,7329,1458,640
22960,JAM MAKING SET WITH JARS,37367.32,8783,1247,583
85066,CREAM SWEETHEART MINI CHEST,37364.58,2989,987,475
21166,COOK WITH WINE METAL SIGN ,37171.63,19374,1442,476
20712,JUMBO BAG WOODLAND ANIMALS,37051.76,17459,1433,388
20726,LUNCH BAG WOODLAND,37008.79,21105,1966,586
23284,DOORMAT KEEP CALM AND COME IN,36532.39,5262,735,378
22699,ROSES REGENCY TEACUP AND SAUCER ,36387.55,12370,1473,524
22727,ALARM CLOCK BAKELIKE RED ,36228.77,9150,1395,474
20685,DOORMAT RED RETROSPOT,34656.74,4961,909,416
21755,LOVE BUILDING BLOCK WORD,34550.42,5595,1709,661
22379,RECYCLING BAG RETROSPOT ,34511.89,15698,1578,423
71477,COLOUR GLASS. STAR T-LIGHT HOLDER,34133.13,11557,817,299
22328,ROUND SNACK BOXES SET OF 4 FRUITS ,34110.06,12177,1179,400
22197,POPCORN HOLDER,33959.26,36322,839,296
21523,DOORMAT FANCY FONT HOME SWEET HOME,33426.21,5072,718,271
48187,DOORMAT NEW ENGLAND,33149.06,5284,822,389
22666,RECIPE BOX PANTRY YELLOW DESIGN,33027.07,10491,1727,701
22630,DOLLY GIRL LUNCH BOX,32849.83,17820,1354,424
22382,LUNCH BAG SPACEBOY DESIGN ,32662.12,19352,2129,776
22726,ALARM CLOCK BAKELIKE GREEN,32365.57,7606,1296,405
15036,ASSORTED COLOURS SILK FAN,32323.0,43463,1006,303
22385,JUMBO BAG SPACEBOY DESIGN,31708.06,16644,1262,412
22077,6 RIBBONS RUSTIC CHARM,31320.059999999998,17121,1766,686
22139,RETROSPOT TEA SET CERAMIC 11 PC ,31292.22,6118,1343,653
85152,HAND OVER THE CHOCOLATE   SIGN ,31292.190000000002,16272,1468,486
22865,HAND WARMER OWL DESIGN,31151.690000000002,14411,1226,566
82486,WOOD S/3 CABINET ANT WHITE FINISH,31075.39,3930,1111,320
23245,SET OF 3 REGENCY CAKE TINS,30697.050000000003,6255,910,472
21479,WHITE SKULL HOT WATER BOTTLE ,30402.62,6024,938,411
20679,EDWARDIAN PARASOL RED,29913.870000000003,6131,724,273
84946,ANTIQUE SILVER TEA GLASS ETCHED,29674.96,21898,1103,413
20725,LUNCH BAG RED SPOTTY,29569.92,17750,1247,499
48185,DOORMAT FAIRY CAKE,29541.33,4407,603,219
22697,GREEN REGENCY TEACUP AND SAUCER,29445.75,9441,1401,478
84029G,KNITTED UNION FLAG HOT WATER BOTTLE,29314.17,6770,1018,387
22501,PICNIC BASKET WICKER LARGE,29180.91,2509,802,346
23199,JUMBO BAG APPLES,29141.44,14185,999,344
47590B,PINK HAPPY BIRTHDAY BUNTING,29070.81,5681,882,429
22659,LUNCH BOX I LOVE LONDON,28988.86,15605,1095,293
22158,3 HEARTS HANGING DECORATION RUSTIC,28958.38,8903,733,375
21928,JUMBO BAG SCANDINAVIAN PAISLEY,28905.83,15827,896,333
22622,BOX OF VINTAGE ALPHABET BLOCKS,28890.76,2884,577,346
20914,SET/5 RED SPOTTY LID GLASS BOWLS,28726.72,10424,927,360
23355,HOT WATER BOTTLE KEEP CALM,28301.2,5720,790,474
22188,BLACK HEART CARD HOLDER,28092.28,10348,569,292
84978,HANGING HEART JAR T-LIGHT HOLDER,28058.24,21328,1476,525
22866,HAND WARMER SCOTTY DOG DESIGN,28007.370000000003,12643,1090,530
21977,PACK OF 60 PINK PAISLEY CAKE CASES,27964.43,55842,2004,768
82583,HOT BATHS METAL SIGN,27777.9,12770,1189,323
21212,PACK OF 72 RETROSPOT CAKE CASES,27531.08,47695,1725,774
20719,WOODLAND CHARLOTTE BAG,27491.6,24347,1593,365
22467,GUMBALL COAT RACK,27393.93,11574,1160,398
21930,JUMBO STORAGE BAG SKULLS,27356.59,13384,1327,386
82483,WOOD 2 DRAWER CABINET WHITE FINISH,27319.52,4595,1205,363
72741,GRAND CHOCOLATECANDLE,27150.16,19650,936,510
22624,IVORY KITCHEN SCALES,27068.530000000002,3158,1241,579
22492,MINI PAINT SET VINTAGE ,26873.54,42005,728,356
84991,60 TEATIME FAIRY CAKE CASES,26853.260000000002,53678,2141,822
23201,JUMBO BAG ALPHABET,26774.81,12772,920,396
22734,SET OF 6 RIBBONS VINTAGE CHRISTMAS,26677.05,9742,760,444
22961,JAM MAKING SET PRINTED,26443.829999999998,16908,1213,558
22752,SET 7 BABUSHKA NESTING BOXES,26378.25,3235,717,324
22386,JUMBO BAG PINK WITH WHITE SPOTS,26201.71,14181,810,358
22867,HAND WARMER BIRD DESIGN,25945.430000000004,11790,1061,521
20971,PINK BLUE FELT CRAFT TRINKET BOX,25841.65,19689,1160,490
20711,JUMBO BAG TOYS ,25648.82,12612,1067,326
22507,MEMO BOARD RETROSPOT  DESIGN,25485.36,5431,913,445
22551,PLASTERS IN TIN SPACEBOY,25477.719999999998,15154,1317,616
22835,HOT WATER BOTTLE I AM SO POORLY,25338.04,4894,1022,451
21485,RETROSPOT HEART HOT WATER BOTTLE,25299.11,5146,939,502
22090,PAPER BUNTING RETROSPOT,25280.91,8351,930,376
85099B,JUMBO BAG RED WHITE SPOTTY ,25032.82,14055,541,322
22149,FELTCRAFT 6 FLOWER FRIENDS,24974.57,12010,1404,685
22087,PAPER BUNTING WHITE LACE,24923.7,8316,858,314
37503,TEA TIME CAKE STAND IN GIFT BOX,24912.88,2414,533,257
22084,PAPER CHAIN KIT EMPIRE,24864.11,8692,815,464
84755,COLOUR GLASS T-LIGHT HOLDER HANGING,24789.780000000002,39710,1287,524
20724,RED RETROSPOT CHARLOTTE BAG,24786.04,20445,1277,391
48138,DOOR MAT UNION FLAG,24656.36,3759,677,389
23173,REGENCY TEAPOT ROSES ,24442.73,2714,429,248
22722,SET OF 6 SPICE TINS PANTRY DESIGN,24318.260000000002,5936,848,394
71459,HANGING JAM JAR T-LIGHT HOLDER,24186.01,29852,959,422
84836,ZINC METAL HEART DECORATION,24161.83,19745,1417,663
84077,WORLD WAR 2 GLIDERS ASSTD DESIGNS,24083.929999999997,104546,1032,482
22728,ALARM CLOCK BAKELIKE PINK,24058.56,6162,986,357
22090,PAPER BUNTING RETRO SPOTS,23860.84,7874,786,367
22383,LUNCH BAG SUKI  DESIGN ,23824.89,14303,1293,463
21212,PACK OF 72 RETRO SPOT CAKE CASES,23744.41,46079,1419,634
21231,SWEETHEART CERAMIC TRINKET BOX,23739.93,19105,1553,500
21481,FAWN BLUE HOT WATER BOTTLE,23547.55,7373,1065,441
23203,JUMBO BAG VINTAGE DOILY ,23458.44,10880,724,365
22698,PINK REGENCY TEACUP AND SAUCER,23443.870000000003,7853,1072,401
21790,VINTAGE SNAP CARDS,23343.5,27041,1900,793
47590A,BLUE HAPPY BIRTHDAY BUNTING,23286.210000000003,4564,698,355
23344,JUMBO BAG 50'S CHRISTMAS ,23285.11,10023,723,391
22605,WOODEN CROQUET GARDEN SET,23256.52,1814,656,377
20972,PINK CREAM FELT CRAFT TRINKET BOX ,23231.920000000002,18999,1407,568
82600,NO SINGING METAL SIGN,23012.97,11407,1159,375
23243,SET OF TEA COFFEE SUGAR TINS PANTRY,22943.87,4683,505,275
22607,WOODEN ROUNDERS GARDEN SET ,22772.99,2517,752,419
20914,SET/5 RED RETROSPOT LID GLASS BOWLS,22713.04,7848,1188,445
22625,RED KITCHEN SCALES,22612.350000000002,2610,979,441
22554,PLASTERS IN TIN WOODLAND ANIMALS,22610.569999999996,13429,1284,588
22171,3 HOOK PHOTO SHELF ANTIQUE WHITE,22497.36,2987,693,270
84406B,CREAM CUPID HEARTS COAT HANGER,22417.03,6913,853,320
21314,SMALL GLASS HEART TRINKET POT,22344.59,10198,1132,369
22556,PLASTERS IN TIN CIRCUS PARADE ,22157.53,13478,1215,591
20749,ASSORTED COLOUR MINI CASES,21995.86,3049,776,426
22113,GREY HEART HOT WATER BOTTLE,21904.13,5727,1002,489
22499,WOODEN UNION JACK BUNTING,21784.870000000003,3589,778,452
21791,VINTAGE HEADS AND TAILS CARD GAME ,21702.35,16532,1326,642
84970S,HANGING HEART ZINC T-LIGHT HOLDER,21689.059999999998,26319,1439,617
22585,PACK OF 6 BIRDY GIFT TAGS,21534.39,17164,1097,612
23202,JUMBO BAG VINTAGE LEAF,21367.97,10699,885,377
21524,DOORMAT SPOTTY HOME SWEET HOME,21357.65,2811,749,356
21213,PACK OF 72 SKULL CAKE CASES,21341.81,40174,1484,528
22969,HOMEMADE JAM SCENTED CANDLES,21316.19,14321,717,472
47566B,TEA TIME PARTY BUNTING,21312.99,4166,772,351
48184,DOORMAT ENGLISH ROSE ,21262.7,3235,534,268
22941,CHRISTMAS LIGHTS 10 REINDEER,21117.28,2541,509,316
22456,NATURAL SLATE CHALKBOARD LARGE ,21081.7,4312,887,386
22502,PICNIC BASKET WICKER SMALL,20824.38,3686,943,335
23206,LUNCH BAG APPLE DESIGN,20755.43,12088,1049,401
21218,RED SPOTTY BISCUIT TIN,20523.06,5177,924,313
85048,15CM CHRISTMAS GLASS BALL 20 LIGHTS,20505.780000000002,2592,567,316
22294,HEART FILIGREE DOVE  SMALL,20495.63,16564,868,414
22693,GROW A FLYTRAP OR SUNFLOWER IN TIN,20379.08,17803,352,197
22424,ENAMEL BREAD BIN CREAM,20316.44,1484,767,311
20723,STRAWBERRY CHARLOTTE BAG,20243.27,18109,1402,356
85150,LADIES & GENTLEMEN METAL SIGN,20172.77,8335,1122,369
48188,DOORMAT WELCOME PUPPIES,20137.55,3405,433,220
37449,CERAMIC CAKE STAND + HANGING CAKES,20099.15,2127,548,211
21258,VICTORIAN SEWING BOX LARGE,20026.41,1388,570,188
22083,PAPER CHAIN KIT RETRO SPOT,19954.79,7119,597,324
21622,VINTAGE UNION JACK CUSHION COVER,19724.09,3656,643,330
21174,POTTERING IN THE SHED METAL SIGN,19586.01,9692,1138,402
22139,RETRO SPOT TEA SET CERAMIC 11 PC ,19521.440000000002,4028,800,470
22568,FELTCRAFT CUSHION OWL,19519.81,5267,884,389
22570,FELTCRAFT CUSHION RABBIT,19436.77,5200,813,351
22617,BAKING SET SPACEBOY DESIGN,19399.440000000002,4009,1010,601
22413,METAL SIGN TAKE IT OR LEAVE IT ,19387.690000000002,6847,887,446
22558,CLOTHES PEGS RETROSPOT PACK 24 ,19382.46,13718,1217,541
22384,LUNCH BAG PINK POLKADOT,19256.21,11594,1303,509
21936,RED RETROSPOT PICNIC BAG,19226.27,6551,956,359
22083,PAPER CHAIN KIT RETROSPOT,19060.43,6069,817,379
21908,CHOCOLATE THIS WAY METAL SIGN,19058.780000000002,9646,978,382
84946,ANTIQUE SILVER T-LIGHT GLASS,19032.41,14348,712,349
22427,ENAMEL FLOWER JUG CREAM,18981.780000000002,3167,824,460
22569,FELTCRAFT CUSHION BUTTERFLY,18933.8,5176,789,361
22561,WOODEN SCHOOL COLOURING SET,18912.57,11233,916,556
21108,FAIRY CAKE FLANNEL ASSORTED COLOUR,18792.9,9803,617,326
22169,FAMILY ALBUM WHITE PICTURE FRAME,18766.4,2182,736,276
84947,ANTIQUE SILVER TEA GLASS ENGRAVED,18699.63,15773,692,313
22041,"RECORD FRAME 7"" SINGLE SIZE ",18546.920000000002,7498,560,101
21340,CLASSIC METAL BIRDCAGE PLANT HOLDER,18524.03,1696,433,250
22383,LUNCH BAG SUKI DESIGN ,18482.03,10158,1103,400
71053,WHITE METAL LANTERN,18276.7,4632,720,290
22555,PLASTERS IN TIN STRONGMAN,18257.32,11281,964,514
84949,SILVER HANGING T-LIGHT HOLDER,18222.0,11433,759,330
22061,LARGE CAKE STAND  HANGING STRAWBERY,18061.02,2057,583,223
21484,CHICK GREY HOT WATER BOTTLE,18013.190000000002,4534,868,367
22505,MEMO BOARD COTTAGE DESIGN,17940.58,3754,756,397
21430,SET/3 RED GINGHAM ROSE STORAGE BOX,17822.19,4559,836,323
22560,TRADITIONAL MODELLING CLAY,17670.510000000002,14661,746,420
84945,MULTI COLOUR SILVER T-LIGHT HOLDER,17604.98,21449,685,344
21914,BLUE HARMONICA IN BOX ,17575.36,12837,968,446
22633,HAND WARMER UNION JACK,17494.77,8502,867,473
84467,ENGLISH ROSE DESIGN QUILTED THROW,17397.76,814,84,40
22297,HEART IVORY TRELLIS SMALL,17358.87,13440,975,391
22557,PLASTERS IN TIN VINTAGE PAISLEY ,17289.1,10301,1135,580
23203,JUMBO BAG DOILEY PATTERNS,17222.93,8871,518,299
84970L,SINGLE HEART ZINC T-LIGHT HOLDER,17142.84,17364,1083,463
21136,PAINTED METAL PEARS ASSORTED,17122.079999999998,10271,743,449
84992,72 SWEETHEART FAIRY CAKE CASES,17084.52,34387,1467,614
21889,WOODEN BOX OF DOMINOES,16901.91,12651,1137,597
22847,BREAD BIN DINER STYLE IVORY,16875.44,1063,508,259
21559,STRAWBERRY LUNCH BOX WITH CUTLERY,16815.39,6752,1056,354
21928,JUMBO BAG SCANDINAVIAN BLUE PAISLEY,16760.11,8146,670,232
22147,FELTCRAFT BUTTERFLY HEARTS,16750.78,11924,1145,582
22652,TRAVEL SEWING KIT,16701.65,9856,841,440
22654,DELUXE SEWING KIT ,16664.87,2482,622,300
22273,FELTCRAFT DOLL MOLLY,16588.190000000002,5891,818,423
21164,HOME SWEET HOME METAL SIGN ,16561.510000000002,5959,726,356
22952,60 CAKE CASES VINTAGE CHRISTMAS,16529.11,27418,1044,520
22993,SET OF 4 PANTRY JELLY MOULDS,16393.48,12581,1082,431
21527,RED RETROSPOT TRADITIONAL TEAPOT ,16242.66,2235,639,284
72760B,VINTAGE CREAM 3 BASKET CAKE STAND,16238.68,1679,499,302
23301,GARDENERS KNEELING PAD KEEP CALM ,16158.449999999999,8693,924,405
22662,LUNCH BAG DOLLY GIRL DESIGN,16101.41,9883,1004,427
22296,HEART IVORY TRELLIS LARGE,16014.359999999999,9711,836,428
48173C,DOORMAT BLACK FLOCK ,15991.76,2839,323,167
20685,DOOR MAT RED SPOT,15853.44,2482,416,245
22759,SET OF 3 NOTEBOOKS IN PARCEL,15823.659999999998,9354,798,472
22690,DOORMAT HOME SWEET HOME BLUE ,15788.050000000001,2532,443,278
22487,WHITE WOOD GARDEN PLANT LADDER,15738.099999999999,1562,935,611
23313,VINTAGE CHRISTMAS BUNTING,15734.31,2977,403,254
84997D,PINK 3 PIECE MINI DOTS CUTLERY SET,15684.53,4333,452,239
22837,HOT WATER BOTTLE BABUSHKA ,15679.53,3361,438,210
84375,SET OF 20 KIDS COOKIE CUTTERS,15632.28,7515,802,389
22632,HAND WARMER RED RETROSPOT,15592.630000000001,7663,745,423
22619,SET OF 6 SOLDIER SKITTLES,15522.59,4065,712,419
35004C,SET OF 3 COLOURED  FLYING DUCKS,15447.58,2947,386,113
21891,TRADITIONAL WOODEN SKIPPING ROPE,15429.68,12054,851,483
48111,DOORMAT 3 SMILEY CATS,15421.83,2418,438,173
21843,RETRO SPOT CAKE STAND,15357.659999999998,1400,388,213
22749,FELTCRAFT PRINCESS CHARLOTTE DOLL,15350.6,3758,686,383
85014B,RED RETROSPOT UMBRELLA,15346.550000000001,2694,488,274
22193,RED DINER WALL CLOCK,15339.380000000001,1811,634,267
85014B,RED/WHITE DOTS RUFFLED UMBRELLA,15324.93,3443,424,250
84997B,RED 3 PIECE MINI DOTS CUTLERY SET,15313.1,4202,496,268
22692,DOORMAT WELCOME TO OUR HOME,15300.9,2000,615,293
84378,SET OF 3 HEART COOKIE CUTTERS,15272.38,11544,1257,601
21975,PACK OF 60 DINOSAUR CAKE CASES,15187.36,31237,1307,543
22940,FELTCRAFT CHRISTMAS FAIRY,15162.06,3452,593,392
21165,BEWARE OF THE CAT METAL SIGN ,15084.789999999999,9309,972,321
22170,PICTURE FRAME WOOD TRIPLE PORTRAIT,15063.37,2295,602,280
22634,CHILDS BREAKFAST SET SPACEBOY ,15040.25,1594,552,323
22173,METAL 4 HOOK HANGER FRENCH CHATEAU,15012.18,4880,1007,383
20750,RED RETROSPOT MINI CASES,14996.119999999999,2049,515,307
35970,ZINC FOLKART SLEIGH BELLS,14949.720000000001,8301,699,416
22909,SET OF 20 VINTAGE CHRISTMAS NAPKINS,14941.599999999999,16674,1098,578
21217,RED RETROSPOT ROUND CAKE TINS,14924.199999999999,1400,479,224
82582,AREA PATROLLED METAL SIGN,14869.600000000002,7350,804,258
21094,SET/6 RED SPOTTY PAPER PLATES,14838.789999999999,18871,989,330
21877,HOME SWEET HOME MUG,14777.93,12968,778,323
22635,CHILDS BREAKFAST SET DOLLY GIRL ,14681.56,1536,510,325
22946,WOODEN ADVENT CALENDAR CREAM,14670.27,950,289,154
22730,ALARM CLOCK BAKELIKE IVORY,14649.77,3644,760,289
21770,OPEN CLOSED METAL SIGN,14594.900000000001,2943,655,423
17003,BROCADE RING PURSE ,14550.64,69639,463,215
22485,SET OF 2 WOODEN MARKET CRATES,14512.09,1088,427,280
84997D,CHILDRENS CUTLERY POLKADOT PINK,14478.640000000001,3662,359,209
22606,WOODEN SKITTLES GARDEN SET,14451.24,1035,391,270
84050,PINK HEART SHAPE EGG FRYING PAN,14417.699999999999,9787,728,308
21912,VINTAGE SNAKES & LADDERS,14366.33,3660,833,447
21217,RED SPOTTY ROUND CAKE TINS,14360.539999999999,1454,478,278
21672,WHITE SPOT RED CERAMIC DRAWER KNOB,14329.83,11058,823,278
22352,LUNCH BOX WITH CUTLERY RETROSPOT ,14270.22,5648,900,316
20748,KENSINGTON COFFEE SET,14266.980000000001,1600,183,86
21169,YOU'RE CONFUSING ME METAL SIGN ,14208.039999999999,8823,781,278
22384,LUNCH BAG PINK RETROSPOT,14201.32,8788,826,375
84997C,BLUE 3 PIECE MINI DOTS CUTLERY SET,14164.89,3890,483,271
23200,JUMBO BAG PEARS,13945.33,6933,601,262
22627,MINT KITCHEN SCALES,13891.09,1593,674,322
84380,SET OF 3 BUTTERFLY COOKIE CUTTERS,13824.95,10186,1123,490
21668,RED STRIPE CERAMIC DRAWER KNOB,13805.75,10270,837,256
22295,HEART FILIGREE DOVE LARGE,13794.339999999998,8363,710,382
21257,VICTORIAN SEWING BOX MEDIUM,13763.18,1522,547,206
22444,GROW YOUR OWN PLANT IN A CAN ,13714.1,10021,465,249
21669,BLUE STRIPE CERAMIC DRAWER KNOB,13691.86,10472,818,262
21259,VICTORIAN SEWING BOX SMALL ,13688.27,2266,672,301
22621,TRADITIONAL KNITTING NANCY,13670.269999999999,8641,882,507
22366,DOORMAT AIRMAIL ,13665.62,2060,437,200
23077,DOUGHNUT LIP GLOSS ,13620.77,10335,347,217
48116,DOORMAT MULTICOLOUR STRIPE,13610.2,2348,260,112
21888,BINGO SET,13498.42,3428,838,445
22109,FULL ENGLISH BREAKFAST PLATE,13478.85,3261,661,205
23343,JUMBO BAG VINTAGE CHRISTMAS ,13467.03,5807,483,286
21390,FILIGRIS HEART WITH BUTTERFLY,13459.22,10862,592,280
47556B,TEA TIME TEA TOWELS ,13288.42,5045,452,209
23356,LOVE HOT WATER BOTTLE,13280.77,2350,478,316
23328,SET 6 SCHOOL MILK BOTTLES IN CRATE,13239.85,2833,410,195
35400,WOODEN BOX ADVENT CALENDAR ,13219.65,1344,464,249
21080,SET/20 RED RETROSPOT PAPER NAPKINS ,13212.84,15368,1184,493
15044A,PINK PAPER PARASOL ,13202.800000000001,4961,252,117
48187,DOOR MAT NEW ENGLAND,13179.880000000001,2020,466,253
C2,CARRIAGE,13136.0,261,274,45
21673,WHITE SPOT BLUE CERAMIC DRAWER KNOB,13128.44,9948,771,263
22271,FELTCRAFT DOLL ROSIE,13082.53,4562,794,400
22636,CHILDS BREAKFAST SET CIRCUS PARADE,13061.33,1574,513,313
21098,CHRISTMAS TOILET ROLL,13017.54,8318,602,270
21380,WOODEN HAPPY BIRTHDAY GARLAND,12991.62,4449,657,327
22207,FRYING PAN UNION FLAG,12973.82,3018,486,189
23108,SET OF 10 LED DOLLY LIGHTS,12972.92,2155,390,271
22356,CHARLOTTE BAG PINK POLKADOT,12968.77,10954,926,269
21955,DOORMAT UNION JACK GUNS AND ROSES,12960.19,2160,343,169
22900, SET 2 TEA TOWELS I LOVE LONDON ,12952.26,4024,462,203
21935,SUKI  SHOULDER BAG,12907.06,6996,925,234
22088,PAPER BUNTING COLOURED LACE,12878.830000000002,4324,624,267
22553,PLASTERS IN TIN SKULLS,12854.749999999998,7722,1101,507
22236,CAKE STAND 3 TIER MAGIC GARDEN,12844.269999999999,1032,468,253
84988,SET OF 72 PINK HEART PAPER DOILIES,12821.97,8241,1022,379
22580,ADVENT CALENDAR GINGHAM SACK,12809.28,2262,503,275
48129,DOORMAT TOPIARY,12768.38,2064,341,183
22846,BREAD BIN DINER STYLE RED ,12763.369999999999,795,363,189
21871,SAVE THE PLANET MUG,12762.7,10686,804,299
22776,SWEETHEART CAKESTAND 3 TIER,12742.98,1268,566,350
21704,BAG 250g SWIRLY MARBLES,12723.09,16473,575,287
22766,PHOTO FRAME CORNICE,12678.400000000001,4304,660,343
21216,"SET 3 RETROSPOT TEA,COFFEE,SUGAR",12677.21,2366,510,174
23207,LUNCH BAG ALPHABET DESIGN,12665.95,7382,753,377
21906,PHARMACIE FIRST AID TIN,12616.210000000001,1747,433,214
22464,HANGING METAL HEART LANTERN,12606.409999999998,7603,813,399
22365,DOORMAT RESPECTABLE HOUSE,12508.2,1951,324,146
22646,CERAMIC STRAWBERRY CAKE MONEY BANK,12499.71,8809,915,404
22947,WOODEN ADVENT CALENDAR RED,12482.88,996,220,124
62018,SOMBRERO ,12450.85,9567,127,70
22616,PACK OF 12 LONDON TISSUES ,12438.08,39279,829,319
22303,COFFEE MUG APPLES DESIGN,12365.18,5300,567,267
85014A,BLACK/BLUE DOTS RUFFLED UMBRELLA,12352.07,2965,303,184
22584,PACK OF 6 PANNETONE GIFT BOXES,12349.0,4806,575,408
75049L,LARGE CIRCULAR MIRROR MOBILE,12345.05,13065,397,106
21535,RED RETROSPOT SMALL MILK JUG,12317.039999999999,5003,845,381
22144,CHRISTMAS CRAFT LITTLE FRIENDS,12283.77,5087,709,394
21156,RETROSPOT CHILDRENS APRON,12185.6,6560,648,335
22631,CIRCUS PARADE LUNCH BOX ,12171.65,6239,670,270
22082,RIBBON REEL STRIPES DESIGN ,12140.9,7236,961,512
79323W, WHITE CHERRY LIGHTS,12108.86,2010,248,137
21671,RED SPOT CERAMIC DRAWER KNOB,12102.01,9318,747,267
22623,BOX OF VINTAGE JIGSAW BLOCKS ,12077.230000000001,2234,551,334
23174,REGENCY SUGAR BOWL GREEN,11997.230000000001,2967,339,192
21670,BLUE SPOT CERAMIC DRAWER KNOB,11974.4,8775,776,260
22301,COFFEE MUG CAT + BIRD DESIGN,11932.78,4936,672,274
84212,"ASSORTED FLOWER COLOUR ""LEIS""",11914.69,24722,278,140
22150,3 STRIPEY MICE FELTCRAFT,11883.619999999999,6362,817,445
21937,STRAWBERRY   PICNIC BAG,11869.72,4042,671,286
22192,BLUE DINER WALL CLOCK,11852.35,1395,559,263
21080,SET/20 RED SPOTTY PAPER NAPKINS ,11770.42,15057,950,483
84987,SET OF 36 TEATIME PAPER DOILIES,11766.449999999999,8068,818,406
22729,ALARM CLOCK BAKELIKE ORANGE,11733.11,2964,630,238
22488,NATURAL SLATE RECTANGLE CHALKBOARD,11707.21,6856,825,426
22750,FELTCRAFT PRINCESS LOLA DOLL,11660.1,3115,650,362
47567B,TEA TIME KITCHEN APRON,11607.220000000001,2153,356,180
21485,RED SPOT HEART HOT WATER BOTTLE,11601.36,2411,458,283
21428,SET3 BOOK BOX GREEN GINGHAM FLOWER ,11596.93,2841,474,228
20969,RED FLORAL FELTCRAFT SHOULDER BAG,11574.61,3092,615,285
23300,GARDENERS KNEELING PAD CUP OF TEA ,11554.39,6657,765,351
22804,CANDLEHOLDER PINK HANGING HEART,11536.640000000001,4041,602,325
21326,AGED GLASS SILVER T-LIGHT HOLDER,11527.560000000001,17668,654,307
22791,T-LIGHT GLASS FLUTED ANTIQUE,11519.69,9268,446,226
22943,CHRISTMAS LIGHTS 10 VINTAGE BAUBLES,11506.390000000001,2342,372,216
48185,DOOR MAT FAIRY CAKE,11503.83,1725,389,183
85042,ANTIQUE LILY FAIRY LIGHTS,11477.16,2526,354,146
22508,DOORSTOP RETROSPOT HEART,11464.45,2854,705,400
22663,JUMBO BAG DOLLY GIRL DESIGN,11398.99,5730,691,268
21260,FIRST AID TIN,11367.18,3451,541,305
23581,JUMBO BAG PAISLEY PARK,11357.07,4898,342,230
22637,PIGGY BANK RETROSPOT ,11320.92,4411,629,330
22151,PLACE SETTING WHITE HEART,11276.73,26647,723,361
21172,PARTY METAL SIGN ,11271.31,7609,979,420
22367,CHILDRENS APRON SPACEBOY DESIGN,11266.35,5687,862,451
21429,RED GINGHAM ROSE JEWELLERY BOX,11221.949999999999,6289,1016,419
22468,BABUSHKA LIGHTS STRING OF 10,11190.3,1678,419,196
15056P,EDWARDIAN PARASOL PINK,11137.87,2160,353,186
22649,STRAWBERRY FAIRY CAKE TEAPOT,11109.68,2220,529,198
22988,SOLDIERS EGG CUP ,11105.67,9251,454,207
22417,PACK OF 60 SPACEBOY CAKE CASES,11097.2,21337,1108,521
47591D,PINK FAIRY CAKE CHILDRENS APRON,11079.72,5940,756,393
22795,SWEETHEART RECIPE BOOK STAND,11056.86,1574,504,227
22620,4 TRADITIONAL SPINNING TOPS,11053.05,8166,846,449
22838,3 TIER CAKE TIN RED AND CREAM,11035.71,757,284,179
22191,IVORY DINER WALL CLOCK,11027.65,1314,517,283
21922,UNION STRIPE WITH FRINGE  HAMMOCK,11008.53,1418,395,204
22844,VINTAGE CREAM DOG FOOD CONTAINER,10963.34,1152,498,221
72351B,SET/6 PINK  BUTTERFLY T-LIGHTS,10963.29,5658,506,208
21210,SET OF 72 RETRO SPOT PAPER  DOILIES,10939.25,7664,558,292
22968,ROSE COTTAGE KEEPSAKE BOX ,10936.27,1101,320,183
47599A,PINK PARTY BAGS,10933.210000000001,5807,372,202
21868,POTTING SHED TEA MUG,10913.25,8868,910,377
21844,RED RETROSPOT MUG,10886.53,3859,358,195
20828,GLITTER BUTTERFLY CLIPS,10863.98,4393,612,261
22130,PARTY CONE CHRISTMAS DECORATION ,10854.509999999998,9554,432,301
21907,I'M ON HOLIDAY METAL SIGN,10822.12,5142,775,381
22198,LARGE POPCORN HOLDER ,10778.8,6147,607,213
37370,RETRO COFFEE MUGS ASSORTED,10763.87,7098,508,184
22834,HAND WARMER BABUSHKA DESIGN,10741.58,6577,600,297
23209,LUNCH BAG VINTAGE DOILY ,10737.8,6512,608,319
22668,PINK BABY BUNTING,10720.4,3520,585,296
22768,FAMILY PHOTO FRAME CORNICE,10689.519999999999,1120,381,243
22694,WICKER STAR ,10610.6,4713,866,484
21210,SET OF 72 RETROSPOT PAPER  DOILIES,10590.39,7303,613,314
22667,RECIPE BOX RETROSPOT ,10571.95,3773,703,340
22274,FELTCRAFT DOLL EMILY,10570.970000000001,3699,664,344
21524,DOOR MAT SPOTTY HOME SWEET HOME,10563.06,1773,287,170
21155,RED RETROSPOT PEG BAG,10547.5,3764,619,248
22655,VINTAGE RED KITCHEN CABINET,10524.5,64,63,46
21624,VINTAGE UNION JACK DOORSTOP,10512.4,1746,406,281
23209,LUNCH BAG DOILEY PATTERN ,10495.59,6547,496,290
48111,DOOR MAT 3 SMILEY CATS,10445.77,1816,287,125
21890,S/6 WOODEN SKITTLES IN COTTON BAG,10421.4,3480,554,336
21974,SET OF 36 PAISLEY FLOWER DOILIES,10420.699999999999,6906,819,355
22179,SET 10 LIGHTS NIGHT OWL,10416.98,1504,406,165
22812,PACK 3 BOXES CHRISTMAS PANNETONE,10406.0,4762,443,266
22302,COFFEE MUG PEARS  DESIGN,10398.1,4889,406,213
21982,PACK OF 12 SUKI TISSUES ,10385.05,32049,720,335
21833,CAMOUFLAGE LED TORCH,10384.17,6049,454,211
22064,PINK DOUGHNUT TRINKET POT ,10371.41,6470,732,213
21086,SET/6 RED SPOTTY PAPER CUPS,10359.17,15866,847,312
23208,LUNCH BAG VINTAGE LEAF DESIGN,10332.06,6235,672,305
21121,SET/10 RED POLKADOT PARTY CANDLES,10331.93,8558,489,301
22174,PHOTO CUBE,10295.13,5074,559,179
84997B,CHILDRENS CUTLERY RETROSPOT RED ,10294.36,2628,263,158
22740,POLKADOT PEN,10293.71,12049,275,142
48194,DOOR MAT HEARTS,10275.97,1706,319,188
22418,10 COLOUR SPACEBOY PEN,10220.529999999999,12082,595,331
20724,RED SPOTTY CHARLOTTE BAG,10151.34,11441,798,282
22089,PAPER BUNTING VINTAGE PAISLEY,10129.45,3469,555,290
84997C,CHILDRENS CUTLERY POLKADOT BLUE,10127.86,2576,235,151
22120,WELCOME  WOODEN BLOCK LETTERS,10126.59,999,374,198
22748,POPPY'S PLAYHOUSE KITCHEN,10125.7,4125,746,410
22966,GINGERBREAD MAN COOKIE CUTTER,10125.01,8214,734,422
22380,TOY TIDY SPACEBOY  ,10123.16,4921,698,300
21035,SET/2 RED RETROSPOT TEA TOWELS ,10119.46,3130,506,192
22725,ALARM CLOCK BAKELIKE CHOCOLATE,10111.17,2461,564,219
22970,LONDON BUS COFFEE MUG,10107.0,4318,320,180
21033,JUMBO BAG CHARLIE AND LOLA TOYS,10100.82,4579,575,163
21892,TRADITIONAL WOODEN CATCH CUP GAME ,10083.78,7772,829,450
22771,CLEAR DRAWER KNOB ACRYLIC EDWARDIAN,10079.58,7435,515,201
22950,36 DOILIES VINTAGE CHRISTMAS,10051.769999999999,7239,346,251
23170,REGENCY TEA PLATE ROSES ,10050.949999999999,6139,457,225
22381,TOY TIDY PINK POLKADOT,10033.56,4685,596,178
21558,SKULL LUNCH BOX WITH CUTLERY ,9991.59,3900,711,253
23582,VINTAGE DOILY JUMBO BAG RED ,9983.73,4681,262,186
21756,BATH BUILDING BLOCK WORD,9908.95,1606,584,327
23171,REGENCY TEA PLATE GREEN ,9905.74,6150,386,195
23076,ICE CREAM SUNDAE LIP GLOSS,9900.76,8048,279,202
22131,FOOD CONTAINER SET 3 LOVE HEART ,9885.789999999999,5227,696,277
22327,ROUND SNACK BOXES SET OF 4 SKULLS,9879.050000000001,3052,661,256
22904,CALENDAR PAPER CUT DESIGN,9869.150000000001,3145,466,269
84792,ENCHANTED BIRD COATHANGER 5 HOOK,9849.060000000001,2228,527,248
84880,WHITE WIRE EGG HOLDER,9816.09,1716,380,185
48184,DOOR MAT ENGLISH ROSE ,9793.86,1479,327,184
21488,RED WHITE SCARF  HOT WATER BOTTLE,9784.58,2384,359,216
79323P,PINK CHERRY LIGHTS,9766.58,1588,351,149
22745,POPPY'S PLAYHOUSE BEDROOM ,9737.34,3963,706,377
22300,COFFEE MUG DOG + BALL DESIGN,9730.75,4054,547,255
22549,PICTURE DOMINOES,9716.96,6520,712,403
22429,ENAMEL MEASURING JUG CREAM,9665.539999999999,2246,649,364
85232B,SET/3 RUSSIAN DOLL STACKING TINS,9662.04,1926,390,156
22645,CERAMIC HEART FAIRY CAKE MONEY BANK,9639.58,5354,753,339
23240,SET OF 4 KNICK KNACK TINS DOILY ,9614.83,2325,363,230
47570B,TEA TIME TABLE CLOTH,9600.970000000001,971,225,129
79000,MOROCCAN TEA GLASS,9588.01,11735,450,196
85099B,RED RETROSPOT JUMBO BAG ,9533.289999999999,5401,216,158
21781,MA CAMPAGNE CUTLERY BOX,9525.119999999999,611,382,150
22381,TOY TIDY PINK RETROSPOT  ,9523.23,4550,514,241
82552,WASHROOM METAL SIGN,9518.41,6948,797,346
35961,FOLKART ZINC HEART CHRISTMAS DEC,9513.929999999998,11429,638,262
16014,SMALL CHINESE STYLE SCISSOR,9513.1,29355,93,46
84997D,PINK 3 PIECE POLKADOT CUTLERY SET,9505.720000000001,2603,283,174
22665,RECIPE BOX BLUE SKETCHBOOK DESIGN,9459.890000000001,2919,727,326
82001S,VINYL RECORD FRAME SILVER,9423.11,2628,209,83
85014A,BLACK/BLUE POLKADOT UMBRELLA,9397.91,1650,383,239
20970,PINK FLORAL FELTCRAFT SHOULDER BAG,9376.04,2487,576,278
22840,ROUND CAKE TIN VINTAGE RED,9373.050000000001,1235,413,275
21716,BOYS VINTAGE TIN SEASIDE BUCKET,9371.57,3699,498,241
23175,REGENCY MILK JUG PINK ,9361.65,3080,340,206
21385,IVORY HANGING DECORATION  HEART,9353.84,10826,693,320
22978,PANTRY ROLLING PIN,9292.369999999999,2389,250,153
84692,BOX OF 24 COCKTAIL PARASOLS,9249.74,18903,1137,348
21539,RED RETROSPOT BUTTER DISH,9185.51,1814,572,236
22992,REVOLVER WOODEN RULER ,9180.59,4517,356,217
22219,LOVEBIRD HANGING DECORATION WHITE ,9176.59,9648,1155,384
20747,PICCADILLY TEA SET,9169.52,679,111,50
22357,KINGS CHOICE BISCUIT TIN,9154.41,2041,485,259
21745,GAOLERS KEYS DECORATIVE GARDEN ,9130.24,2680,489,236
22741,FUNKY DIVA PEN,9129.679999999998,10601,295,132
22121,NOEL WOODEN BLOCK LETTERS ,9120.01,1474,442,304
22767,TRIPLE PHOTO FRAME CORNICE ,9080.23,964,315,199
21933,PINK VINTAGE PAISLEY PICNIC BAG,9029.58,4095,632,294
23080,RED METAL BOX TOP SECRET,9026.87,1063,264,148
84030E,ENGLISH ROSE HOT WATER BOTTLE,8986.9,2109,489,255
22195,LARGE HEART MEASURING SPOONS,8977.289999999999,5024,811,322
23319,BOX OF 6 MINI 50'S CRACKERS,8974.560000000001,3604,409,300
21777,RECIPE BOX WITH METAL HEART,8956.26,1111,376,169
21985,PACK OF 12 HEARTS DESIGN TISSUES ,8940.789999999999,25415,922,493
22989,SET 2 PANTRY DESIGN TEA TOWELS,8921.27,2787,376,241
21658,GLASS  BEURRE DISH,8920.45,2135,572,166
21715,GIRLS VINTAGE TIN SEASIDE BUCKET,8917.49,3520,489,255
22141,CHRISTMAS CRAFT TREE TOP ANGEL,8861.61,3647,576,313
22371,AIRLINE BAG VINTAGE TOKYO 78,8859.92,1822,703,286
23439,HAND WARMER RED LOVE HEART,8855.51,3986,397,268
22942,CHRISTMAS LIGHTS 10 SANTAS ,8853.560000000001,1144,259,177
23318,BOX OF 6 MINI VINTAGE CRACKERS,8793.7,3641,383,270
20718,RED SPOTTY SHOPPER BAG,8746.84,7045,520,238
23322,LARGE WHITE HEART OF WICKER,8708.36,3006,572,350
84839,SWEETHEART KEY CABINET,8668.45,1511,403,219
20718,RED RETROSPOT SHOPPER BAG,8638.77,6250,702,281
22895,SET OF 2 TEA TOWELS APPLE AND PEARS,8630.79,2841,412,232
21735,TWO DOOR CURIO CABINET,8577.25,629,299,139
22839,3 TIER CAKE TIN GREEN AND CREAM,8572.369999999999,551,267,138
22212,FOUR HOOK  WHITE LOVEBIRDS,8558.300000000001,3984,843,324
22110,BIRD HOUSE HOT WATER BOTTLE,8553.56,2605,514,217
21186,WHITE DOVE HONEYCOMB PAPER GARLAND,8517.67,5262,370,187
84032A,CHARLIE+LOLA PINK HOT WATER BOTTLE,8512.0,3196,667,228
84997B,RED 3 PIECE RETROSPOT CUTLERY SET,8497.78,2318,267,169
23078,ICE CREAM PEN LIP GLOSS ,8493.34,6783,259,159
23493,VINTAGE DOILY TRAVEL SEWING KIT,8486.58,3958,418,282
23082,SET 6 PAPER TABLE LANTERN HEARTS ,8455.6,2300,303,205
21932,SCANDINAVIAN PAISLEY PICNIC BAG,8440.31,3837,653,315
22751,FELTCRAFT PRINCESS OLIVIA DOLL,8423.47,2258,468,269
85049E,SCANDINAVIAN REDS RIBBONS,8418.47,6288,834,434
48188,DOOR MAT WELCOME PUPPIES,8416.2,1457,272,147
22283,6 EGG HOUSE PAINTED WOOD,8389.99,1014,389,197
21135,VICTORIAN  METAL POSTCARD SPRING,8384.44,5657,411,251
23321,SMALL WHITE HEART OF WICKER,8374.189999999999,4677,633,378
22078,RIBBON REEL LACE DESIGN ,8370.14,3946,483,246
22079,RIBBON REEL HEARTS DESIGN ,8357.19,4967,689,397
22329,ROUND CONTAINER SET OF 5 RETROSPOT,8323.199999999999,5094,611,259
21411,GINGHAM HEART  DOORSTOP RED,8318.94,2082,627,358
22215,CAKE STAND WHITE TWO TIER LACE,8299.93,1023,389,247
20974,12 PENCILS SMALL TUBE SKULL,8288.74,12655,829,370
22628,PICNIC BOXES SET OF 3 RETROSPOT ,8234.15,1717,364,172
21523,DOOR MAT FANCY FONT HOME SWEET HOME,8231.31,1193,249,123
22358,KINGS CHOICE TEA CADDY ,8223.26,2590,618,295
21533,RETRO SPOT LARGE MILK JUG,8207.33,1656,537,266
23256,CHILDRENS CUTLERY SPACEBOY ,8179.67,1989,368,226
21934,SKULL SHOULDER BAG,8174.57,4536,727,164
21874,GIN AND TONIC MUG,8172.71,6303,629,211
84997C,BLUE 3 PIECE POLKADOT CUTLERY SET,8128.13,2240,243,160
22055,MINI CAKE STAND  HANGING STRAWBERY,8096.24,4879,743,254
82551,LAUNDRY 15C METAL SIGN,8073.44,5635,755,306
85049A,TRADITIONAL CHRISTMAS RIBBONS,8051.03,6100,673,387
21533,RETROSPOT LARGE MILK JUG,8032.540000000001,1621,452,256
20750,RED/WHITE DOT MINI CASES,8029.32,1128,258,172
20829,GLITTER HANGING BUTTERFLY STRING,8023.06,3726,495,207
22689,DOORMAT MERRY CHRISTMAS RED ,8012.72,1043,267,182
85067,CREAM SWEETHEART WALL CABINET,7999.54,485,186,112
21035,SET/2 RED SPOTTY TEA TOWELS ,7954.67,2657,428,192
22592,CARDHOLDER HOLLY WREATH METAL,7949.34,1978,306,207
21115,ROSE CARAVAN DOORSTOP,7949.09,1246,432,266
72807C,SET/3 VANILLA SCENTED CANDLE IN BOX,7922.79,1837,361,166
21787,RAIN PONCHO RETROSPOT,7913.11,9880,311,150
21121,SET/10 RED SPOTTY PARTY CANDLES,7898.27,6487,393,250
21116,OWL DOORSTOP,7895.06,1381,549,164
21122,SET/10 PINK POLKADOT PARTY CANDLES,7871.37,6470,424,261
22466,FAIRY TALE COTTAGE NIGHTLIGHT,7834.94,4314,284,147
22275,WEEKEND BAG VINTAGE ROSE PAISLEY,7832.83,941,317,169
22738,RIBBON REEL SNOWY VILLAGE,7805.57,4307,501,274
21875,KINGS CHOICE MUG,7800.55,6747,424,219
20685,DOORMAT RED SPOT,7765.42,1087,206,159
21976,PACK OF 60 MUSHROOM CAKE CASES,7762.12,14515,954,404
21531,RED RETROSPOT SUGAR JAM BOWL,7722.28,3130,601,268
23238,SET OF 4 KNICK KNACK TINS LONDON ,7706.01,1833,282,150
21110,LARGE CAKE TOWEL PINK SPOTS,7690.47,1634,332,173
21154,RED RETROSPOT OVEN GLOVE ,7688.33,5066,569,221
22504,CABIN BAG VINTAGE RETROSPOT,7662.78,354,123,55
23007, SPACEBOY BABY GIFT SET,7640.049999999999,492,187,110
21769,VINTAGE POST OFFICE CABINET,7635.07,119,52,43
20717,STRAWBERRY SHOPPER BAG,7630.23,6171,762,284
21381,MINI WOODEN HAPPY BIRTHDAY GARLAND,7618.29,4501,538,235
84568,GIRLS ALPHABET IRON ON PATCHES ,7607.0199999999995,36201,314,51
22333,RETROSPOT PARTY BAG + STICKER SET,7606.7699999999995,4797,424,210
23204,CHARLOTTE BAG APPLES DESIGN,7603.599999999999,7790,591,199
22165,"DIAMANTE HEART SHAPED WALL MIRROR, ",7584.4800000000005,967,278,82
22528,GARDENERS KNEELING PAD,7567.16,5779,559,284
22809,SET OF 6 T-LIGHTS SANTA,7532.72,2520,384,259
84032B,CHARLIE + LOLA RED HOT WATER BOTTLE,7530.35,3207,609,291
20685,RED SPOTTY COIR DOORMAT,7509.34,1166,209,132
21870,I CAN ONLY PLEASE ONE PERSON MUG,7506.24,5986,648,244
22784,LANTERN CREAM GAZEBO ,7478.14,1499,399,234
85064,CREAM SWEETHEART LETTER RACK,7472.86,1592,283,172
22669,RED BABY BUNTING ,7471.69,2331,440,263
22224,WHITE LOVEBIRD LANTERN,7463.040000000001,2351,407,234
22796,PHOTO FRAME 3 CLASSIC HANGING,7456.599999999999,747,341,201
22349,DOG BOWL CHASING BALL DESIGN,7447.37,1797,238,145
22489,PACK OF 12 TRADITIONAL CRAYONS,7419.79,17578,794,417
21527,RETRO SPOT TRADITIONAL TEAPOT ,7392.33,939,306,156
21216,"SET 3 RED SPOT TIN TEA,COFFEE,SUGAR",7380.04,1495,309,128
21737,SET 3 WICKER LOG BASKETS,7362.66,398,164,118
22890,NOVELTY BISCUITS CAKE STAND 3 TIER,7340.61,749,286,149
22550,HOLIDAY FUN LUDO,7339.64,1973,436,275
20676,RED RETROSPOT BOWL,7339.38,5750,550,227
82580,BATHROOM METAL SIGN,7329.030000000001,12954,1345,443
51008,AFGHAN SLIPPER SOCK PAIR,7324.75,2255,85,44
72351A,SET/6 TURQUOISE BUTTERFLY T-LIGHTS,7301.650000000001,3694,404,175
23382,BOX OF 6 CHRISTMAS CAKE DECORATIONS,7292.43,1858,223,136
22282,12 EGG HOUSE PAINTED WOOD,7279.19,559,218,92
21876,POTTERING MUG,7238.849999999999,5578,638,239
21114,LAVENDER SCENTED FABRIC HEART,7231.14,5606,499,359
22813,PACK 3 BOXES BIRD PANNETONE ,7210.04,3740,343,216
22798,ANTIQUE GLASS DRESSING TABLE POT,7182.6900000000005,2315,378,173
21361,LOVE LARGE WOOD LETTERS ,7159.54,540,299,183
22945,CHRISTMAS METAL TAGS ASSORTED ,7154.919999999999,7371,344,244
23240,SET OF 4 KNICK KNACK TINS DOILEY ,7153.740000000001,1796,189,142
22588,CARD HOLDER GINGHAM HEART,7148.07,2552,484,318
85065,CREAM SWEETHEART TRAYS,7146.64,584,266,163
21981,PACK OF 12 WOODLAND TISSUES ,7119.7699999999995,26173,555,282
22907,PACK OF 20 NAPKINS PANTRY DESIGN,7111.95,8442,836,445
21463,MIRRORED DISCO BALL ,7087.46,1276,328,171
48173C,DOOR MAT BLACK FLOCK ,7085.23,1232,182,109
48116,DOOR MAT MULTICOLOUR STRIPE,7078.28,1102,239,114
22465,HANGING METAL STAR LANTERN,7066.589999999999,4377,481,270
22626,BLACK KITCHEN SCALES,7056.9800000000005,830,350,200
22577,WOODEN HEART CHRISTMAS SCANDINAVIAN,7040.879999999999,13886,833,516
21625,VINTAGE UNION JACK APRON,7037.62,984,334,186
23083,SET 6 PAPER TABLE LANTERN STARS ,7036.7300000000005,1869,249,162
23320,GIANT 50'S CHRISTMAS CRACKER,7016.0,2648,335,260
22360,GLASS JAR ENGLISH CONFECTIONERY,7011.05,2322,467,208
21984,PACK OF 12 PINK PAISLEY TISSUES ,6982.67,25207,437,257
21497,FANCY FONTS BIRTHDAY WRAP,6978.0,17500,485,330
23293,SET OF 12 FAIRY CAKE BAKING CASES,6962.98,8439,557,323
22498,WOODEN REGATTA BUNTING,6933.740000000001,1147,382,211
21700,BIG DOUGHNUT FRIDGE MAGNETS,6925.66,6214,531,188
22656,VINTAGE BLUE KITCHEN CABINET,6921.5,32,49,33
22563,HAPPY STENCIL CRAFT,6920.1,5939,535,293
22029,SPACEBOY BIRTHDAY CARD,6906.44,16719,1036,405
84997A,GREEN 3 PIECE MINI DOTS CUTLERY SET,6899.900000000001,1905,241,155
22243,5 HOOK HANGER RED MAGIC TOADSTOOL,6896.999999999999,4493,221,112
22567,20 DOLLY PEGS RETROSPOT,6894.38,5512,516,287
21122,SET/10 PINK SPOTTY PARTY CANDLES,6882.16,5666,387,262
21903,MAN FLU METAL SIGN,6875.77,3420,411,231
37450,CERAMIC CAKE BOWL + HANGING CAKES,6829.9400000000005,2372,418,139
21563,RED HEART SHAPE LOVE BUCKET ,6823.660000000001,2767,371,180
23215,JINGLE BELL HEART ANTIQUE SILVER,6823.6,3444,211,162
22644,CERAMIC CHERRY CAKE MONEY BANK,6815.429999999999,4751,630,305
84997A,CHILDRENS CUTLERY POLKADOT GREEN ,6814.47,1715,189,115
22377,BOTTLE BAG RETROSPOT ,6803.3099999999995,3558,440,200
22378,WALL TIDY RETROSPOT ,6795.01,3734,552,167
22938,CUPCAKE LACE PAPER SET 6,6774.249999999999,3627,277,237
20973,12 PENCIL SMALL TUBE WOODLAND,6769.400000000001,9856,662,311
23297,SET 40 HEART SHAPE PETIT FOUR CASES,6749.33,4277,165,123
23541,WALL ART CLASSIC PUDDINGS ,6746.21,862,151,96
22431,WATERING CAN BLUE ELEPHANT,6736.419999999999,3357,632,269
37448,CERAMIC CAKE DESIGN SPOTTED MUG,6729.349999999999,4483,554,198
21768,WALL MOUNTED VINTAGE ORGANISER,6728.389999999999,495,165,95
21992,VINTAGE PAISLEY STATIONERY SET,6727.1,3314,657,242
22311,OFFICE MUG WARMER BLACK+SILVER ,6722.06,2106,304,120
22781,GUMBALL MAGAZINE RACK,6693.83,816,322,160
48129,DOOR MAT TOPIARY,6681.38,1043,207,114
22746,POPPY'S PLAYHOUSE LIVINGROOM ,6674.05,2898,566,319
23254,CHILDRENS CUTLERY DOLLY GIRL ,6670.71,1647,299,197
37500,TEA TIME TEAPOT IN GIFT BOX,6667.49,868,272,147
22354,RETROSPOT PADDED SEAT CUSHION,6664.74,1734,228,125
85014D,PINK/BROWN DOTS RUFFLED UMBRELLA,6664.45,1918,90,73
23480,MINI LIGHTS WOODLAND MUSHROOMS,6651.04,1779,217,143
22187,GREEN CHRISTMAS TREE CARD HOLDER,6629.25,2055,378,232
21107,CREAM SLICE FLANNEL PINK SPOT ,6624.77,2302,313,167
85068,CREAM SWEETHEART SHELF + HOOKS,6617.4400000000005,956,201,130
22661,CHARLOTTE BAG DOLLY GIRL DESIGN,6607.11,8183,637,246
22432,WATERING CAN PINK BUNNY,6601.719999999999,3471,519,261
23008,DOLLY GIRL BABY GIFT SET,6600.959999999999,426,137,99
22430,ENAMEL WATERING CAN CREAM,6589.43,1369,371,230
85174,S/4 CACTI CANDLES,6585.81,1318,367,126
22221,CAKE STAND LOVEBIRD 2 TIER PINK,6582.929999999999,893,165,110
23247,BISCUIT TIN 50'S CHRISTMAS,6562.71,2148,314,231
22810,SET OF 6 T-LIGHTS SNOWMEN,6559.530000000001,2135,331,213
22575,METAL MERRY CHRISTMAS WREATH,6539.21,3019,337,207
22526,WHEELBARROW FOR CHILDREN ,6536.67,534,217,153
22779,WOODEN OWLS LIGHT GARLAND ,6520.85,1709,200,112
23229,VINTAGE DONKEY TAIL GAME ,6509.28,1804,257,183
16156S,WRAP PINK FAIRY CAKES ,6497.3,16515,422,271
21201,TROPICAL  HONEYCOMB PAPER GARLAND ,6484.01,2728,237,109
47502,POLKADOT CUTLERY 24 PCS IN TRAY,6467.8,603,86,41
22493,PAINT YOUR OWN CANVAS SET,6465.419999999999,3972,405,233
20975,12 PENCILS SMALL TUBE RED RETROSPOT,6461.88,9704,540,317
23311,VINTAGE CHRISTMAS STOCKING ,6449.95,2375,348,246
35004B,SET OF 3 BLACK FLYING DUCKS,6445.0,1381,299,66
23553,LANDMARK FRAME CAMDEN TOWN ,6444.65,568,68,50
21494,ROTATING LEAVES T-LIGHT HOLDER,6444.0,3829,503,147
22596,CHRISTMAS STAR WISH LIST CHALKBOARD,6437.08,6302,446,309
23134,LARGE ZINC HEART WALL ORGANISER,6431.110000000001,1065,38,29
22142,CHRISTMAS CRAFT WHITE FAIRY ,6419.29,4294,509,338
22991,GIRAFFE WOODEN RULER,6418.99,3173,280,185
23103,JINGLE BELL HEART DECORATION,6412.959999999999,3792,359,224
23571,TRADITIONAL NAUGHTS & CROSSES,6406.91,2841,257,195
22414,DOORMAT NEIGHBOURHOOD WITCH ,6403.5,1094,175,74
15060B,FAIRY CAKE DESIGN UMBRELLA,6402.76,1404,456,175
22220,CAKE STAND LOVEBIRD 2 TIER WHITE,6399.74,694,297,195
22845,VINTAGE CREAM CAT FOOD CONTAINER,6394.86,942,396,185
21989,PACK OF 20 SKULL PAPER NAPKINS,6381.259999999999,7928,657,265
22148,EASTER CRAFT 4 CHICKS ,6378.89,3185,305,209
85175,CACTI T-LIGHT CANDLES,6357.44,14937,454,200
85062,PEARL CRYSTAL PUMPKIN T-LIGHT HLDR,6349.009999999999,3877,347,172
47591D,PINK FAIRY CAKE CHILD'S APRON,6339.17,3438,389,232
21242,RED RETROSPOT PLATE ,6333.69,3699,373,180
22900,SET 2 TEA TOWELS I LOVE LONDON ,6329.18,1916,272,112
23307,SET OF 60 PANTRY DESIGN CAKE CASES ,6323.490000000001,11961,634,366
47599B,BLUE PARTY BAGS ,6318.58,3286,290,170
79067,CORONA MEXICAN TRAY,6317.5,1598,405,160
22783,SET 3 WICKER OVAL BASKETS W LIDS,6316.3,482,45,38
11001,ASSTD DESIGN RACING CAR PEN,6315.26,4018,262,119
84520B,PACK 20 ENGLISH ROSE PAPER NAPKINS,6311.42,7378,723,327
21746,SMALL RED RETROSPOT WINDMILL,6309.4,5079,420,203
22063,CERAMIC BOWL WITH STRAWBERRY DESIGN,6309.26,2287,366,143
22979,PANTRY WASHING UP BRUSH,6274.2699999999995,3999,386,225
22460,EMBOSSED GLASS TEALIGHT HOLDER,6251.75,4745,385,206
22578,WOODEN STAR CHRISTMAS SCANDINAVIAN,6245.549999999999,13097,769,482
84884A,ANT WHITE WIRE HEART SPIRAL,6244.33,1707,313,195
47559B,TEA TIME OVEN GLOVE,6244.19,5062,707,304
22072,RED RETROSPOT TEA CUP AND SAUCER ,6240.92,1673,392,167
22065,CHRISTMAS PUDDING TRINKET POT ,6219.07,8608,473,249
22185,SLATE TILE NATURAL HANGING,6218.119999999999,3892,466,299
85047,WHITE BEADED GARLAND STRING 20LIGHT,6213.629999999999,977,279,151
20754,RETRO RED SPOTTY WASHING UP GLOVES,6193.1900000000005,3107,425,213
22364,GLASS JAR DIGESTIVE BISCUITS,6191.71,1951,375,164
23172,REGENCY TEA PLATE PINK,6190.11,3759,314,160
21078,SET/20 STRAWBERRY PAPER NAPKINS ,6179.549999999999,7209,742,342
21124,SET/10 BLUE POLKADOT PARTY CANDLES,6144.59,5079,311,227
22582,PACK OF 6 SWEETIE GIFT BOXES,6141.17,2444,299,225
22222,CAKE PLATE LOVEBIRD WHITE,6136.09,1484,406,203
22906,12 MESSAGE CARDS WITH ENVELOPES,6126.179999999999,3309,447,274
84832,ZINC WILLIE WINKIE  CANDLE STICK,6124.5,6793,635,281
82486,3 DRAWER ANTIQUE WHITE WOOD CABINET,6121.79,693,207,130
21714,CITRONELLA CANDLE GARDEN POT,6112.29,4213,533,230
23192,BUNDLE OF 3 ALPHABET EXERCISE BOOKS,6109.289999999999,3513,347,224
22196,SMALL HEART MEASURING SPOONS,6094.95,6529,990,303
22898,CHILDRENS APRON APPLES DESIGN,6077.8,2876,446,249
22780,LIGHT GARLAND BUTTERFILES PINK,6061.34,1598,187,110
10002,INFLATABLE POLITICAL GLOBE ,6058.71,7448,369,164
22739,RIBBON REEL CHRISTMAS SOCK BAUBLE,6035.94,3191,557,296
22435,SET OF 9 HEART SHAPED BALLOONS,6030.47,4776,541,303
20751,FUNKY WASHING UP GLOVES ASSORTED,6016.960000000001,2836,474,265
21918,SET 12 KIDS COLOUR  CHALK STICKS,5995.08,14555,797,369
23534,WALL ART STOP FOR TEA ,5994.55,862,220,132
21980,PACK OF 12 RED SPOTTY TISSUES ,5974.849999999999,22697,272,186
21124,SET/10 BLUE SPOTTY PARTY CANDLES,5966.95,4901,321,242
22331,WOODLAND PARTY BAG + STICKER SET,5965.37,3633,445,227
22855,FINE WICKER HEART ,5964.24,4783,428,271
23312,VINTAGE CHRISTMAS GIFT SACK,5960.0,1422,215,168
23296,SET OF 6 TEA TIME BAKING CASES,5951.8,4952,384,243
23535,WALL ART BICYCLE SAFETY,5948.2,844,174,102
23052,RECYCLED ACAPULCO MAT TURQUOISE,5941.09,653,279,147
21591,COSY HOUR CIGAR BOX MATCHES ,5935.58,3924,367,264
21586,KINGS CHOICE GIANT TUBE MATCHES,5924.4,2546,242,172
23118,PARISIENNE JEWELLERY DRAWER ,5922.18,789,275,154
21407,BROWN CHECK CAT DOORSTOP ,5874.83,1292,455,231
21561,DINOSAUR LUNCH BOX WITH CUTLERY,5866.36,2397,413,208
22772,PINK DRAWER KNOB ACRYLIC EDWARDIAN,5866.17,4338,316,105
22348,TEA BAG PLATE RED SPOTTY ,5862.79,7042,468,214
22332,SKULLS PARTY BAG + STICKER SET,5851.249999999999,3700,387,233
22278,OVERNIGHT BAG VINTAGE ROSE PAISLEY,5842.21,995,395,166
22849,BREAD BIN DINER STYLE MINT,5840.179999999999,374,167,98
22491,PACK OF 12 COLOURED PENCILS,5815.719999999999,7243,393,264
22971,QUEENS GUARD COFFEE MUG,5811.64,2415,277,165
23169,CLASSIC GLASS COOKIE JAR,5804.24,1350,335,192
85038,6 CHOCOLATE LOVE HEART T-LIGHTS,5803.580000000001,2778,382,191
22361,GLASS JAR DAISY FRESH COTTON WOOL,5803.41,1773,530,189
22848,BREAD BIN DINER STYLE PINK,5792.65,360,158,74
22660,DOORMAT I LOVE LONDON,5791.71,875,195,96
22687,DOORMAT CHRISTMAS VILLAGE,5784.67,895,149,97
79323LP,LIGHT PINK CHERRY LIGHTS,5778.39,975,229,119
22737,RIBBON REEL CHRISTMAS PRESENT ,5774.43,3226,495,300
21832,CHOCOLATE CALCULATOR,5767.459999999999,3296,464,205
ADJUST,Adjustment by john on 26/01/2010 17,5762.96,6,26,19
22618,COOKING SET RETROSPOT,5758.28,587,282,182
20979,36 PENCILS TUBE RED RETROSPOT,5757.2,4551,454,214
85132C,CHARLIE AND LOLA FIGURES TINS,5739.54,2050,308,144
22964,3 PIECE SPACEBOY COOKIE CUTTER SET,5739.43,2747,415,229
21667,GLASS CAKE COVER AND PLATE,5732.5,329,175,119
23154,SET OF 4 JAM JAR MAGNETS,5716.0,2640,238,141
21498,RED RETROSPOT WRAP ,5715.42,14001,442,300
22441,GROW YOUR OWN BASIL IN ENAMEL MUG,5708.570000000001,2635,478,295
22241,GARLAND WOODEN HAPPY EASTER,5706.22,4226,468,234
22826,LOVE SEAT ANTIQUE WHITE METAL,5692.5,54,45,33
22115,METAL SIGN EMPIRE TEA,5692.150000000001,2888,501,244
85178,VICTORIAN SEWING KIT,5686.67,5177,319,177
21577,SAVE THE PLANET COTTON TOTE BAG,5680.5199999999995,2540,469,242
21313,GLASS HEART T-LIGHT HOLDER ,5660.96,6553,430,173
22841,ROUND CAKE TIN VINTAGE GREEN,5660.820000000001,727,317,215
22045,SPACEBOY GIFT WRAP,5612.04,13662,451,279
20676,RED SPOTTY BOWL,5609.51,4589,430,212
21452,TOADSTOOL MONEY BOX,5607.280000000001,1833,428,228
84968B,S/16 VINTAGE IVORY CUTLERY,5604.91,422,131,50
22854,CREAM SWEETHEART EGG HOLDER,5594.8,1154,250,169
84997A,GREEN 3 PIECE POLKADOT CUTLERY SET,5587.63,1539,165,107
21703,BAG 125g SWIRLY MARBLES,5574.650000000001,14406,570,293
23531,WALL ART BIG LOVE ,5538.26,976,112,77
22653,BUTTON BOX ,5532.41,2987,385,156
21749,LARGE RED SPOT WINDMILL,5529.72,2933,53,30
22899,CHILDREN'S APRON DOLLY GIRL ,5528.5,2660,410,237
21900,"KEY FOB , SHED",5525.89,8320,839,361
23133,LARGE IVORY HEART WALL ORGANISER,5517.15,781,156,94
21242,RED SPOTTY PLATE ,5513.0599999999995,3344,290,160
22060,LARGE CAKE STAND HANGING HEARTS,5504.71,707,170,112
84971S,SMALL HEART FLOWERS HOOK ,5491.61,6487,461,181
40016,CHINESE DRAGON PAPER LANTERNS,5487.3099999999995,15435,244,133
22073,RED RETROSPOT STORAGE JAR,5485.32,1368,340,173
23583,LUNCH BAG PAISLEY PARK  ,5480.83,3375,326,233
23177,TREASURE ISLAND BOOK BOX,5476.29,2512,272,174
82599,FANNY'S REST STOPMETAL SIGN,5472.68,2501,509,185
21528,DAIRY MAID TRADITIONAL TEAPOT ,5466.75,867,280,146
72802C,VANILLA SCENT CANDLE JEWELLED BOX,5463.5,1678,274,145
21988,PACK OF 6 SKULL PAPER PLATES,5451.46,7253,417,209
22437,SET OF 9 BLACK SKULL BALLOONS,5444.37,6520,447,258
23485,BOTANICAL GARDENS WALL CLOCK ,5436.52,244,96,70
20677,PINK POLKADOT BOWL,5431.820000000001,4194,415,164
85061W,WHITE JEWELLED HEART DECORATION,5430.24,6281,473,201
16161P,WRAP ENGLISH ROSE ,5424.9,13173,441,289
79029,GLASS HONEYPOT WASP CATCHER,5424.469999999999,2917,356,201
21955,DOOR MAT UNION JACK GUNS AND ROSES,5424.01,795,232,115
23135,SMALL ZINC HEART WALL ORGANISER,5416.18,1541,45,31
20978,36 PENCILS TUBE SKULLS,5416.07,4099,559,253
22203,MILK PAN RED RETROSPOT,5413.26,1389,405,167
84509A,SET OF 4 ENGLISH ROSE PLACEMATS,5393.86,1393,376,167
22483,RED GINGHAM TEDDY BEAR ,5390.360000000001,1866,356,223
23158,SET OF 5 LUCKY CAT MAGNETS ,5389.03,2573,258,96
22085,PAPER CHAIN KIT SKULLS ,5382.12,1953,234,141
21730,GLASS STAR FROSTED T-LIGHT HOLDER,5361.62,1080,313,159
22763,KEY CABINET MA CAMPAGNE,5360.9400000000005,655,139,95
22350,ILLUSTRATED CAT BOWL ,5359.65,1896,214,107
84937,KASHMIR FOLKART TUMBLERS,5356.740000000001,2524,126,50
22156,HEART DECORATION WITH PEARLS ,5354.16,5939,608,259
22443,GROW YOUR OWN HERBS SET OF 3,5353.68,678,268,193
22335,HEART DECORATION PAINTED ZINC ,5351.820000000001,8171,521,244
22534,MAGIC DRAWING SLATE SPACEBOY ,5335.45,12527,584,349
22827,RUSTIC  SEVENTEEN DRAWER SIDEBOARD,5330.0,34,33,25
35832,WOOLLY HAT SOCK GLOVE ADVENT STRING,5328.300000000001,1734,191,134
22595,CHRISTMAS GINGHAM HEART,5326.23,6252,384,262
21041,RED RETROSPOT OVEN GLOVE DOUBLE,5307.51,1373,356,142
21432,SET OF 3 CASES WOODLAND DESIGN,5306.56,919,246,152
20682,RED RETROSPOT CHILDRENS UMBRELLA,5299.5199999999995,1566,356,193
21491,SET OF THREE VINTAGE GIFT WRAPS,5267.5599999999995,2827,253,185
23205,CHARLOTTE BAG VINTAGE ALPHABET ,5265.63,5266,453,192
22186,RED STAR CARD HOLDER,5249.1,1934,353,234
37495,FAIRY CAKE BIRTHDAY CANDLE SET,5239.4,1418,363,208
21155,RED SPOTTY PEG BAG,5232.900000000001,2638,375,180
72756,FAIRY CAKE CANDLES,5220.18,3834,129,112
37446,MINI CAKE STAND WITH HANGING CAKES,5210.55,3597,436,168
22117,METAL SIGN HER DINNER IS SERVED ,5204.78,1764,231,142
21363,HOME SMALL WOOD LETTERS,5203.83,965,410,225
21993,FLORAL FOLK STATIONERY SET,5201.88,2837,578,208
22951,60 CAKE CASES DOLLY GIRL DESIGN,5197.72,9810,615,328
22998,TRAVEL CARD WALLET KEEP CALM,5188.48,12189,545,218
21718,RED METAL BEACH SPADE ,5185.3,3978,472,223
22476,EMPIRE UNION JACK TV DINNER TRAY,5169.11,1323,272,145
21587,COSY HOUR GIANT TUBE MATCHES,5157.75,2065,261,207
22030,SWALLOWS GREETING CARD,5147.44,12615,688,353
22894,TABLECLOTH RED APPLES DESIGN ,5143.78,559,193,125
23162,REGENCY TEA STRAINER,5143.6900000000005,1412,176,96
22801,ANTIQUE GLASS PEDESTAL BOWL,5139.56,1263,320,174
22412,METAL SIGN NEIGHBOURHOOD WITCH ,5136.620000000001,2399,403,166
21872,GLAMOROUS  MUG,5122.33,5057,335,169
85132A,CHARLIE + LOLA BISCUITS TINS,5118.32,1343,255,98
23132,SMALL IVORY HEART WALL ORGANISER,5115.6,1016,155,115
22218,CAKE STAND LACE WHITE,5114.91,1169,277,143
22595,GINGHAM HEART DECORATION,5114.41,6139,413,251
22472,TV DINNER TRAY DOLLY GIRL,5105.87,1098,254,130
21498,RED SPOTS  WRAP ,5094.5,12650,364,263
22244,3 HOOK HANGER MAGIC GARDEN,5089.61,2715,232,90
23263,SET OF 3 WOODEN HEART DECORATIONS,5088.44,3816,450,269
21471,STRAWBERRY RAFFIA FOOD COVER,5080.63,1402,322,165
22610,PENS ASSORTED FUNNY FACE,5076.94,12644,288,157
22374,AIRLINE BAG VINTAGE JET SET RED,5076.49,1024,437,226
22775,PURPLE DRAWERKNOB ACRYLIC EDWARDIAN,5072.53,3539,287,98
22168,ORGANISER WOOD ANTIQUE WHITE ,5068.78,612,342,249
23295,SET OF 12 MINI LOAF BAKING CASES,5062.66,6121,449,250
22571,ROCKING HORSE RED CHRISTMAS ,5055.07,5671,514,294
22433,WATERING CAN GREEN DINOSAUR,5051.73,2709,421,207
21578,WOODLAND DESIGN  COTTON TOTE BAG,5040.36,2195,383,186
23397,FOOT STOOL HOME SWEET HOME ,5037.95,483,222,139
23234,BISCUIT TIN VINTAGE CHRISTMAS,5033.54,1922,283,201
21544,SKULLS  WATER TRANSFER TATTOOS ,5031.8099999999995,6040,506,229
22175,PINK OWL SOFT TOY,5009.910000000001,1720,365,160
22426,ENAMEL WASH BOWL CREAM,5003.6,1323,387,182
84796B,BLUE SAVANNAH PICNIC HAMPER FOR 2,4999.79,600,180,28
23310,BUBBLEGUM RING ASSORTED,4997.28,12050,245,146
23543,WALL ART KEEP CALM ,4994.790000000001,967,83,64
23165,LARGE CERAMIC TOP STORAGE JAR,4986.5599999999995,3012,298,167
21071,VINTAGE BILLBOARD DRINK ME MUG,4984.65,4257,476,163
48189,DOORMAT FRIENDSHIP ,4982.54,844,97,52
23126,FELTCRAFT GIRL AMELIE KIT,4979.9400000000005,991,281,187
20977,36 PENCILS TUBE WOODLAND,4974.99,3716,490,242
23198,PANTRY MAGNETIC  SHOPPING LIST,4969.8,3278,489,259
23494,VINTAGE DOILY DELUXE SEWING KIT ,4967.26,744,216,145
22180,RETRO SPOT LAMP,4955.469999999999,490,210,128
23314,VINTAGE CHRISTMAS TABLECLOTH,4950.46,402,119,87
22842,BISCUIT TIN VINTAGE RED,4943.83,762,246,177
22957,SET 3 PAPER VINTAGE CHICK PAPER EGG,4942.75,1749,218,179
47568,ENGLISH ROSE DESIGN PEG BAG,4938.05,2362,416,180
23570,TRADITIONAL PICK UP STICKS GAME ,4931.87,2772,276,203
46000S,POLYESTER FILLER PAD 40x40cm,4931.45,5191,395,240
22318,FIVE HEART HANGING DECORATION,4924.9800000000005,1563,396,204
23556,LANDMARK FRAME COVENT GARDEN ,4924.51,435,54,46
21896,POTTING SHED TWINE,4915.39,2373,295,187
21713,CITRONELLA CANDLE FLOWERPOT,4912.4400000000005,2605,410,232
21207,SKULL AND CROSSBONES  GARLAND ,4888.169999999999,3112,286,167
22632,HAND WARMER RED POLKA DOT,4876.2,2592,46,28
23503,PLAYING CARDS KEEP CALM & CARRY ON,4858.05,3641,337,284
22604,SET OF 4 NAPKIN CHARMS CUTLERY,4850.5199999999995,1975,247,160
22509,SEWING BOX RETROSPOT DESIGN ,4842.3099999999995,368,192,142
22276,WASH BAG VINTAGE ROSE PAISLEY,4841.96,1872,379,215
23010,CIRCUS PARADE BABY GIFT SET,4828.75,312,113,73
22243,"HOOK, 5 HANGER ,MAGIC TOADSTOOL RED",4821.349999999999,3099,181,98
23554,LANDMARK FRAME OXFORD STREET,4805.53,422,57,49
22242,"HOOK, 5 HANGER , MAGIC TOADSTOOL",4784.4,2975,262,141
23555,LANDMARK FRAME NOTTING HILL ,4780.57,421,50,45
23351,ROLL WRAP 50'S CHRISTMAS,4770.77,3439,357,242
23109,PACK OF SIX LED TEA LIGHTS,4769.22,1656,204,132
22688,DOORMAT PEACE ON EARTH BLUE,4756.7,865,93,77
22593,CHRISTMAS GINGHAM STAR,4720.219999999999,5276,416,247
22027,TEA PARTY BIRTHDAY CARD,4719.37,11069,852,336
84508A,CAMOUFLAGE DESIGN TEDDY,4717.46,2221,66,29
21588,RETROSPOT GIANT TUBE MATCHES,4711.05,2055,183,127
22672,FRENCH BATHROOM SIGN BLUE METAL,4708.0599999999995,2833,374,227
23569,TRADTIONAL ALPHABET STAMP SET,4707.76,952,193,152
21249,WOODLAND  HEIGHT CHART STICKERS ,4706.43,1639,261,155
23286,BLUE VINTAGE SPOT BEAKER,4705.97,4999,225,126
22399,MAGNETS PACK OF 4 CHILDHOOD MEMORY,4704.6,4018,281,180
23558,LANDMARK FRAME LONDON BRIDGE ,4703.87,415,52,43
23184,BULL DOG BOTTLE OPENER,4700.150000000001,861,268,129
23157,SET OF 6 NATIVITY MAGNETS ,4699.06,2557,165,111
22434,BALLOON PUMP WITH 10 BALLOONS,4698.389999999999,2529,283,203
20682,RED SPOTTY CHILDS UMBRELLA,4693.04,1451,256,158
48197,DOOR MAT BIRD ON THE WIRE,4691.77,673,204,70
22128,PARTY CONES CANDY ASSORTED,4689.59,3867,198,143
23389,SPACEBOY MINI BACKPACK,4689.240000000001,1100,234,157
22305,COFFEE MUG PINK PAISLEY DESIGN,4683.48,2256,149,87
22583,PACK OF 6 HANDBAG GIFT BOXES,4682.9,1762,355,250
22562,MONSTERS STENCIL CRAFT,4682.3,3978,393,251
22333,RETRO SPORT PARTY BAG + STICKER SET,4674.38,2970,260,161
21156,RED SPOTTY CHILDS APRON,4674.33,2504,298,208
22721,SET OF 3 CAKE TINS SKETCHBOOK,4671.81,1020,297,183
22180,RETROSPOT LAMP,4664.71,436,230,123
20963,APPLE BATH SPONGE,4663.65,3449,510,168
85049G,CHOCOLATE BOX RIBBONS ,4662.37,3784,515,288
23159,SET OF 5 PANCAKE DAY MAGNETS,4661.52,2268,226,121
21916,SET 12 RETRO WHITE CHALK STICKS,4656.5599999999995,10786,718,304
23241,TREASURE TIN GYMKHANA DESIGN,4654.99,2158,368,183
22304,COFFEE MUG BLUE PAISLEY DESIGN,4645.01,2362,172,98
15044B,BLUE PAPER PARASOL ,4641.18,1669,190,98
22075,6 RIBBONS ELEGANT CHRISTMAS ,4640.889999999999,3067,359,201
22348,TEA BAG PLATE RED RETROSPOT,4635.33,5311,499,196
21069,VINTAGE BILLBOARD TEA MUG,4633.47,4373,283,110
21243,PINK  SPOTTY PLATE ,4631.57,2864,241,128
21534,DAIRY MAID LARGE MILK JUG,4625.09,910,364,201
22442,GROW YOUR OWN FLOWERS SET OF 3,4623.42,848,185,140
21328,BALLOONS  WRITING SET ,4612.63,2441,643,257
82581,TOILET METAL SIGN,4610.34,8328,922,371
20961,STRAWBERRY BATH SPONGE ,4598.9,3459,516,177
22956,36 FOIL HEART CAKE CASES,4595.700000000001,2342,259,189
23176,ABC TREASURE BOOK BOX ,4591.83,2120,236,159
20675,BLUE POLKADOT BOWL,4585.83,3595,389,181
22474,SPACEBOY TV DINNER TRAY,4580.83,936,256,143
23285,PINK VINTAGE SPOT BEAKER,4570.71,4805,192,108
21042,RED SPOTTY APRON ,4566.71,782,209,120
10135,COLOURING PENCILS BROWN TUBE,4552.46,4215,326,178
22119,PEACE WOODEN BLOCK LETTERS,4549.43,753,295,214
22601,CHRISTMAS RETROSPOT ANGEL WOOD,4543.79,5246,420,257
15044D,RED PAPER PARASOL,4533.5,1587,231,106
22691,DOORMAT WELCOME SUNRISE,4533.25,616,222,124
84270,ASSTD DESIGN BUBBLE GUM RING,4530.9,21196,483,251
20975,12 PENCILS SMALL TUBE RED SPOTTY,4528.4800000000005,6960,375,220
72807B,SET/3 OCEAN SCENT CANDLE JEWEL BOX,4526.87,1031,237,115
22800,ANTIQUE TALL SWIRLGLASS TRINKET POT,4526.4,1111,277,149
22743,MAKE YOUR OWN FLOWERPOWER CARD KIT,4524.8,1496,352,199
22908,PACK OF 20 NAPKINS RED APPLES,4518.05,5603,489,266
21990,MODERN FLORAL STATIONERY SET,4515.54,2441,498,171
22107,PIZZA PLATE IN BOX,4509.88,1145,381,118
21506,"FANCY FONT BIRTHDAY CARD, ",4509.29,10818,669,310
22564,ALPHABET STENCIL CRAFT,4500.33,3891,348,208
21564,PINK  HEART SHAPE LOVE BUCKET ,4492.85,1940,301,134
22747,POPPY'S PLAYHOUSE BATHROOM,4474.6,2029,403,241
23309,SET OF 60 I LOVE LONDON CAKE CASES ,4460.65,8211,411,178
37447,CERAMIC CAKE DESIGN SPOTTED PLATE,4431.69,2815,393,143
23288,GREEN VINTAGE SPOT BEAKER,4429.0599999999995,4607,189,107
23275,SET OF 3 HANGING OWLS OLLIE BEAK,4426.31,3643,329,171
23404,HOME SWEET HOME BLACKBOARD,4418.21,982,183,104
22367,CHILDS APRON SPACEBOY DESIGN,4412.87,2325,310,231
22574,HEART WOODEN CHRISTMAS DECORATION,4409.33,4786,417,253
23530,WALL ART ONLY ONE PERSON ,4406.57,1050,86,59
22548,HEADS AND TAILS SPORTING FUN,4404.31,3526,428,293
22573,STAR WOODEN CHRISTMAS DECORATION,4403.83,4907,405,235
21967,PACK OF 12 SKULL TISSUES,4401.44,15652,479,250
22736,RIBBON REEL MAKING SNOWMEN ,4401.33,2444,406,228
84968C,SET OF 16 VINTAGE PISTACHIO CUTLERY,4400.95,371,135,50
23163,REGENCY SUGAR TONGS,4400.820000000001,1777,211,95
51014A,"FEATHER PEN,HOT PINK",4390.75,6486,381,162
21244,BLUE POLKADOT PLATE ,4390.71,2624,246,129
21864,UNION JACK FLAG PASSPORT COVER ,4389.54,1833,412,166
22760,"TRAY, BREAKFAST IN BED",4381.19,346,129,82
21064,BOOM BOX SPEAKER BOYS,4379.37,875,174,75
21523,FANCY FONT HOME SWEET HOME DOORMAT,4378.65,663,164,76
22594,CHRISTMAS GINGHAM TREE,4376.48,4790,413,232
85063,CREAM SWEETHEART MAGAZINE RACK,4366.04,242,218,106
22299,PIG KEYRING WITH LIGHT & SOUND ,4359.57,3855,207,103
20677,PINK SPOTTY BOWL,4348.93,3567,349,161
85184C,S/4 VALENTINE DECOUPAGE HEART BOX,4345.96,2106,283,159
84031A,CHARLIE+LOLA RED HOT WATER BOTTLE ,4332.47,1071,318,97
15039,SANDALWOOD FAN,4322.67,5074,310,127
22611,VINTAGE UNION JACK SHOPPING BAG,4318.83,903,197,135
23349,ROLL WRAP VINTAGE CHRISTMAS,4312.6,3197,339,214
22896,PEG BAG APPLES DESIGN,4310.3,1671,340,171
22353,LUNCH BOX WITH CUTLERY FAIRY CAKES ,4307.46,1584,300,142
21844,RETRO SPOT MUG,4301.71,1467,161,103
21810,CHRISTMAS HANGING STAR WITH BELL,4300.66,6900,346,171
21535,RETRO SPOT SMALL MILK JUG,4296.91,1686,315,173
21913,VINTAGE SEASIDE JIGSAW PUZZLES,4287.48,1125,301,170
21012,ANTIQUE ALL GLASS CANDLESTICK,4283.2,2292,301,112
21878,PACK OF 6 SANDCASTLE FLAGS ASSORTED,4281.67,5165,406,225
85053,FRENCH ENAMEL CANDLEHOLDER,4278.820000000001,1991,395,185
23050,RECYCLED ACAPULCO MAT GREEN,4278.3,496,206,116
21153,RED SPOTTY TABLECLOTH ,4273.39,391,141,93
21056,DOCTOR'S BAG SOFT TOY,4267.429999999999,463,199,119
23112,PARISIENNE CURIO CABINET,4267.2300000000005,513,260,134
20966,SANDWICH BATH SPONGE,4263.99,3006,421,137
22723,SET OF 6 HERB TINS SKETCHBOOK,4254.92,1162,297,170
21243,PINK  POLKADOT PLATE ,4251.53,2544,240,117
23168,CLASSIC CAFE SUGAR DISPENSER,4245.74,3021,343,132
47580,TEA TIME DES TEA COSY,4245.05,1641,348,158
21556,CERAMIC STRAWBERRY MONEY BOX,4234.21,1607,299,132
84598,BOYS ALPHABET IRON ON PATCHES,4229.18,20199,219,30
23166,MEDIUM CERAMIC TOP STORAGE JAR,4221.28,3539,257,138
20982,12 PENCILS TALL TUBE SKULLS,4219.15,4822,582,316
22497,SET OF 2 TINS VINTAGE BATHROOM ,4217.82,924,281,160
21614,SET OF 12 ROSE BOTANICAL T-LIGHTS,4202.12,1496,197,123
23089,GLASS BON BON JAR,4190.13,2339,232,101
21609,SET 12 LAVENDER  BOTANICAL T-LIGHTS,4186.29,1499,218,142
22600,CHRISTMAS RETROSPOT STAR WOOD,4186.099999999999,4832,432,278
20754,RETROSPOT RED WASHING UP GLOVES,4185.33,1954,433,208
22312,OFFICE MUG WARMER POLKADOT,4172.400000000001,1206,272,106
22670,FRENCH WC SIGN BLUE METAL,4170.01,3272,430,218
85232B,SET OF 3 BABUSHKA STACKING TINS,4167.74,830,178,94
23012,GLASS APOTHECARY BOTTLE PERFUME,4165.51,1063,251,151
22833,HALL CABINET WITH 3 DRAWERS,4163.54,120,13,9
23144,ZINC T-LIGHT HOLDER STARS SMALL,4161.3099999999995,5045,277,180
21355,TOAST ITS - I LOVE YOU ,4158.05,3404,344,213
21470,FLOWER VINE RAFFIA FOOD COVER,4157.18,1093,323,160
22530,MAGIC DRAWING SLATE DOLLY GIRL ,4156.29,9825,466,281
84950,ASSORTED COLOUR T-LIGHT HOLDER,4154.77,5983,283,157
72807A,SET/3 ROSE CANDLE IN JEWELLED BOX,4141.29,907,226,97
70006,LOVE HEART POCKET WARMER,4137.12,4436,292,141
22851,SET 20 NAPKINS FAIRY CAKES DESIGN ,4127.38,5089,527,306
21068,VINTAGE BILLBOARD LOVE/HATE MUG,4126.3,3977,381,149
21143,ANTIQUE GLASS HEART DECORATION ,4112.099999999999,2081,187,128
23167,SMALL CERAMIC TOP STORAGE JAR ,4110.82,5322,240,129
21238,RED RETROSPOT CUP,4109.5599999999995,4666,482,188
21590,KINGS CHOICE CIGAR BOX MATCHES ,4108.78,3422,288,203
22070,SMALL RED RETROSPOT MUG IN BOX ,4107.66,1210,244,156
23009,I LOVE LONDON BABY GIFT SET,4082.5199999999995,263,103,48
22744,MAKE YOUR OWN MONSOON CARD KIT,4081.4700000000003,1453,304,196
21472,LADYBIRD + BEE RAFFIA FOOD COVER,4077.82,1056,285,161
21749,LARGE RED RETROSPOT WINDMILL,4069.3600000000006,1980,241,134
23283,DOORMAT VINTAGE LEAF,4064.75,557,144,100
22926,IVORY GIANT GARDEN THERMOMETER,4061.06,665,222,152
21911,GARDEN METAL SIGN ,4061.0499999999997,2534,345,200
23255,CHILDRENS CUTLERY CIRCUS PARADE,4059.8700000000003,1005,161,116
20979,36 PENCILS TUBE RED SPOTTY,4051.43,3215,282,145
21474,SWEETHEART CREAM STEEL FOLDIN BENCH,4049.85,203,99,69
21042,RED RETROSPOT APRON ,4044.8,673,200,110
84580,MOUSE TOY WITH PINK T-SHIRT,4036.94,1053,443,197
22807,SET OF 6 T-LIGHTS TOADSTOOLS,4035.3100000000004,1356,297,125
23193,BUFFALO BILL TREASURE BOOK BOX,4034.28,1902,181,109
23340,VINTAGE CHRISTMAS CAKE FRILL,4034.08,2500,151,112
21539,RETRO SPOTS BUTTER DISH,4031.82,845,190,111
22127,PARTY CONES CARNIVAL ASSORTED,4030.8,3370,160,130
84596B,SMALL DOLLY MIX DESIGN ORANGE BOWL,4027.95,6173,728,257
72349B,SET/6 PURPLE BUTTERFLY T-LIGHTS,4024.7900000000004,1978,288,123
22053,EMPIRE DESIGN ROSETTE,4018.3899999999994,4549,89,61
21717,EASTER TIN BUCKET,4016.68,1545,178,122
22639,SET OF 4 NAPKIN CHARMS HEARTS,4005.8199999999997,1645,276,192
20981,12 PENCILS TALL TUBE WOODLAND,4002.0099999999998,4639,520,290
23129,HEART SHAPED HOLLY WREATH,3995.3500000000004,949,173,138
21524,SPOTTY  HOME SWEET HOME DOORMAT,3978.34,666,120,86
22284,HEN HOUSE DECORATION,3974.8399999999997,2439,304,157
21955,UNION JACK GUNS & ROSES  DOORMAT,3973.61,763,103,49
23306,SET OF 36 DOILIES PANTRY DESIGN,3973.45,2734,246,172
22612,TEA COSY VINTAGE UNION JACK,3969.99,997,110,83
85206A,CREAM FELT EASTER EGG BASKET,3966.41,2317,322,234
22245,"HOOK, 1 HANGER ,MAGIC GARDEN",3962.5,4602,420,166
21901,"KEY FOB , BACK DOOR ",3962.0600000000004,6006,694,316
21349,IVY HEART WREATH,3956.73,545,173,113
22356,CHARLOTTE BAG PINK WITH WHITE SPOTS,3953.83,4338,325,173
23486,ANTIQUE HEART SHELF UNIT,3945.82,262,80,64
23557,LANDMARK FRAME BAKER STREET ,3930.27,350,32,25
21238,RED SPOTTY CUP,3928.0499999999997,4662,443,201
20967,GREY FLORAL FELTCRAFT SHOULDER BAG,3922.34,1035,299,187
22244,"HOOK, 3 HANGER ,MAGIC GARDEN",3895.3499999999995,1985,214,106
22057,CERAMIC PLATE STRAWBERRY DESIGN,3889.5499999999997,2978,271,113
22790,"MIRROR, ARCHED GEORGIAN",3884.0000000000005,200,1,1
23552,BICYCLE PUNCTURE REPAIR KIT ,3881.91,1863,116,93
22788,BROCANTE COAT RACK,3875.87,469,89,52
22314,OFFICE MUG WARMER CHOC+BLUE,3872.6800000000003,1106,251,102
23049,RECYCLED ACAPULCO MAT RED,3872.09,453,188,103
46000M,POLYESTER FILLER PAD 45x45cm,3868.8,4184,367,206
21181,PLEASE ONE PERSON  METAL SIGN,3865.9700000000003,1866,179,124
22199,FRYING PAN RED POLKADOT ,3857.39,936,194,91
23081,GREEN METAL BOX ARMY SUPPLIES,3856.75,461,138,78
23110,PARISIENNE KEY CABINET ,3853.93,649,283,158
21987,PACK OF 6 SKULL PAPER CUPS,3850.01,6116,389,209
21244,BLUE  SPOTTY PLATE ,3849.49,2398,207,120
22478,BIRDHOUSE GARDEN MARKER ,3845.91,2770,319,176
22272,FELTCRAFT DOLL MARIA,3845.3900000000003,1370,301,207
23526,WALL ART DOG LICENCE ,3844.56,588,116,59
22445,PENCIL CASE LIFE IS BEAUTIFUL,3842.6600000000003,1251,271,144
21447,12 IVORY ROSE PEG PLACE SETTINGS,3841.38,2775,337,149
22341,LOVE GARLAND PAINTED ZINC ,3840.6899999999996,2271,249,130
22118,JOY WOODEN BLOCK LETTERS,3832.17,797,273,195
22475,SKULL DESIGN TV DINNER TRAY,3827.1000000000004,771,259,115
22959,WRAP CHRISTMAS VILLAGE,3824.46,9363,288,251
21192,WHITE BELL HONEYCOMB PAPER ,3816.0399999999995,2119,217,96
22359,GLASS JAR KINGS CHOICE,3813.23,1203,213,112
22797,CHEST OF DRAWERS GINGHAM HEART ,3793.81,217,155,98
21067,VINTAGE RED TEATIME MUG,3790.91,4727,271,130
22458,CAST IRON HOOK GARDEN FORK,3790.47,1531,174,121
22355,"CHARLOTTE BAG , SUKI DESIGN",3788.94,4408,346,146
21812,GARLAND WITH HEARTS AND BELLS,3788.7900000000004,779,209,103
21100,CHARLIE AND LOLA CHARLOTTE BAG,3788.4,2536,273,121
22980,PANTRY SCRUBBING BRUSH,3785.9599999999996,2282,297,198
22179,SET 10 NIGHT OWL LIGHTS,3783.78,484,171,59
21055,TOOL BOX SOFT TOY ,3776.4399999999996,379,224,122
21034,REX CASH+CARRY JUMBO SHOPPER,3775.2999999999997,3976,1912,800
22125,UNION JACK HOT WATER BOTTLE ,3774.2400000000002,590,186,119
22777,GLASS CLOCHE LARGE,3771.67,447,104,66
21154,RED SPOTTY OVEN GLOVE ,3765.87,2806,340,171
22830,UTILTY CABINET WITH HOOKS,3760.71,181,18,14
23253,16 PIECE CUTLERY SET PANTRY DESIGN,3753.16,252,71,44
22843,BISCUIT TIN VINTAGE GREEN,3744.56,580,192,134
84016,FLAG OF ST GEORGE CAR FLAG,3741.3700000000003,18940,67,43
22732,3D VINTAGE CHRISTMAS STICKERS ,3733.84,2713,299,165
23194,GYMKHANA TREASURE BOOK BOX,3732.2799999999997,1678,208,129
23299,FOOD COVER WITH BEADS SET 2 ,3731.63,1001,147,109
84356,POMPOM CURTAIN,3729.34,744,135,58
21329,DINOSAURS  WRITING SET ,3727.66,2062,557,254
21795,SET OF 3 BLUE STRIPE BASKET,3722.1900000000005,440,81,64
21846,PINK DIAMANTE PEN IN GIFT BOX,3721.5499999999997,1574,267,51
71038,WHITE HANGING BEADS CANDLE HOLDER,3718.4,704,152,86
22544,MINI JIGSAW SPACEBOY,3718.2999999999997,9291,343,196
85040B,SET/4 BLUE FLOWER CANDLES IN BOWL,3716.1299999999997,2386,260,132
85049C,ROMANTIC PINKS RIBBONS ,3715.04,2956,503,303
21899,"KEY FOB , GARAGE DESIGN",3713.11,5833,481,267
22782,SET 3 WICKER STORAGE BASKETS ,3712.2999999999997,254,84,75
21041,RED SPOTTY OVEN GLOVE DOUBLE,3703.4300000000003,1280,175,79
22162,HEART GARLAND RUSTIC PADDED,3702.5,1208,263,92
35924,HANGING FAIRY CAKE DECORATION,3701.72,1959,199,65
20750, RED/WHITE DOT MINI CASES,3696.59,491,145,113
22892,SET OF SALT AND PEPPER TOADSTOOLS,3695.77,3007,286,146
21627,ELEPHANT CARNIVAL POUFFE,3687.65,189,117,32
21495,SKULLS AND CROSSBONES WRAP,3684.8,9040,268,150
21648,ASSORTED TUTTI FRUTTI SMALL PURSE,3682.08,2684,239,97
23092,LARGE ANTIQUE WHITE PHOTO FRAME,3680.03,513,144,96
23182,TOILET SIGN OCCUPIED OR VACANT,3676.5899999999997,3727,439,140
20692,FLORAL ELEPHANT SOFT TOY,3674.26,906,141,75
22494,EMERGENCY FIRST AID TIN ,3667.17,2714,481,200
21813,GARLAND WITH STARS AND BELLS,3657.46,794,188,76
22823,CHEST NATURAL WOOD 20 DRAWERS,3655.0,32,18,17
23013,GLASS APOTHECARY BOTTLE TONIC,3650.46,918,226,135
21845,DAIRY MAID STRIPE MUG,3647.3700000000003,2457,169,104
22425,ENAMEL COLANDER CREAM,3641.8500000000004,710,285,179
22591,CARDHOLDER GINGHAM CHRISTMAS TREE,3639.45,1265,221,149
23130,MISTLETOE HEART WREATH GREEN,3638.8300000000004,873,181,135
84968A,SET OF 16 VINTAGE ROSE CUTLERY,3636.54,305,123,44
21486,PINK HEART DOTS HOT WATER BOTTLE,3634.92,1115,295,127
22579,WOODEN TREE CHRISTMAS SCANDINAVIAN,3634.08,6960,551,344
20785,FUSCHIA RETRO BAR STOOL,3632.4,102,38,14
23236,STORAGE TIN VINTAGE DOILY ,3623.86,1244,202,126
21592,RETRO SPOT  CIGAR BOX MATCHES ,3622.0,3080,191,157
21240,BLUE POLKADOT CUP,3621.13,4147,405,177
22080,RIBBON REEL SPOTS DESIGN ,3617.43,2180,279,199
85114B,IVORY ENCHANTED FOREST PLACEMAT,3614.75,2015,224,99
21351,CINAMMON & ORANGE WREATH,3610.8,1074,182,114
72802A,ROSE SCENT CANDLE IN JEWELLED BOX,3604.81,869,192,113
23294,SET OF 6 SNACK LOAF BAKING CASES,3597.02,4379,358,214
21743,STAR PORTABLE TABLE LIGHT ,3593.03,1229,187,119
21787,RAIN PONCHO WITH RED SPOTS,3592.9700000000003,4727,161,98
22589,CARDHOLDER GINGHAM STAR,3580.88,1299,239,170
72802B,OCEAN SCENT CANDLE IN JEWELLED BOX,3579.73,1101,221,120
22778,GLASS CLOCHE SMALL,3577.89,899,214,107
21509,COWBOYS AND INDIANS BIRTHDAY CARD ,3577.14,8672,630,265
85232D,SET/3 DECOUPAGE STACKING TINS,3572.3100000000004,688,230,120
22962,JAM JAR WITH PINK LID,3568.81,4281,375,184
22398,MAGNETS PACK OF 4 SWALLOWS,3567.48,4144,436,273
85040A,S/4 PINK FLOWER CANDLES IN BOWL,3567.2899999999995,2021,417,193
23497,CLASSIC CHROME BICYCLE BELL ,3561.22,2486,194,149
21866,UNION JACK FLAG LUGGAGE TAG,3560.25,2143,456,190
22353,LUNCHBOX WITH CUTLERY FAIRY CAKES ,3559.43,1436,200,94
22774,RED DRAWER KNOB ACRYLIC EDWARDIAN,3556.25,2763,188,75
23111,PARISIENNE SEWING BOX,3556.04,288,154,80
84558A,3D DOG PICTURE PLAYING CARDS,3554.36,1234,200,116
22704,WRAP RED APPLES ,3543.76,8628,297,207
22603,CHRISTMAS RETROSPOT TREE WOOD,3541.04,4130,390,236
23332,IVORY WICKER HEART LARGE,3539.41,2057,288,207
20784,RED RETRO BAR STOOL,3530.92,106,40,6
20886,BOX OF 9 PEBBLE CANDLES,3528.52,1771,309,163
23191,BUNDLE OF 3 RETRO NOTE BOOKS,3524.9399999999996,2138,278,178
22334,DINOSAUR PARTY BAG + STICKER SET,3521.0099999999998,2213,268,181
21054,NURSE'S BAG SOFT TOY,3520.1,380,183,120
23032,DRAWER KNOB CRACKLE GLAZE IVORY,3519.4799999999996,2108,205,115
22602,CHRISTMAS RETROSPOT HEART WOOD,3519.1099999999997,4295,290,199
22356,"CHARLOTTE BAG , PINK/WHITE SPOTS",3518.56,4147,364,167
21179,NO JUNK MAIL METAL SIGN,3513.22,4272,506,231
23189,SET OF 12 FORK CANDLES,3504.62,1248,142,89
22765,NEWSPAPER STAND,3493.35,310,54,36
22076,6 RIBBONS EMPIRE  ,3490.1899999999996,2365,376,197
23353,6 GIFT TAGS VINTAGE CHRISTMAS ,3490.1299999999997,3983,329,227
21466,RED FLOWER CROCHET FOOD COVER,3479.79,927,275,147
23091,ZINC HERB GARDEN CONTAINER,3472.89,549,208,155
21794,CLASSIC FRENCH STYLE BASKET NATURAL,3472.7400000000002,700,183,123
21784,SHOE SHINE BOX ,3468.6299999999997,283,183,79
22902,TOTE BAG I LOVE LONDON,3456.1600000000003,1692,201,102
23085,ANTIQUE SILVER BAUBLE LAMP  ,3454.48,363,83,64
20786,BLACK RETRO BAR STOOL,3454.0,98,34,9
85123a,WHITE HANGING HEART T-LIGHT HOLDER,3444.02,516,99,0
21559,STRAWBERRY LUNCHBOX WITH CUTLERY,3443.89,1444,187,113
47505,MINATURE COLOURED GARDENING SET,3440.3700000000003,718,184,129
20675,BLUE SPOTTY BOWL,3432.19,2830,313,157
22531,MAGIC DRAWING SLATE CIRCUS PARADE  ,3427.12,7944,402,249
23426,METAL SIGN DROP YOUR PANTS,3427.09,1269,207,126
21499,BLUE POLKADOT WRAP,3422.34,8477,266,200
48189,DOOR MAT FRIENDSHIP ,3420.2400000000002,470,181,117
22172,METAL SHELF WITH RAIL ,3417.82,374,189,124
23350,ROLL WRAP VINTAGE SPOT ,3415.08,2688,307,205
21469,POLKA DOT RAFFIA FOOD COVER,3414.51,1115,213,130
23388,WOODLAND MINI BACKPACK,3411.34,816,152,114
21191,LARGE WHITE HONEYCOMB PAPER BELL  ,3408.61,1479,201,96
22320,BIRDS MOBILE VINTAGE DESIGN,3408.17,575,190,130
22352,LUNCHBOX WITH CUTLERY RETROSPOT ,3395.19,1379,237,115
21364,PEACE SMALL WOOD LETTERS,3394.2200000000003,466,169,119
22309,TEA COSY RED  STRIPE,3392.7799999999997,1305,268,117
22459,CAST IRON HOOK GARDEN TROWEL,3389.74,1386,173,124
84352,SILVER CHRISTMAS TREE BAUBLE STAND ,3386.93,199,132,90
23014,GLASS APOTHECARY BOTTLE ELIXIR,3384.03,847,212,122
71477,COLOURED GLASS STAR T-LIGHT HOLDER,3383.5,958,59,34
21679,SKULLS  STICKERS,3381.83,3971,375,182
22440,BALLOON WATER BOMB PACK OF 35,3380.93,8479,296,187
37340,MULTICOLOUR SPRING FLOWER MUG,3380.11,8669,208,79
23354,6 GIFT TAGS 50'S CHRISTMAS ,3379.6,3680,325,235
20983,12 PENCILS TALL TUBE RED RETROSPOT,3378.87,3903,387,246
21327,SKULLS WRITING SET ,3378.5099999999998,1926,495,212
23156,SET OF 5 MINI GROCERY MAGNETS,3373.37,1641,207,117
23188,VINTAGE  2 METRE FOLDING RULER,3372.3999999999996,1626,153,103
21902,"KEY FOB , FRONT  DOOR ",3370.98,5302,478,251
22764,"RUSTIC WOODEN CABINET, GLASS DOORS",3368.6899999999996,179,28,23
22366,DOOR MAT AIRMAIL ,3366.71,461,142,92
84797A,PINK HAWAIIAN PICNIC HAMPER FOR 4,3361.25,481,44,21
23127,FELTCRAFT GIRL NICOLE KIT,3358.05,655,185,137
22862,LOVE HEART NAPKIN BOX ,3356.22,754,223,143
22477,WATERING CAN GARDEN MARKER,3355.49,2413,277,155
22822,CREAM WALL PLANTER HEART SHAPED,3355.4500000000003,579,185,139
22223,CAKE PLATE LOVEBIRD PINK,3354.71,725,176,89
18097C,WHITE TALL PORCELAIN T-LIGHT HOLDER,3353.12,1471,213,110
84508A,CAMOFLAGE DESIGN TEDDY,3352.1200000000003,1578,45,31
84968D,S/16 VINTAGE RED CUTLERY,3349.7599999999998,287,38,12
21211,SET OF 72 SKULL PAPER  DOILIES,3348.24,2393,238,139
22059,CERAMIC STRWBERRY DESIGN MUG,3340.95,2312,225,106
23210,WHITE ROCKING HORSE HAND PAINTED,3331.77,2649,196,115
22136,LOVE HEART SOCK HANGER,3317.6699999999996,1986,268,117
21917,SET 12 KIDS  WHITE CHALK STICKS,3315.4,7989,473,246
44230,SQUARE MIRROR CURTAIN,3303.71,337,57,25
21500,PINK POLKADOT WRAP ,3298.5,8125,260,191
37501,TEA TIME TEA SET IN GIFT BOX,3296.9,466,185,106
84813,SET OF 4 DIAMOND NAPKIN RINGS,3296.81,421,100,53
22122,SET OF 2 FANCY FONT TEA TOWELS,3290.0800000000004,1095,191,113
23065,LARGE DECO JEWELLERY STAND,3289.94,262,96,77
37410,BLACK AND WHITE PAISLEY FLOWER MUG,3281.15,25701,34,13
84472,PINK AND LILAC QUILTED THROW ,3276.42,84,33,25
22428,ENAMEL FIRE BUCKET CREAM,3275.42,464,204,126
23308,SET OF 60 VINTAGE LEAF CAKE CASES ,3272.61,6139,382,209
22176,BLUE OWL SOFT TOY,3271.38,1079,261,125
22944,CHRISTMAS METAL POSTCARD WITH BELLS,3266.78,4569,161,89
22536,MAGIC DRAWING SLATE PURDEY,3266.26,8360,354,233
21239,PINK  POLKADOT CUP,3264.85,3652,386,168
22047,EMPIRE GIFT WRAP,3262.0,8000,264,211
22769,CHALKBOARD KITCHEN ORGANISER,3256.71,157,53,32
84975,HEART SHAPED MIRROR,3251.19,1981,216,115
20702,PINK PADDED MOBILE,3249.95,771,251,152
23053,RECYCLED ACAPULCO MAT PINK,3246.07,363,165,105
21467,CHERRY CROCHET FOOD COVER,3245.0,1020,259,145
22183,CAKE STAND VICTORIAN FILIGREE MED,3241.05,577,215,60
22419,LIPSTICK PEN RED,3238.45,6837,513,191
23239,SET OF 4 KNICK KNACK TINS POPPIES,3238.0400000000004,814,187,125
22794,SWEETHEART WIRE MAGAZINE RACK,3231.6,384,213,130
22792,FLUTED ANTIQUE CANDLE HOLDER,3230.93,3477,263,128
23395,BELLE JARDINIERE CUSHION COVER,3230.83,741,215,141
85220,SMALL FAIRY CAKE FRIDGE MAGNETS,3229.35,9723,7,5
84510A,SET OF 4 ENGLISH ROSE COASTERS,3227.89,2381,477,200
84849B,FAIRY SOAP SOAP HOLDER,3222.17,1923,295,123
20992,JAZZ HEARTS PURSE NOTEBOOK,3220.4,6151,433,222
22733,3D TRADITIONAL CHRISTMAS STICKERS,3213.49,2441,303,186
84279P,CHERRY BLOSSOM  DECORATIVE FLASK,3212.69,791,286,156
84837,WHITE SWEETHEARTS CABINET 4 DRAWERS,3210.04,251,143,109
23051,RECYCLED ACAPULCO MAT BLUE,3206.99,363,164,95
22967,SET 3 SONG BIRD PAPER EGGS ASSORTED,3206.51,1149,142,122
20681,PINK SPOTTY CHILDS UMBRELLA,3206.11,973,217,129
21732,RED HANGING METAL STAR TLIGHT HLDR,3204.04,922,60,51
22059,CERAMIC STRAWBERRY DESIGN MUG,3201.23,2563,254,112
84031B,CHARLIE LOLA BLUE HOT WATER BOTTLE ,3198.83,813,273,81
22281,EASTER TREE YELLOW BIRDS,3190.6600000000003,495,152,83
84596F,SMALL MARSHMALLOWS PINK BOWL,3189.71,4704,601,216
21986,PACK OF 12 PINK SPOT TISSUES ,3187.23,8293,198,128
23230,WRAP ALPHABET DESIGN,3186.42,7901,238,178
21829,DINOSAUR KEYRINGS ASSORTED,3181.49,14746,414,211
84968C,S/16 VINTAGE PISTACHIO CUTLERY,3177.2999999999997,262,58,20
21111,"SWISS ROLL TOWEL, CHOCOLATE  SPOTS",3166.51,1372,216,109
21557,SET OF 6 FUNKY BEAKERS,3166.44,931,303,71
22194,BLACK DINER WALL CLOCK,3161.1,367,165,100
18098C,PORCELAIN BUTTERFLY OIL BURNER,3160.3300000000004,1208,240,104
79164,BLACK WINE GLASS,3159.41,3629,97,43
21949,SET OF 6 STRAWBERRY CHOPSTICKS,3156.68,2592,270,91
82494l,WOODEN FRAME ANTIQUE WHITE ,3155.93,378,86,0
22702,BLACK AND WHITE CAT BOWL,3152.3699999999994,1587,96,66
22776,SWEETHEART 3 TIER CAKE STAND ,3151.63,260,169,103
23342,MINT DINER WALL CLOCK,3150.91,370,163,104
21584,RETRO SPOT SMALL TUBE MATCHES,3150.45,1985,132,113
21500,PINK SPOTS  WRAP ,3144.5,7825,232,167
23323,WHITE WICKER STAR ,3140.48,1466,297,210
21519,GIN & TONIC DIET GREETING CARD ,3134.81,7320,556,181
23035,DRAWER KNOB CERAMIC IVORY,3134.74,2146,192,110
21333,CLASSIC WHITE FRAME,3133.07,1039,232,150
22167,"WALL MIRROR , DIAMANTE OVAL SHAPE",3132.91,405,141,65
21473,SWEETHEART CREAM STEEL TABLE RECT,3132.3599999999997,153,93,65
21239,PINK  SPOTTY CUP,3129.47,3665,374,163
23393,HOME SWEET HOME CUSHION COVER ,3129.16,780,235,165
22863,SOAP DISH BROCANTE,3128.26,1094,171,120
22773,GREEN DRAWER KNOB ACRYLIC EDWARDIAN,3126.11,2356,227,95
21628,TRIANGULAR POUFFE VINTAGE ,3125.48,160,90,25
22700,BLACK AND WHITE DOG BOWL,3124.1,1362,102,79
21936,RED/WHITE SPOT PICNIC BAG,3123.29,1111,114,74
82578,KITCHEN METAL SIGN,3122.09,5582,706,322
23346,SPACEBOY BEAKER,3104.84,2622,185,106
21705,BAG 500g SWIRLY MARBLES,3104.2099999999996,2508,230,142
21272,SALLE DE BAIN HOOK,3093.58,2335,343,167
22572,ROCKING HORSE GREEN CHRISTMAS ,3084.63,3436,363,211
22965,3 TRADITIONAl BISCUIT CUTTERS  SET,3082.84,1450,255,180
21707,"FOLDING UMBRELLA , BLACK/BLUE  SPOT",3077.01,775,69,54
22347,PIZZA SLICE DISH,3074.18,2680,113,49
84912B,GREEN ROSE WASHBAG,3072.64,1125,259,56
22473,TV DINNER TRAY VINTAGE PAISLEY,3070.92,813,211,120
22757,LARGE RED BABUSHKA NOTEBOOK ,3068.93,2695,309,161
47504K,ENGLISH ROSE GARDEN SECATEURS,3067.1,2632,317,210
21112,"SWISS ROLL TOWEL, PINK  SPOTS",3063.2700000000004,1318,153,86
23188,VINTAGE  2 METER FOLDING RULER,3052.2699999999995,1831,183,131
21206,STRAWBERRY HONEYCOMB  GARLAND ,3049.7499999999995,2144,242,118
22406,MONEY BOX KINGS CHOICE DESIGN,3048.69,2401,218,142
20956,PORCELAIN T-LIGHT HOLDERS ASSORTED,3046.32,2308,240,118
22972,CHILDREN'S SPACEBOY MUG,3044.8399999999997,1776,246,145
22372,AIRLINE BAG VINTAGE WORLD CHAMPION ,3039.48,604,297,163
84969,BOX OF 6 ASSORTED COLOUR TEASPOONS,3039.41,700,258,62
21352,EUCALYPTUS & PINECONE  WREATH,3036.03,869,162,77
22754,SMALL RED BABUSHKA NOTEBOOK ,3034.66,3912,493,237
23329,DECORATIVE WICKER HEART LARGE,3033.24,1764,234,168
22762,CUPBOARD 3 DRAWER MA CAMPAGNE,3031.72,186,140,91
22037,ROBOT BIRTHDAY CARD,3030.66,7042,635,271
23461,SWEETHEART BIRD HOUSE,3024.61,843,95,75
21408,SPOTTY PINK DUCK DOORSTOP,3024.06,698,243,114
21820,GLITTER HEART GARLAND WITH BELLS ,3019.89,765,183,112
15044C,PURPLE PAPER PARASOL,3013.31,962,235,100
84279B,CHERRY BLOSSOM DECORATIVE FLASK,3013.17,791,224,142
21765,HANGING METAL BIRD BATH,3009.64,363,146,104
22208,WOOD STAMP SET THANK YOU,3005.5399999999995,2341,436,237
22095,LADS ONLY TISSUE BOX,3003.15,2871,291,125
84912A,PINK ROSE WASHBAG,2996.44,1094,231,59
22402,MAGNETS PACK OF 4 VINTAGE COLLAGE,2995.28,3417,253,158
20985,HEART CALCULATOR,2993.56,2326,297,162
22805,BLUE DRAWER KNOB ACRYLIC EDWARDIAN,2992.57,2194,233,89
21477,STRING OF 20 ROSE LIGHTS,2991.69,250,53,38
23236,DOILEY STORAGE TIN,2990.01,1089,127,93
23390,DOLLY GIRL MINI BACKPACK,2988.2400000000002,738,162,116
22154,ANGEL DECORATION 3 BUTTONS ,2987.64,6910,331,163
22755,SMALL PURPLE BABUSHKA NOTEBOOK ,2987.43,3764,500,243
22067,CHOC TRUFFLE GOLD TRINKET POT ,2987.12,1835,264,109
22712,CARD DOLLY GIRL ,2986.88,7258,512,209
22461,SAVOY ART DECO CLOCK,2982.11,348,177,82
22132,RED LOVE HEART SHAPE CUP,2979.6099999999997,3333,389,154
21354,TOAST ITS - BEST MUM,2979.46,2476,217,123
21507,"ELEPHANT, BIRTHDAY CARD, ",2975.59,7101,490,230
21588,RETRO SPOT GIANT  TUBE MATCHES,2973.75,1271,104,85
22349,"DOG BOWL , CHASING BALL DESIGN",2972.18,742,141,104
22963,JAM JAR WITH GREEN LID,2969.5699999999997,3555,329,169
23242,TREASURE TIN BUFFALO BILL ,2968.4700000000003,1443,217,132
23237,SET OF 4 KNICK KNACK TINS LEAF,2963.71,733,131,96
22375,AIRLINE BAG VINTAGE JET SET BROWN,2958.69,593,289,135
22905,CALENDAR IN SEASON DESIGN,2957.17,1077,194,111
22891,TEA FOR ONE POLKADOT,2946.45,607,254,108
22925,BLUE GIANT GARDEN THERMOMETER,2941.92,480,196,130
22519,CHILDS GARDEN BRUSH PINK,2939.3700000000003,1417,266,142
22674,FRENCH TOILET SIGN BLUE METAL,2938.83,2363,300,182
21830,ASSORTED CREEPY CRAWLIES,2937.92,6986,260,151
79072,TEATIME CAKE TIN WITH HANDLE,2933.95,269,115,42
22816,CARD MOTORBIKE SANTA,2930.77,6808,438,258
22664,TOY TIDY DOLLY GIRL DESIGN,2928.9900000000002,1417,269,107
22277,COSMETIC BAG VINTAGE ROSE PAISLEY,2923.2900000000004,1398,252,148
85049D,BRIGHT BLUES RIBBONS ,2922.96,2330,400,263
21948,SET OF 6 CAKE CHOPSTICKS,2921.36,2293,267,71
21214,SET OF 72 IVORY PAPER DOILIES,2919.37,2005,200,106
22202,MILK PAN PINK RETROSPOT,2909.9900000000002,723,198,69
84944,SET OF 6 KASHMIR FOLKART BAUBLES,2909.43,1042,199,122
22325,MOBILE VINTAGE HEARTS ,2902.3900000000003,651,240,129
23211,RED ROCKING HORSE HAND PAINTED,2900.57,2305,161,82
21592,RETROSPOT CIGAR BOX MATCHES ,2900.46,2772,286,195
21626,VINTAGE UNION JACK PENNANT,2900.0699999999997,1436,216,137
22518,CHILDS GARDEN BRUSH BLUE,2899.8,1402,270,141
22955,36 FOIL STAR CAKE CASES ,2885.26,1592,186,131
85184D,S/4 BLUE ROUND DECOUPAGE BOXES,2881.8599999999997,4371,68,48
23283,DOORMAT VINTAGE LEAVES DESIGN ,2881.18,430,91,75
22811,SET OF 6 T-LIGHTS CACTI ,2881.18,1020,141,51
23290,SPACEBOY CHILDRENS BOWL,2877.8500000000004,2420,216,125
23345, DOLLY GIRL BEAKER,2877.5,2444,176,101
21240,BLUE  SPOTTY CUP,2876.62,3389,371,169
21584,RETROSPOT SMALL TUBE MATCHES,2875.0499999999997,1757,223,165
22200,FRYING PAN PINK POLKADOT ,2875.01,645,171,67
22177,5 HOOK BLACKBOARD ORGANISER ,2874.46,300,135,90
21465,PINK FLOWER CROCHET FOOD COVER,2868.1400000000003,791,188,117
22927,GREEN GIANT GARDEN THERMOMETER,2865.27,454,169,101
22480,RED TEA TOWEL CLASSIC DESIGN,2863.06,2368,263,197
21537,RED RETROSPOT PUDDING BOWL,2852.45,656,191,134
22581,WOOD STOCKING CHRISTMAS SCANDISPOT,2850.93,3563,381,208
23504,PLAYING CARDS JUBILEE UNION JACK,2848.89,1927,208,164
23427,STOOL HOME SWEET HOME ,2837.68,235,116,87
22200,FRYING PAN PINK POLKADOT,2831.69,635,191,68
22576,SWALLOW WOODEN CHRISTMAS DECORATION,2829.98,3126,331,191
21688,SILVER PLATE CANDLE BOWL SMALL,2827.9500000000003,906,143,97
22080,RIBBON REEL POLKADOTS ,2827.36,1666,243,167
21706,"FOLDING UMBRELLA , RED/WHITE SPOT",2819.27,887,108,73
21821,GLITTER STAR GARLAND WITH BELLS ,2817.85,700,155,86
22285,"DECORATION HEN ON NEST, HANGING",2809.39,1865,148,105
22073,RETRO SPOT STORAGE JAR,2808.29,717,165,96
22072,TEA CUP AND SAUCER RETRO SPOT,2806.34,684,145,69
22671,FRENCH LAUNDRY SIGN BLUE METAL,2804.9399999999996,1684,249,140
22449,SILK PURSE BABUSHKA PINK,2803.63,851,220,111
21508,VINTAGE KID DOLLY CARD ,2803.58,6704,542,215
84909A,PINK PAISLEY QUILT ,2797.55,209,30,24
22696,WICKER WREATH LARGE,2790.83,1415,288,203
84519A,TOMATO CHARLIE+LOLA COASTER SET,2788.4500000000003,1200,203,96
22731,3D CHRISTMAS STAMPS STICKERS ,2786.12,1984,234,139
22452,MEASURING TAPE BABUSHKA PINK,2785.75,1082,209,96
21796,SET OF 3 RED STRIPE BASKETS,2782.19,324,67,57
85199S,SMALL HANGING IVORY/RED WOOD BIRD,2779.2,5998,487,188
23212,HEART WREATH DECORATION WITH BELL,2770.89,2224,188,103
21360,JOY LARGE WOOD LETTERS,2770.5099999999998,439,101,82
22710,WRAP I LOVE LONDON ,2768.78,7059,178,112
22949,36 DOILIES DOLLY GIRL,2765.33,1949,164,121
22974,CHILDRENS DOLLY GIRL MUG,2762.8099999999995,1616,218,128
22365,DOOR MAT RESPECTABLE HOUSE,2758.94,379,125,80
23190,BUNDLE OF 3 SCHOOL EXERCISE BOOKS  ,2758.5999999999995,1700,204,146
21683,MEDIUM MEDINA STAMPED METAL BOWL ,2754.5200000000004,935,153,96
22184,CAKE STAND VICTORIAN FILIGREE LARGE,2752.27,371,158,61
85015,SET OF 12  VINTAGE POSTCARD SET,2750.0,2908,254,133
21682,LARGE MEDINA STAMPED METAL BOWL ,2747.79,555,154,116
85132B,CHARLIE AND LOLA TABLE TINS,2747.63,917,124,74
21728,METAL MEDINA LANTERN ,2747.61,296,42,34
22217,T-LIGHT HOLDER HANGING LACE,2744.81,2318,217,152
84795C,OCEAN STRIPE HAMMOCK ,2744.6400000000003,324,132,70
22315,200 RED + WHITE BENDY STRAWS,2743.26,2132,390,191
22071,SMALL WHITE RETROSPOT MUG IN BOX ,2741.75,859,182,139
23341,PINK DINER WALL CLOCK,2741.35,307,121,75
22145,CHRISTMAS CRAFT HEART STOCKING ,2740.0600000000004,1300,199,155
35001W,HAND OPEN SHAPE DECO.WHITE,2739.88,862,195,79
22482,BLUE TEA TOWEL CLASSIC DESIGN,2739.43,2319,214,154
23100,SILVER BELLS TABLE DECORATION,2738.13,2165,258,180
23147,SINGLE ANTIQUE ROSE HOOK IVORY,2730.45,1853,267,170
22525,CHILDRENS GARDEN GLOVES PINK,2730.04,1935,333,189
15058C,ICE CREAM DESIGN GARDEN PARASOL,2729.92,466,124,56
23266,SET OF 3 WOODEN STOCKING DECORATION,2728.82,2041,320,201
22651,GENTLEMAN SHIRT REPAIR KIT ,2720.8599999999997,3175,270,112
22675,FRENCH KITCHEN SIGN BLUE METAL,2719.95,2199,274,179
22066,LOVE HEART TRINKET POT,2718.5099999999998,3425,278,186
23164,REGENCY CAKE SLICE,2713.7000000000003,577,93,70
21424,WOODLAND STORAGE BOX LARGE ,2709.7400000000002,897,151,51
22161,HEART DECORATION RUSTIC HANGING ,2709.4,6638,491,156
23542,WALL ART 70'S ALPHABET ,2708.36,350,77,45
21324,HANGING MEDINA LANTERN SMALL,2705.61,960,178,101
22914,BLUE COAT RACK PARIS FASHION,2695.9100000000003,565,174,117
22524,CHILDRENS GARDEN GLOVES BLUE,2695.73,1938,301,188
22081,RIBBON REEL FLORA + FAUNA ,2693.39,1518,305,170
22479,DAISY GARDEN MARKER,2691.19,1939,214,129
16161U,WRAP SUKI AND FRIENDS,2690.42,6601,211,148
23264,SET OF 3 WOODEN SLEIGH DECORATIONS,2689.56,1962,300,177
47480,HANGING PHOTO CLIP ROPE LADDER,2689.23,1623,152,62
21188,3D HEARTS  HONEYCOMB PAPER GARLAND,2681.69,877,130,69
22242,5 HOOK HANGER MAGIC TOADSTOOL,2681.4599999999996,1724,115,77
85035C,ROSE 3 WICK MORRIS BOX CANDLE,2681.1,1353,198,129
23333,IVORY WICKER HEART MEDIUM,2680.45,2077,234,179
21744,SNOWFLAKE PORTABLE TABLE LIGHT ,2679.4600000000005,892,218,131
90057,DIAMANTE RING ASSORTED IN BOX.,2675.88,1804,37,29
22167, OVAL WALL MIRROR DIAMANTE ,2674.67,261,178,46
22436,12 COLOURED PARTY BALLOONS,2669.5,4189,293,173
22495,SET OF 2 ROUND TINS CAMEMBERT ,2664.6200000000003,934,238,165
21224,SET/4 SKULL BADGES,2664.41,2149,315,140
22650,CERAMIC PIRATE CHEST MONEY BANK,2664.23,1750,290,150
21788,KIDS RAIN MAC BLUE,2663.24,3302,212,143
22101,MIRROR MOSAIC VOTIVE HOLDER,2661.81,1584,118,44
21109,LARGE CAKE TOWEL CHOCOLATE SPOTS,2661.67,925,104,51
22818,CARD CHRISTMAS VILLAGE,2660.38,6146,409,252
22028,PENNY FARTHING BIRTHDAY CARD,2655.05,6320,509,204
85049B,LUSH GREENS RIBBONS,2653.3,2126,338,224
23407,SET OF 2 TRAYS HOME SWEET HOME,2649.73,261,137,103
22155,STAR DECORATION RUSTIC,2649.55,5872,343,165
21693,SMALL HAMMERED SILVER CANDLEPOT ,2648.6200000000003,871,120,84
21742,LARGE ROUND WICKER PLATTER ,2647.28,437,193,156
21923,RED/CREAM STRIPE FRINGE HAMMOCK,2646.7400000000002,335,121,80
22930,BAKING MOULD HEART MILK CHOCOLATE,2645.2,1012,190,120
82600,N0 SINGING METAL SIGN,2639.42,1225,49,30
22152,PLACE SETTING WHITE STAR,2637.66,6230,245,154
22376,AIRLINE BAG VINTAGE JET SET WHITE,2632.18,531,248,145
22503,CABIN BAG VINTAGE PAISLEY,2631.3199999999997,119,60,29
22500,SET OF 2 TINS JARDIN DE PROVENCE,2627.51,576,199,155
21897,POTTING SHED CANDLE CITRONELLA,2626.61,861,108,86
22667,RECIPE BOX RETRO SPOT DESIGN,2620.9,934,183,138
21980,PACK OF 12 RED RETROSPOT TISSUES ,2619.6099999999997,8448,410,263
21422,PORCELAIN ROSE SMALL,2615.77,3156,149,71
21204,DAISIES  HONEYCOMB GARLAND ,2611.74,1559,207,109
22713,CARD I LOVE LONDON ,2607.72,6064,370,148
85034B,3 WHITE CHOC MORRIS BOXED CANDLES,2606.64,1183,152,95
51014C,"FEATHER PEN,COAL BLACK",2606.6,4053,272,108
72800E,4 IVORY DINNER CANDLES SILVER FLOCK,2604.34,1376,287,139
85049F,BABY BOOM RIBBONS ,2602.75,2085,316,206
85183B,CHARLIE & LOLA WASTEPAPER BIN FLORA,2600.5099999999998,1690,174,124
22046,TEA PARTY  WRAPPING PAPER ,2599.22,6341,210,147
37502,TEA TIME MUG IN GIFT BOX,2596.84,867,172,97
23054,RECYCLED ACAPULCO MAT LAVENDER,2596.68,294,131,81
22758,LARGE PURPLE BABUSHKA NOTEBOOK  ,2595.85,2419,317,151
47585A,PINK FAIRY CAKE CUSHION COVER,2594.13,1071,150,66
22190,LOCAL CAFE MUG,2589.57,1399,243,89
72799E,IVORY PILLAR CANDLE SILVER FLOCK,2582.94,1226,179,105
23196,VINTAGE LEAF MAGNETIC NOTEPAD,2582.2999999999997,1706,278,159
85227,SET OF 6 3D KIT CARDS FOR KIDS,2580.25,2818,395,206
21171,BATHROOM METAL SIGN ,2578.27,1845,260,142
84849D,HOT BATHS SOAP HOLDER,2577.71,1534,263,122
79320,FLAMINGO LIGHTS,2574.3,534,102,53
23534,STOP FOR TEA WALL ART,2572.7,518,41,40
82597,BOMBS AWAY METAL SIGN,2563.77,1207,217,106
22231,JIGSAW TREE WITH BIRDHOUSE,2562.33,2028,315,166
21808,"CHRISTMAS GARLAND STARS,TREES",2560.53,955,148,70
22471,TV DINNER TRAY AIR HOSTESS ,2556.91,624,178,91
22199,FRYING PAN RED RETROSPOT,2556.21,609,219,95
22146,EASTER CRAFT IVY WREATH WITH CHICK,2555.43,1367,109,93
21499,BLUE SPOTS  WRAP,2555.0,6350,196,152
21589,SWALLOW GIANT TUBE MATCHES,2552.85,1107,89,73
47503J,SET/3 FLORAL GARDEN TOOLS IN BAG,2552.2,324,77,32
21653,GLASS ETCHED T-LIGHT HOLDER LARGE,2550.9700000000003,1239,113,76
20960,WATERMELON BATH SPONGE,2550.84,1900,215,85
22439,6 ROCKET BALLOONS ,2550.26,3816,368,216
22270,HAPPY EASTER HANGING DECORATION,2541.89,659,160,104
22735,RIBBON REEL SOCKS AND MITTENS,2541.38,1434,231,133
85035B,CHOCOLATE 3 WICK MORRIS BOX CANDLE,2539.29,986,131,75
21898,POTTING SHED ROSE CANDLE,2538.81,827,113,73
20787,BLUE RETRO BAR STOOL,2535.1,74,31,7
84968E,S/16 VINTAGE BLACK CUTLERY,2534.45,221,41,20
23292,SPACEBOY CHILDRENS CUP,2531.32,2029,222,112
90062,CARNIVAL BRACELET,2527.67,199,113,33
84012,MAGIC SHEEP WOOL GROWING FROM PAPER,2526.47,1718,180,127
23681,LUNCH BAG RED VINTAGE DOILY,2525.04,1576,132,105
22197,"POPCORN HOLDER , SMALL ",2520.65,3175,117,66
22415,WHITE TISSUE REAM,2520.15,317,204,156
22350,CAT BOWL ,2518.69,945,122,84
85034C,3 ROSE MORRIS BOXED CANDLES,2518.4,1291,203,130
84968A,S/16 VINTAGE ROSE CUTLERY,2511.24,190,85,29
23131,MISTLETOE HEART WREATH CREAM,2510.58,618,112,86
21431,GREEN GINGHAM FLOWER JEWELLERY BOX,2508.06,1481,280,168
23424,GINGHAM RECIPE BOOK BOX,2504.67,461,136,87
22313,OFFICE MUG WARMER PINK,2498.67,733,139,74
82567,"AIRLINE LOUNGE,METAL SIGN",2496.88,1206,490,136
22451,SILK PURSE BABUSHKA RED,2494.92,726,152,88
21323,HANGING MEDINA LANTERN LARGE,2494.14,737,81,46
21288,STRIPEY CHOCOLATE NESTING BOXES,2493.32,957,226,105
23316,RED REFECTORY CLOCK ,2491.69,249,111,75
22939,APRON APPLE DELIGHT,2487.36,502,138,87
23146,TRIPLE HOOK ANTIQUE IVORY ROSE,2481.16,748,249,151
23367,SET 12 COLOUR PENCILS SPACEBOY ,2480.8,3262,283,184
84754,S/15 SILVER GLASS BAUBLES IN BAG,2479.45,1937,220,129
84968F,SET OF 16 VINTAGE SKY BLUE CUTLERY,2479.35,214,80,33
85054,FRENCH ENAMEL POT W LID,2474.82,908,209,107
22742,MAKE YOUR OWN PLAYTIME CARD KIT,2469.4,1000,181,132
22937,BAKING MOULD CHOCOLATE CUPCAKES,2468.89,935,159,119
85041,SET/4 PINK ORCHID CANDLES IN BOWL,2466.77,1839,95,64
22291,"SPRING DEC , HANGING CHICK CREAM",2464.7799999999997,1876,143,76
21616,4 PEAR BOTANICAL DINNER CANDLES,2458.58,1152,191,126
21680,WOODLAND  STICKERS,2458.18,2830,270,111
22129,PARTY CONES CANDY TREE DECORATION,2457.8599999999997,2774,108,92
21203,BUTTERFLIES  HONEYCOMB GARLAND,2455.7499999999995,1490,147,85
20668,DISCO BALL CHRISTMAS DECORATION,2454.52,20948,369,182
85206B,PINK FELT EASTER EGG BASKET,2454.2,1524,186,138
23352,ROLL WRAP 50'S RED CHRISTMAS ,2444.2,1788,213,151
23489,VINTAGE BELLS GARLAND,2443.35,821,149,116
21330,WOODLAND ANIMAL  WRITING SET ,2439.22,1443,202,102
21792,CLASSIC FRENCH STYLE BASKET GREEN ,2432.93,481,147,111
21809,CHRISTMAS HANGING TREE WITH BELL,2427.89,3015,207,118
22342,HOME GARLAND PAINTED ZINC ,2424.95,1747,236,111
21106,CREAM SLICE FLANNEL CHOCOLATE SPOT ,2419.6800000000003,790,169,98
22911,PAPER CHAIN KIT LONDON,2418.9500000000003,841,168,115
22789,T-LIGHT HOLDER SWEETHEART HANGING,2417.59,1237,197,138
22091,EMPIRE TISSUE BOX,2417.11,3124,328,184
21823,PAINTED METAL HEART WITH HOLLY BELL,2412.92,2444,213,136
22613,PACK OF 20 SPACEBOY NAPKINS,2411.2599999999998,3041,274,166
22021,BLUE FELT EASTER EGG BASKET,2410.5099999999998,1401,234,161
22540,MINI JIGSAW CIRCUS PARADE ,2409.0299999999997,6159,191,116
21274,EMBOSSED HEART 3 DRAWER SHELF,2407.94,174,106,61
21924,BLUE/CREAM STRIPE FRINGE HAMMOCK,2407.1600000000003,305,126,82
84840,SWEETHEART CARRY-ALL BASKET,2405.32,279,142,110
21439,BASKET OF TOADSTOOLS,2405.06,1851,241,112
23406,HOME SWEET HOME KEY HOLDER,2403.9100000000003,453,113,65
21642,ASSORTED TUTTI FRUTTI PEN,2402.8399999999997,4147,266,151
21973,SET OF 36 MUSHROOM PAPER DOILIES,2401.18,1657,212,117
22153,ANGEL DECORATION STARS ON DRESS,2399.44,5539,288,136
23400,SHELF WITH 4 HOOKS HOME SWEET HOME,2396.84,459,108,76
23265,SET OF 3 WOODEN TREE DECORATIONS,2386.04,1754,295,180
21462,"NURSERY A,B,C PAINTED LETTERS",2384.91,407,177,132
85036A,GARDENIA 1 WICK MORRIS BOXED CANDLE,2383.71,617,167,117
84795B,SUNSET CHECK HAMMOCK,2379.09,298,96,56
20674,GREEN POLKADOT BOWL,2376.52,1841,251,118
47570,ENGLISH ROSE TABLE CLOTH,2373.01,220,78,47
23498,CLASSIC BICYCLE CLIPS ,2372.68,1640,99,77
84997d,CHILDRENS CUTLERY POLKADOT PINK,2372.33,285,65,0
23535,BICYCLE SAFTEY WALL ART,2371.94,458,39,38
22829,SWEETHEART WIRE WALL TIDY,2370.72,230,119,83
85059,FRENCH ENAMEL WATER BASIN,2369.89,691,215,108
22990,COTTON APRON PANTRY DESIGN,2363.73,507,175,117
10133,COLOURING PENCILS BROWN TUBE,2360.56,3817,291,153
21531,RETRO SPOT SUGAR JAM BOWL,2359.29,912,199,106
21789,KIDS RAIN MAC PINK,2358.87,2828,223,138
21811,HANGING HEART WITH BELL,2356.08,4571,220,106
21468,BUTTERFLY CROCHET FOOD COVER,2353.89,667,144,91
22897,OVEN MITT APPLES DESIGN,2348.85,1571,269,167
22642,SET OF 4 NAPKIN CHARMS STARS   ,2348.47,989,141,113
23437, 50'S CHRISTMAS GIFT BAG LARGE,2341.13,1913,130,106
22537,MAGIC DRAWING SLATE DINOSAUR,2340.27,5717,349,224
23412,HEART MIRROR ANTIQUE WHITE,2339.8,356,77,64
23401,RUSTIC MIRROR WITH LACE HEART,2336.12,456,86,59
84509F,SET OF 4 NEW ENGLAND PLACEMATS,2336.1,2749,36,29
22421,LIPSTICK PEN FUSCHIA,2333.2599999999998,4678,412,172
21437,24 HANGING EASTER EGGS FLORAL TUB,2332.17,672,111,88
21126,SET OF 6 GIRLS CELEBRATION CANDLES,2331.72,2311,287,169
23396,LE JARDIN BOTANIQUE CUSHION COVER,2330.0,555,167,114
85034A,3 GARDENIA MORRIS BOXED CANDLES,2327.07,835,140,92
21824,PAINTED METAL STAR WITH HOLLY BELLS,2316.66,2758,212,137
22609,PENS ASSORTED SPACEBALL,2315.9,6943,205,118
21747,SMALL SKULL WINDMILL,2315.37,1923,156,83
21615,4 LAVENDER BOTANICAL DINNER CANDLES,2308.67,1168,169,115
84459B,YELLOW METAL CHICKEN HEART ,2306.0099999999998,1451,214,115
23371,SET 36 COLOUR PENCILS SPACEBOY ,2304.78,1705,185,98
21947,SET OF 6 HEART CHOPSTICKS,2302.81,1675,298,122
71459,HANGING JAM JAR T-LIGHT HOLDERS,2295.5,2810,93,61
22251,BIRDHOUSE DECORATION MAGIC GARDEN,2293.89,1852,302,141
22566,FELTCRAFT HAIRBAND PINK AND PURPLE,2292.22,2740,289,185
21741,COSY SLIPPER SHOES LARGE GREEN,2291.2000000000003,700,191,108
22306,SILVER MUG BONE CHINA TREE OF LIFE,2287.5,1604,167,125
84997b,CHILDRENS CUTLERY RETROSPOT RED ,2287.37,273,55,0
22831,WHITE BROCANTE SOAP DISH,2286.28,776,138,101
85176,SEWING SUSAN 21 NEEDLE SET,2279.8199999999997,2732,310,116
23330,DECORATIVE WICKER HEART MEDIUM,2279.47,1788,217,158
21482,MUSHROOM BLUE HOT WATER BOTTLE,2279.06,734,185,105
21262,WHITE GOOSE FEATHER CHRISTMAS TREE ,2277.57,595,137,69
22828,REGENCY MIRROR WITH SHUTTERS,2275.0,15,12,9
85107,CUT GLASS T-LIGHT HOLDER OCTAGON,2274.79,1203,70,56
84536A,ENGLISH ROSE NOTEBOOK A7 SIZE,2273.77,5039,615,227
85106,CUT GLASS HEXAGON T-LIGHT HOLDER,2271.24,1190,59,40
22539,MINI JIGSAW DOLLY GIRL,2267.71,5653,248,138
85199L,LARGE HANGING IVORY & RED WOOD BIRD,2267.4700000000003,3428,276,136
22362,GLASS JAR PEACOCK BATH SALTS,2265.98,705,271,133
85114C,RED ENCHANTED FOREST PLACEMAT,2263.06,1179,161,79
21873,IF YOU CAN'T STAND THE HEAT MUG,2259.94,1919,203,98
85183A,CHARLIE & LOLA WASTEPAPER BIN BLUE,2257.0,1503,145,105
21826,EIGHT PIECE DINOSAUR SET,2255.62,1745,248,136
84818,DANISH ROSE PHOTO FRAME,2250.2,1681,223,122
84469,ROSE DES PADDED FLOOR CUSHION,2249.41,664,44,35
22133,PINK LOVE HEART SHAPE CUP,2248.41,2452,328,109
22933,BAKING MOULD EASTER EGG MILK CHOC,2248.1200000000003,784,124,82
21819,GLITTER CHRISTMAS STAR ,2247.14,3847,248,178
21187,WHITE BELL HONEYCOMB PAPER GARLAND ,2243.7799999999997,1344,144,90
22024,RAINY LADIES BIRTHDAY CARD,2241.88,5355,442,170
23029,DRAWER KNOB CRACKLE GLAZE GREEN,2237.9199999999996,1312,162,97
22803,IVORY EMBROIDERED QUILT ,2237.84,59,36,22
23326,HANGING MINI COLOURED BOTTLES,2237.08,3442,76,52
21804,WHITE CHRISTMAS GARLAND STARS TREES,2233.4900000000002,595,138,92
23093,SMALL PARISIENNE HEART PHOTO FRAME ,2231.77,936,144,105
22983,CARD BILLBOARD FONT,2231.45,5214,454,225
23048,SET OF 10 LANTERNS FAIRY LIGHT STAR,2231.42,544,104,81
35001G,HAND OPEN SHAPE GOLD,2222.18,704,105,47
22336,DOVE DECORATION PAINTED ZINC ,2220.01,4638,215,136
23501,KEY RING BASEBALL BOOT UNION JACK,2217.87,1821,112,77
23197,SKETCHBOOK MAGNETIC SHOPPING LIST,2217.45,1417,253,113
84997c,CHILDRENS CUTLERY POLKADOT BLUE,2216.2099999999996,265,56,0
22973,CHILDREN'S CIRCUS PARADE MUG,2215.7299999999996,1301,158,87
16237,SLEEPING CAT ERASERS,2214.04,10294,583,209
22409,MONEY BOX BISCUITS DESIGN,2212.96,1624,166,104
84913A,SOFT PINK ROSE TOWEL ,2211.54,608,266,26
85035A,GARDENIA 3 WICK MORRIS BOXED CANDLE,2210.96,612,185,113
21686,MEDINA STAMPED METAL STOOL,2210.4900000000002,58,35,10
85172,HYACINTH BULB T-LIGHT CANDLES,2210.3,4118,156,112
22716,CARD CIRCUS PARADE,2206.37,5206,448,244
21681,GIANT MEDINA STAMPED METAL BOWL ,2204.96,230,81,62
17091J,VANILLA INCENSE IN TIN,2204.35,3964,178,108
21638,ASSORTED TUTTI FRUTTI NOTEBOOK,2204.1400000000003,1012,143,84
23064,CINDERELLA CHANDELIER ,2203.51,150,33,20
21811,CHRISTMAS HANGING HEART WITH BELL,2202.38,1721,163,108
21651,HANGING GLASS ETCHED TEALIGHT,2200.3599999999997,1361,124,81
22514,CHILDS GARDEN SPADE BLUE,2198.7200000000003,1088,242,151
21464,DISCO BALL ROTATOR BATTERY OPERATED,2197.5,518,227,128
22074,6 RIBBONS SHIMMERING PINKS ,2196.54,2144,288,127
23403,LETTER HOLDER HOME SWEET HOME,2192.86,622,137,80
21125,SET 6 FOOTBALL CELEBRATION CANDLES,2192.63,2108,250,163
21476,STEEL SWEETHEART ROUND TABLE CREAM,2189.6099999999997,140,87,53
22711,WRAP CIRCUS PARADE,2189.34,5327,183,148
20665,RED SPOTTY PURSE ,2186.7200000000003,705,160,101
85045,GREEN CHRISTMAS TREE STRING 20LIGHT,2184.84,459,87,61
22227,HANGING HEART MIRROR DECORATION ,2181.87,3036,358,109
22952,72 CAKE CASES VINTAGE CHRISTMAS,2178.1400000000003,4346,101,93
20770,ABSTRACT CIRCLE JOURNAL ,2170.49,1035,203,95
15056n,EDWARDIAN PARASOL NATURAL,2170.4,173,116,0
84691,PACK 20 DOLLY PEGS,2169.3999999999996,2665,238,124
21611,SET OF 12 LILY BOTANICAL T-LIGHTS,2164.4900000000002,744,150,93
23436,VINTAGE CHRISTMAS GIFT BAG LARGE ,2163.64,1816,107,82
21696,SMALL SILVER TRELLIS CANDLEPOT,2162.6400000000003,719,110,80
85039B,S/4 IVORY MINI ROSE CANDLE IN BOWL,2158.72,1641,267,84
21245,GREEN  SPOTTY PLATE ,2155.17,1308,146,89
22948,METAL DECORATION NAUGHTY CHILDREN ,2154.49,2143,182,93
20931,BLUE POT PLANT CANDLE ,2150.52,646,166,92
23445,ICE CREAM BUBBLES,2144.64,2648,102,81
85116,BLACK CANDELABRA T-LIGHT HOLDER,2143.2400000000002,1787,183,40
22227,"DECORATION, HANGING HEART+MIRROR ",2140.8500000000004,2952,291,113
22310,IVORY KNITTED MUG COSY ,2140.35,1142,165,50
21421,PORCELAIN ROSE LARGE ,2136.98,1786,106,60
21905,MORE BUTTER METAL SIGN ,2136.87,1613,265,132
22182,CAKE STAND VICTORIAN FILIGREE SMALL,2136.65,557,175,59
21617,4 LILY  BOTANICAL DINNER CANDLES,2135.01,834,169,102
23161,REGENCY CAKE FORK,2130.3,1703,99,58
22292,"SPRING DEC , HANGING CHICK  YELLOW",2130.08,1616,110,80
22708,WRAP DOLLY GIRL,2130.0,5300,160,115
21774,DECORATIVE CATS BATHROOM BOTTLE,2128.56,1710,369,79
23302,KNEELING MAT HOUSEWORK  DESIGN,2127.18,1500,235,140
23028,DRAWER KNOB CRACKLE GLAZE BLUE,2127.08,1200,137,87
23005,TRAVEL CARD WALLET I LOVE LONDON,2126.13,4732,242,105
23213,STAR WREATH DECORATION WITH BELL,2123.42,1670,153,95
21195,PINK  HONEYCOMB PAPER BALL ,2122.66,997,150,49
85216,ASSORTED CAKES FRIDGE MAGNETS,2122.3700000000003,2800,191,115
22515,CHILDS GARDEN SPADE PINK,2121.34,1048,214,139
21246,RED SPOTTY BIG BOWL,2121.15,417,103,68
20764,ABSTRACT CIRCLES SKETCHBOOK ,2119.76,681,194,107
22824,3 TIER SWEETHEART GARDEN SHELF,2118.0,60,49,47
22714,CARD BIRTHDAY COWBOY,2116.87,5169,363,187
21709,FOLDING UMBRELLA  CHOC/WHITE  SPOT,2115.77,533,49,35
85099b,JUMBO BAG RED RETROSPOT,2111.64,419,25,0
23046,PAPER LANTERN 9 POINT DELUXE STAR,2111.4900000000002,349,36,31
22852,DOG BOWL VINTAGE CREAM,2111.38,476,157,104
85114A,BLACK ENCHANTED FOREST PLACEMAT,2110.9,1270,103,46
21643,ASSORTED TUTTI FRUTTI MIRROR,2110.44,1507,207,76
23252,VINTAGE RED ENAMEL TRIM JUG ,2107.86,562,143,104
21245,GREEN POLKADOT PLATE ,2106.43,1255,159,83
21232,STRAWBERRY CERAMIC TRINKET POT,2103.7200000000003,1347,130,58
23031,DRAWER KNOB CRACKLE GLAZE PINK,2099.4999999999995,1246,162,93
23232,WRAP VINTAGE LEAF DESIGN,2098.5,5225,136,118
22454,MEASURING TAPE BABUSHKA RED,2095.9100000000003,737,117,79
23233,WRAP POPPIES  DESIGN,2095.0,5150,159,130
22338,STAR DECORATION PAINTED ZINC ,2091.6200000000003,5992,269,143
23438, RED SPOT GIFT BAG LARGE,2089.92,1713,103,82
22913,RED COAT RACK PARIS FASHION,2088.05,446,124,84
22996,TRAVEL CARD WALLET VINTAGE TICKET,2084.0099999999998,4775,412,155
72799F,IVORY PILLAR CANDLE GOLD FLOCK,2082.7400000000002,1125,102,62
23079,TOADSTOOL BEDSIDE LIGHT ,2082.25,235,112,82
23526,DOG LICENCE WALL ART,2081.64,408,29,28
40018F,CHERRY DESIGN PAPERLANTERNS,2076.93,1080,120,69
21359,RELAX LARGE WOOD LETTERS,2076.68,204,77,57
21655,HANGING RIDGE GLASS T-LIGHT HOLDER,2075.58,1268,95,56
84854,GIRLY PINK TOOL SET,2075.2200000000003,380,111,42
21865,PINK UNION JACK  PASSPORT COVER ,2073.04,890,298,129
84796A,PINK HAWAIIAN PICNIC HAMPER FOR 2,2072.9500000000003,284,111,23
23536,VILLAGE SHOW WALL ART,2072.42,386,18,17
22023,EMPIRE BIRTHDAY CARD,2071.73,4963,431,177
22695,WICKER WREATH SMALL,2070.15,1457,225,151
23360,SET 8 CANDLES VINTAGE DOILY,2070.1,1060,107,88
23370,SET 36 COLOURING PENCILS DOILY,2069.1,1484,148,84
21619,4 VANILLA BOTANICAL CANDLES,2069.02,1131,212,138
85049H,URBAN BLACK RIBBONS ,2067.18,2066,334,154
84670,JAPANESE CROCHETED ANIMAL,2065.72,5046,185,114
20983,12 PENCILS TALL TUBE RED SPOTTY,2063.8599999999997,2346,259,156
23227,FILIGREE HEART BUTTERFLY WHITE ,2062.56,1636,119,61
21706,FOLDING UMBRELLA RED/WHITE POLKADOT,2058.44,431,151,71
22279,POCKET BAG BLUE PAISLEY RED SPOT,2058.37,1403,216,109
21077,SET/20 WOODLAND PAPER NAPKINS ,2058.1,2790,192,111
22163,HEART STRING MEMO HOLDER HANGING,2056.07,1190,202,86
51014L,"FEATHER PEN,LIGHT PINK",2054.47,3241,230,111
23152,IVORY SWEETHEART WIRE LETTER RACK ,2054.4,547,162,108
21070,VINTAGE BILLBOARD MUG ,2050.14,2004,231,107
21640,ASSORTED TUTTI FRUTTI  FOB NOTEBOOK,2049.4,2225,205,99
84990,60 GOLD AND SILVER FAIRY CAKE CASES,2048.9900000000002,4224,194,112
23291,DOLLY GIRL CHILDRENS CUP,2046.53,1624,198,104
21058,PARTY INVITES WOODLAND,2045.3899999999999,2384,276,148
79323GR,GREEN CHERRY LIGHTS,2040.8600000000001,338,120,72
23500,KEY RING BASEBALL BOOT ASSORTED ,2038.33,1626,98,76
22859,EASTER TIN BUNNY BOUQUET,2032.9499999999998,1218,171,115
84968D,SET OF 16 VINTAGE RED CUTLERY,2031.2,184,69,38
84509B,SET OF 4 FAIRY CAKE PLACEMATS,2027.73,538,169,87
22069,BROWN  PIRATE TREASURE CHEST ,2026.4099999999999,909,244,62
22191,EAU DE NIL DINER WALL CLOCK,2025.55,243,124,95
21200,MULTICOLOUR HONEYCOMB PAPER GARLAND,2024.56,1393,127,64
23490,T-LIGHT HOLDER HANGING LOVE BIRD,2021.52,539,102,83
22261,FELT EGG COSY WHITE RABBIT ,2020.9499999999998,2101,244,126
22400,MAGNETS PACK OF 4 HOME SWEET HOME,2019.17,2425,236,159
22308,TEA COSY BLUE STRIPE,2018.75,651,216,75
23251,VINTAGE RED ENAMEL TRIM MUG ,2018.25,1642,124,80
23543,KEEP CALM WALL ART ,2015.97,269,20,19
85016,SET OF 6 VINTAGE NOTELETS KIT,2015.48,1672,169,61
21356,TOAST ITS - FAIRY FLOWER,2012.9099999999999,1591,350,116
22799,SWEETHEART WIRE FRUIT BOWL,2012.34,252,109,85
37476,CONDIMENT TRAY 4 BOWLS AND 4 SPOONS,2010.6000000000001,209,77,22
22520,CHILDS GARDEN TROWEL BLUE ,2009.58,2295,374,256
21612,SET 12 WILDFLOWER BOTANICAL T-LIGHT,2008.0700000000002,692,114,76
22928,YELLOW GIANT GARDEN THERMOMETER,2005.65,290,122,64
47591C,BLUE FAIRY CAKE CHILD'S APRON,2004.6299999999999,1047,155,108
23268,SET OF 2 CERAMIC CHRISTMAS REINDEER,2000.74,1627,91,68
23274,STAR T-LIGHT HOLDER WILLIE WINKIE,2000.0499999999997,1177,122,85
21504,SKULLS GREETING CARD,1999.98,4901,330,158
23289,DOLLY GIRL CHILDRENS BOWL,1998.7,1610,195,111
23066,SMALL DECO JEWELLERY STAND,1997.56,242,80,64
23315,IVORY REFECTORY CLOCK,1996.44,201,87,63
23020,GLASS  SONGBIRD STORAGE JAR,1991.49,163,79,65
22853,CAT BOWL VINTAGE CREAM,1989.27,575,142,96
22521,CHILDS GARDEN TROWEL PINK,1986.2299999999998,2287,372,257
21215,IVORY PAPER CUP CAKE CASES ,1986.0800000000002,3154,264,114
84872A,TEATIME FUNKY FLOWER BACKPACK FOR 2,1983.54,181,105,6
21389,IVORY HANGING DECORATION  BIRD,1982.59,2269,267,149
23357,HOT WATER BOTTLE SEX BOMB,1982.0500000000002,450,102,79
22496,SET OF 2 ROUND TINS DUTCH CHEESE,1978.39,725,196,154
20686,DOLLY MIXTURE CHILDREN'S UMBRELLA,1977.84,582,193,119
35953,FOLKART STAR CHRISTMAS DECORATIONS,1977.22,3844,156,98
21348,PINK SPOTS CHOCOLATE NESTING BOXES ,1976.5900000000001,811,138,91
22451,SILK PURSE RUSSIAN DOLL RED,1975.27,605,88,59
20665,RED RETROSPOT PURSE ,1975.2200000000003,598,193,79
20871,OPULENT VELVET SET/3 CANDLES,1973.8500000000001,1271,129,72
84676,BATH DUCK WATERING CAN,1969.91,799,120,76
17084R,ASSORTED INCENSE PACK,1968.45,10625,66,29
22931,BAKING MOULD HEART WHITE CHOCOLATE,1963.3,813,129,95
84828,JUNGLE POPSICLES ICE LOLLY HOLDERS,1961.31,1531,201,92
20846,ZINC HEART LATTICE T-LIGHT HOLDER,1956.81,1453,169,105
22599,CHRISTMAS MUSICAL ZINC STAR,1956.4799999999998,3095,190,114
20674,GREEN SPOTTY BOWL,1953.44,1556,215,119
22466,FAIRY TALE COTTAGE NIGHT LIGHT,1951.29,959,116,74
22211,WOOD STAMP SET FLOWERS,1951.1,1482,293,162
23374,RED SPOT PAPER GIFT BAG,1949.7099999999998,2440,134,108
21695,SMALL SILVER FLOWER CANDLE POT,1949.2300000000002,629,103,65
22405,MONEY BOX POCKET MONEY DESIGN,1947.32,1605,217,171
23145,ZINC T-LIGHT HOLDER STAR LARGE,1946.2299999999998,2049,169,126
21803,CHRISTMAS TREE STAR DECORATION,1938.96,4463,322,86
21630,FLOOR CUSHION ELEPHANT CARNIVAL,1937.59,158,99,22
22802,FAUX FUR CHOCOLATE THROW,1933.59,110,62,39
22262,FELT EGG COSY CHICKEN,1933.37,2009,309,135
21657,MILK BOTTLE WITH GLASS STOPPER ,1932.63,252,121,76
22719,GUMBALL MONOCHROME COAT RACK,1932.39,1419,240,67
79160,HEART SHAPE WIRELESS DOORBELL,1928.97,923,222,51
23231,WRAP DOILEY DESIGN,1927.26,4703,164,124
35971,ROSE FOLKART HEART DECORATIONS,1926.49,1946,219,91
84581,DOG TOY WITH PINK CROCHET SKIRT,1920.02,506,234,125
85217,ASSORTED ICE CREAM FRIDGE MAGNETS,1919.45,2773,168,98
21538,DAIRY MAID  PUDDING BOWL,1917.01,1306,53,40
22098,BOUDOIR SQUARE TISSUE BOX,1916.93,2786,316,161
21802,CHRISTMAS TREE HEART DECORATION,1916.78,4376,324,89
21112,SWISS ROLL TOWEL PINK  SPOTS,1913.6899999999998,706,39,21
22438,BALLOON ART MAKE YOUR OWN FLOWERS,1913.22,1459,170,117
21991,BOHEMIAN COLLAGE STATIONERY SET,1912.54,1091,290,109
22614,PACK OF 12 SPACEBOY TISSUES,1912.0299999999997,5593,374,222
20716,PARTY FOOD SHOPPER BAG,1911.29,1522,248,122
85162B,BLACK RETRODISC LAMPSHADE,1905.15,977,13,5
84968E,SET OF 16 VINTAGE BLACK CUTLERY,1905.03,164,60,27
22753,SMALL YELLOW BABUSHKA NOTEBOOK ,1905.01,2320,405,205
79341,WILLOW BRANCH LIGHTS.,1904.0900000000001,277,102,60
21043,APRON MODERN VINTAGE COTTON,1903.18,674,142,81
84763,ZINC FINISH 15CM PLANTER POTS,1903.0,1517,170,106
22363,GLASS JAR MARMALADE ,1902.99,633,186,99
23094,LE GRAND TRAY CHIC SET,1899.92,150,81,65
84459A,PINK METAL CHICKEN HEART ,1898.6499999999999,1167,206,96
20984,12 PENCILS TALL TUBE POSY,1896.1999999999998,5651,248,178
15058B,PINK POLKADOT GARDEN PARASOL,1895.62,229,102,35
22513,DOORSTOP FOOTBALL DESIGN,1894.7,587,172,106
22522,CHILDS GARDEN FORK BLUE ,1893.06,2225,337,249
84519B,CARROT CHARLIE+LOLA COASTER SET,1892.42,866,215,98
23068,ALUMINIUM STAMPED HEART,1892.2300000000002,779,130,100
21692,SILVER LATTICE VANILLA CANDLE POT,1891.62,498,112,81
21647,ASSORTED TUTTI FRUTTI LARGE PURSE,1890.88,844,147,92
23491,VINTAGE JINGLE BELLS HEART,1889.51,227,79,64
22453,MEASURING TAPE BABUSHKA BLUE,1885.46,691,118,61
23358,HOT STUFF HOT WATER BOTTLE,1882.44,556,91,61
46775D,SUNSET COLOUR CHUNKY KNITTED THROW,1878.8899999999999,149,99,28
22291,HANGING CHICK CREAM DECORATION,1878.55,1269,123,73
23394,POSTE FRANCE CUSHION COVER,1877.65,435,150,90
23434,3 RAFFIA RIBBONS 50'S CHRISTMAS ,1876.27,2085,200,129
22210,WOOD STAMP SET BEST WISHES,1873.6699999999998,1571,290,180
20684,STRAWBERRY DREAM CHILDS UMBRELLA,1873.56,568,181,118
84856S,SMALL TAHITI BEACH BAG,1873.4,466,34,25
21085,SET/6 WOODLAND PAPER CUPS,1872.68,13731,66,42
21445,12 PINK ROSE PEG PLACE SETTINGS,1872.23,1507,148,88
16016,LARGE CHINESE STYLE SCISSOR,1870.7,2314,106,57
20703,BLUE PADDED SOFT MOBILE,1870.22,442,184,122
22523,CHILDS GARDEN FORK PINK,1869.54,2169,356,248
22935,BAKING MOULD ROSE MILK CHOCOLATE,1868.82,618,66,46
21091,SET/6 WOODLAND PAPER PLATES,1868.7,13700,47,31
85231B,CINAMMON SET OF 9 T-LIGHTS,1868.49,2043,385,181
21773,DECORATIVE ROSE BATHROOM BOTTLE,1868.15,1617,311,87
21687,SILVER PLATE CANDLE BOWL LARGE,1867.48,476,102,55
23090,VINTAGE GLASS T-LIGHT HOLDER,1862.56,2228,150,96
21613,S/12 VANILLA  BOTANICAL T-LIGHTS,1861.4500000000003,632,145,111
21983,PACK OF 12 BLUE PAISLEY TISSUES ,1861.1,6070,327,208
22858,EASTER TIN KEEPSAKE,1860.84,1125,142,104
21287,SCENTED VELVET LOUNGE CANDLE ,1860.0,4107,93,67
21540,DAIRY MAID BUTTER DISH,1854.83,1201,41,31
22602,RETROSPOT WOODEN HEART DECORATION,1852.28,2036,248,133
23128,FELTCRAFT BOY JEAN-PAUL KIT,1850.1100000000001,359,129,103
22068,BLACK PIRATE TREASURE CHEST,1848.2399999999998,1043,257,107
21581,SKULLS  DESIGN  COTTON TOTE BAG,1845.74,1152,205,105
23235,STORAGE TIN VINTAGE LEAF,1845.64,698,109,87
21841,BABY MOUSE RED GINGHAM DRESS,1844.72,434,133,106
21547,CERAMIC BIRDHOUSE CRESTED TIT SMALL,1842.5700000000002,717,120,69
85162C,WHITE RETRODISC LAMPSHADE,1841.7,904,46,11
22565,FELTCRAFT HAIRBANDS PINK AND WHITE ,1840.1399999999999,2013,273,169
23378,PACK OF 12 50'S CHRISTMAS TISSUES,1840.08,3997,176,127
16169E,WRAP 50'S  CHRISTMAS,1839.96,4438,151,143
21894,POTTING SHED SEED ENVELOPES,1836.14,1320,247,120
22832,BROCANTE SHELF WITH HOOKS,1835.3,166,87,68
21659,GLASS CAKE STAND,1831.8999999999999,116,70,46
21677,HEARTS  STICKERS,1828.78,2089,282,144
22317,FIVE CATS HANGING DECORATION,1827.64,587,167,83
23109,LED TEA LIGHTS,1826.76,634,65,54
21618,4 WILDFLOWER BOTANICAL CANDLES,1823.74,698,139,86
84327A,PINK JUMPER LARRY THE LAMB,1813.5100000000002,955,124,78
85173,SET/6 FROG PRINCE T-LIGHT CANDLES,1813.32,1013,151,70
85164B,BLACK BAROQUE CUCKOO CLOCK,1812.4299999999998,139,66,27
84797B,BLUE SAVANNAH PICNIC HAMPER FOR 4,1811.3000000000002,321,34,22
23228,FILIGREE HEART BIRD WHITE ,1810.24,1348,126,58
21384,IVORY HANGING DECORATION  BUTTERFLY,1810.1899999999998,1917,150,99
ADJUST,Adjustment by john on 26/01/2010 16,1803.33,2,38,32
21109,"LARGE CAKE TOWEL, CHOCOLATE SPOTS",1801.32,246,120,88
21096,SET/6 FRUIT SALAD  PAPER PLATES,1800.67,8911,144,91
22454,MEASURING TAPE RUSSIAN DOLL RED,1796.42,654,64,46
21039,RED SPOTTY SHOPPING BAG,1787.84,682,118,80
23160,REGENCY TEA SPOON,1786.98,1444,78,50
21761,WOOD AND GLASS MEDICINE CABINET,1784.8,64,25,21
84748,FOLK FELT HANGING MULTICOL GARLAND,1781.12,1170,93,27
23317,BLUE REFECTORY CLOCK ,1777.46,173,82,56
23155,KNICKERBOCKERGLORY MAGNET ASSORTED ,1775.06,2052,149,84
22586,FELTCRAFT HAIRBAND PINK AND BLUE,1774.34,2039,297,184
21241,GREEN SPOTTY CUP,1773.87,2101,251,125
79302M,"ART LIGHTS,FUNK MONKEY",1771.23,623,108,40
21357,TOAST ITS - DINOSAUR,1767.76,1340,212,105
23148,MINIATURE ANTIQUE ROSE HOOK IVORY,1764.7199999999998,2078,250,142
47566b,TEA TIME PARTY BUNTING,1761.2599999999998,212,113,0
21161,KEEP OUT BOYS DOOR HANGER ,1758.3899999999999,2274,209,120
22166,WALL MIRROR RECTANGLE DIAMANTE PINK,1758.12,218,100,16
21123,SET/10 IVORY POLKADOT PARTY CANDLES,1754.59,1442,174,78
21158,MOODY GIRL DOOR HANGER ,1754.49,2490,313,185
22307,GOLD MUG BONE CHINA TREE OF LIFE,1754.31,1158,125,87
84507B,STRIPES DESIGN MONKEY DOLL,1752.9799999999998,1342,119,52
20729,RED SPOTTY CANDY BAG,1750.62,5240,124,39
23359,SET OF 12 T-LIGHTS VINTAGE DOILY,1747.51,929,73,67
21780,MA CAMPAGNE 4 DRAWER WALL SHELF,1745.85,203,32,17
23399,HOME SWEET HOME HANGING HEART,1745.55,1914,225,146
22422,TOOTHPASTE TUBE PEN,1745.3400000000001,2719,355,119
21000,ROSE DU SUD COSMETICS BAG,1744.98,690,94,37
23101,SILVER STARS TABLE DECORATION,1739.6299999999999,2031,213,175
23096,PETIT TRAY CHIC,1736.6899999999998,1033,146,89
84006,MAGIC TREE -PAPER FLOWERS,1733.82,1851,214,86
22533,MAGIC DRAWING SLATE BAKE A CAKE ,1732.96,4399,232,162
21548,CERAMIC BIRDHOUSE FINCH BLUE ROOF,1731.8700000000001,667,111,55
23372,SET 36 COLOUR PENCILS DOLLY GIRL,1730.29,1373,148,76
84509G,SET OF 4 FAIRY CAKE PLACEMATS ,1729.9,720,132,84
23075,PARLOUR CERAMIC WALL HOOK,1727.9,416,81,58
20767,BLUE PAISLEY JOURNAL ,1723.76,805,181,113
23122,PARTY CHARMS 50 PIECES,1723.6,2248,135,90
22932,BAKING MOULD TOFFEE CUP CHOCOLATE,1722.78,758,73,51
85185B,PINK HORSE SOCK PUPPET,1719.5600000000002,551,168,102
21637,ASSORTED SANSKRIT MINI NOTEBOOK,1719.22,1340,94,40
84843,WHITE SOAP RACK WITH 2 BOTTLES,1719.16,278,112,66
22354,RETRO SPOT PADDED SEAT CUSHION,1718.93,475,56,45
22209,WOOD STAMP SET HAPPY BIRTHDAY,1717.58,1387,260,159
10125,MINI FUNKY DESIGN TAPES,1715.78,2103,167,87
21090,SET/6 COLLAGE PAPER PLATES,1715.05,3071,281,129
22026,BANQUET BIRTHDAY  CARD  ,1712.43,4017,367,140
21163,DO NOT TOUCH MY STUFF DOOR HANGER ,1711.9099999999999,2715,256,158
21662,VINTAGE GLASS COFFEE CADDY,1711.25,266,111,60
22035,VINTAGE CARAVAN GREETING CARD ,1710.66,4034,362,153
22676,FRENCH BLUE METAL DOOR SIGN 1,1708.56,1268,236,71
21620,SET OF 4 ROSE BOTANICAL CANDLES,1707.11,954,185,113
22166,"WALL MIRROR , RECT DIAMANTE, PINK/",1707.03,214,65,17
21652,GLASS ETCHED T-LIGHT HOLDER MEDIUM,1706.99,875,81,64
79320, FLAMINGO LIGHTS,1705.98,378,59,32
20990,SPRING FLOWER CHOPSTICKS SET/5,1704.19,894,104,54
22254,FELT TOADSTOOL LARGE,1702.21,1326,155,95
21895,POTTING SHED SOW 'N' GROW SET,1701.63,551,86,61
40001,WHITE BAMBOO RIBS LAMPSHADE,1700.71,2206,119,37
23181,BULL DOG BOTTLE TOP WALL CLOCK,1700.57,197,86,60
21189,WHITE HONEYCOMB PAPER GARLAND ,1698.8799999999999,797,123,53
22934,BAKING MOULD EASTER EGG WHITE CHOC,1698.6200000000001,586,79,65
79323S, SILVER CHERRY LIGHTS,1698.5500000000002,269,46,33
85060,WOOD FAN WITH FLOWER DESIGN,1698.12,1410,91,53
22286,"DECORATION , WOBBLY RABBIT , METAL ",1696.2899999999997,1107,128,88
84795A,PASTEL STRIPE HAMMOCK ,1696.02,208,70,34
22770,MIRROR CORNICE,1694.97,105,77,49
85014C,BLUE/BROWN DOTS RUFFLED UMBRELLA,1694.73,355,73,55
22516,CHILDS GARDEN RAKE BLUE,1694.3000000000002,837,164,106
23073,GEORGIAN TRINKET BOX,1694.0,142,62,49
21205,MULTICOLOUR 3D BALLS GARLAND,1693.4199999999998,648,148,86
22535,MAGIC DRAWING SLATE BUNNIES ,1691.13,4094,296,201
21394,RED POLKADOT BEAKER ,1690.3,3898,138,90
22587,FELTCRAFT HAIRBAND RED AND BLUE,1686.51,1908,302,189
84535B,FAIRY CAKES NOTEBOOK A6 SIZE,1686.01,2623,331,141
85127,SMALL SQUARE CUT GLASS CANDLESTICK,1685.92,271,82,30
21251,DINOSAUR HEIGHT CHART STICKER SET,1683.93,595,132,91
21629,SQUARE FLOOR CUSHION VINTAGE RED,1682.95,157,92,25
22416,SET OF 36 DOILIES SPACEBOY DESIGN ,1682.57,1210,112,79
20996,JAZZ HEARTS ADDRESS BOOK,1680.91,6297,336,179
22975,SPACEBOY CHILDRENS EGG CUP,1678.41,1244,194,113
46776F,WOVEN ROSE GARDEN CUSHION COVER ,1675.73,487,157,13
23368,SET 12 COLOUR PENCILS DOLLY GIRL ,1675.65,2373,234,134
22706,WRAP COWBOYS  ,1672.24,4172,127,109
23214,JINGLE BELL HEART ANTIQUE GOLD,1670.0800000000002,777,102,78
21446,12 RED ROSE PEG PLACE SETTINGS,1669.83,1258,232,122
21786,RAIN HAT WITH RED SPOTS,1668.04,4409,158,65
35809A,ENAMEL PINK TEA CONTAINER,1666.78,1137,177,76
21576,LETS GO SHOPPING COTTON TOTE BAG,1665.94,723,208,120
70007,HI TEC ALPINE HAND WARMER,1664.78,1294,206,87
21382,SET/4 SPRING FLOWER DECORATION,1659.66,1230,153,78
85039A,SET/4 RED MINI ROSE CANDLE IN BOWL,1656.4199999999998,1445,253,61
21294,ETCHED GLASS COASTER,1653.75,2246,139,83
20752,RETRO BLUE SPOTTY WASHING UP GLOVES,1653.64,964,157,94
23505,PLAYING CARDS I LOVE LONDON ,1651.29,1200,115,93
22319,HAIRCLIPS FORTIES FABRIC ASSORTED,1647.9900000000002,2910,182,142
21927,BLUE/CREAM STRIPE CUSHION COVER ,1646.99,1195,204,94
23273,HEART T-LIGHT HOLDER WILLIE WINKIE,1642.4499999999998,965,116,88
72816,SET/3 CHRISTMAS DECOUPAGE CANDLES,1641.52,1320,137,65
21448,12 DAISY PEGS IN WOOD BOX,1640.1699999999998,955,211,132
37441,ASSORTED WHITE EMBOSSED CHINA MUGS,1637.7,699,55,31
23270,SET OF 2 CERAMIC PAINTED HEARTS ,1637.62,1264,127,96
21633,SUNFLOWER DECORATIVE PARASOL,1637.61,173,74,32
22025,RING OF ROSES BIRTHDAY CARD,1636.6,3958,289,148
23366,SET 12 COLOURING PENCILS DOILY,1636.1000000000001,2200,191,112
21545,CERAMIC BIRDHOUSE BUTTERFLY SMALL,1634.22,695,84,52
22198,"POPCORN HOLDER , LARGE",1633.5099999999998,970,101,52
15058A,BLUE POLKADOT GARDEN PARASOL,1631.14,195,93,41
21793,CLASSIC FRENCH STYLE BASKET BROWN,1627.3600000000001,353,102,81
23391, I LOVE LONDON MINI BACKPACK,1624.02,388,86,58
84619,BLUE GINGHAM ROSE QUILT ,1622.96,72,29,22
22410,MONEY BOX HOUSEKEEPING DESIGN,1622.46,1327,197,134
84997b,RED 3 PIECE RETROSPOT CUTLERY SET,1621.0200000000002,192,23,0
21541,DINOSAURS WATER TRANSFER TATTOOS ,1620.09,1888,204,119
23217,LAUREL HEART ANTIQUE SILVER,1613.82,1309,97,64
21656,RIDGED GLASS POSY VASE ,1611.6399999999999,983,141,66
22559,SEASIDE FLYING DISC,1611.33,1275,180,100
21162,TOXIC AREA  DOOR HANGER ,1611.12,2318,287,172
21837,CROSS STITCH ALPHABET CUSHION COVER,1610.74,242,92,61
23483,HANGING  BUTTERFLY T-LIGHT HOLDER,1610.12,1306,77,57
22292,HANGING CHICK  YELLOW DECORATION,1608.86,1139,113,77
85131A,BEADED PEARL HEART WHITE ON STICK,1606.71,2011,203,64
22922,FRIDGE MAGNETS US DINER ASSORTED,1605.8999999999999,1839,118,82
85103,SILVER T-LIGHT SETTING,1605.46,236,72,33
35810A,ENAMEL PINK COFFEE CONTAINER,1602.64,1204,172,72
21593,SWALLOW CIGAR BOX MATCHES ,1599.31,1367,95,69
21039,RED RETROSPOT SHOPPING BAG,1595.01,615,114,73
21694,SMALL REGAL  SILVER CANDLEPOT ,1593.16,556,70,51
21645,ASSORTED TUTTI FRUTTI ROUND BOX,1593.1499999999999,939,136,86
82615,PINK MARSHMALLOW SCARF KNITTING KIT,1592.97,578,92,60
21986,PACK OF 12 PINK POLKADOT TISSUES,1591.9399999999998,5159,272,170
72817,SET OF 2 CHRISTMAS DECOUPAGE CANDLE,1591.28,1489,209,92
35160,BUDDHA INCENSE HOLDER ASSORTED,1590.6399999999999,2180,56,33
21283,NATURAL BARK CANDLE SMALL,1590.2,500,82,59
22517,CHILDS GARDEN RAKE PINK,1589.41,806,152,106
35471D,SET OF 3 BIRD LIGHT PINK FEATHER ,1589.36,2239,350,158
84913B,MINT GREEN ROSE TOWEL,1588.64,419,201,27
48195,DOOR MAT GREEN PAISLEY ,1586.56,264,88,57
23348,CHILDRENS TOY COOKING UTENSIL SET,1586.55,723,176,95
22597,CHRISTMAS MUSICAL ZINC HEART ,1586.49,1850,115,84
90167,BEADED LOVE HEART JEWELLERY SET,1583.61,1897,113,53
22260,FELT EGG COSY BLUE RABBIT ,1581.1699999999998,1541,243,85
23369,SET 36 COLOUR PENCILS LOVE LONDON,1581.06,1105,126,80
21123,SET/10 IVORY SPOTTY PARTY CANDLES,1578.47,1261,80,60
85222,ASSORTED COLOUR SILK COSMETIC PURSE,1576.93,1404,52,40
23244,ROUND STORAGE TIN VINTAGE LEAF,1576.6299999999999,855,108,80
21275,ZINC TOP  2 DOOR WOODEN SHELF ,1576.03,238,63,45
35241,ENAMEL BLUE RIM BISCUIT BIN,1572.02,297,136,75
21631,HIPPY CHIC DECORATIVE PARASOL,1571.75,221,54,38
15059A,ENGLISH ROSE EDWARDIAN PARASOL,1567.0,509,4,1
85180A,RED HEARTS LIGHT CHAIN ,1566.67,614,102,62
21675,BUTTERFLIES STICKERS,1566.6399999999999,1770,269,124
21867,PINK UNION JACK  LUGGAGE TAG,1562.87,1144,288,122
20802,SMALL GLASS SUNDAE DISH CLEAR,1561.8899999999999,1003,120,68
23287,RED VINTAGE SPOT BEAKER,1560.04,1828,200,115
21550,CERAMIC BIRDHOUSE CRESTED TIT LARGE,1559.5600000000002,294,65,42
21972,SET OF 36 DINOSAUR PAPER DOILIES,1557.9199999999998,1053,173,105
22705,WRAP GREEN PEARS ,1557.36,3708,152,114
22123,PING MICROWAVE APRON,1557.34,631,168,77
22103,MIRROR MOSAIC T-LIGHT HOLDER ROUND,1557.33,1263,75,43
22099,CARAVAN SQUARE TISSUE BOX,1555.46,2099,294,168
21092,SET/6 STRAWBERRY PAPER PLATES,1551.1,12822,30,16
21383,PACK OF 12 STICKY BUNNIES,1550.13,2142,328,169
22673,FRENCH GARDEN SIGN BLUE METAL,1549.49,1211,198,130
21610,SET 12 PEAR BOTANICAL T-LIGHTS,1543.67,542,97,72
75131,METAL TUBE CHIME ON BAMBOO,1543.03,1217,68,40
22608,PENS ASSORTED FUNKY JEWELED ,1541.8799999999999,5692,172,75
21542,WOODLAND WATER TRANSFER TATTOOS ,1541.25,1807,196,112
20735,BLACK MINI TAPE MEASURE ,1540.29,1516,203,30
21925,UNION STRIPE CUSHION COVER ,1539.83,1183,172,100
84536B,FAIRY CAKES NOTEBOOK A7 SIZE,1539.65,3462,403,131
23226,FILIGREE HEART DAISY WHITE,1536.67,1199,99,56
72803A,ROSE SCENT CANDLE JEWELLED DRAWER,1536.5,720,101,62
21332,MOROCCAN BEATEN METAL MIRROR,1534.42,249,55,36
20768,GREEN FERN JOURNAL ,1534.19,767,149,98
85170A,SET/6 IVORY BIRD T-LIGHT CANDLES,1533.54,816,87,45
20766,GARDEN PATH SKETCHBOOK,1533.47,514,156,100
85194L,HANGING SPRING FLOWER EGG LARGE,1532.58,1785,152,93
37342,POLKADOT COFFEE CUP & SAUCER PINK,1531.94,1533,120,51
84795D,SEASIDE STRIPE HAMMOCK,1531.8400000000001,188,84,53
20986,BLUE CALCULATOR RULER,1530.95,1217,204,94
22449,SILK PURSE RUSSIAN DOLL PINK,1530.6200000000001,461,91,58
85221,ASSORTED COLOUR SILK COIN PURSE,1529.54,3427,51,35
20772,GARDEN PATH JOURNAL,1528.4799999999998,819,164,106
84789,ENCHANTED BIRD PLANT CAGE,1528.39,437,129,81
22450,SILK PURSE BABUSHKA BLUE,1525.5500000000002,451,114,76
20902,VINTAGE KEEPSAKE BOX PARIS DAYS,1525.22,206,116,11
21246,RED RETROSPOT BIG BOWL,1524.88,324,110,40
21289,LARGE STRIPES CHOCOLATE GIFT BAG,1524.31,1393,104,52
21579,LOLITA  DESIGN  COTTON TOTE BAG,1522.6,1012,141,82
22337,ANGEL DECORATION PAINTED ZINC ,1522.52,2473,146,67
72008,FROSTED BOX 9 WHITE T-LIGHT CANDLES,1520.8999999999999,3794,217,135
21710,FOLDING UMBRELLA  PINK/WHITE  SPOT,1514.69,577,51,40
21785,RAIN PONCHO ,1514.63,2005,100,71
85177,BASKET OF FLOWERS SEWING KIT,1513.9299999999998,1819,144,87
22982,PANTRY PASTRY BRUSH,1513.77,1130,214,120
21146,ANTIQUE GLASS RIDGED HANGING BALL,1509.77,787,59,47
21002,ROSE DU SUD DRAWSTRING BAG,1507.22,417,184,25
22343,PARTY PIZZA DISH RED RETROSPOT,1505.77,2755,155,74
85036B,CHOCOLATE 1 WICK MORRIS BOX CANDLE,1504.6599999999999,592,88,70
84526,GIANT BLACK SUNGLASSES,1503.6399999999999,538,34,23
22137,BATHROOM SET LOVE HEART DESIGN,1499.43,603,45,24
23280,FOLDING BUTTERFLY MIRROR HOT PINK ,1493.58,1865,153,85
84856L,LARGE TAHITI BEACH BAG,1492.28,238,81,46
22340,NOEL GARLAND PAINTED ZINC ,1491.9999999999998,1786,186,81
23334,IVORY WICKER HEART SMALL,1491.75,2271,130,83
21760,FRENCH STYLE WALL DRESSER,1490.0,13,14,13
21280,VINTAGE KITCHEN PRINT VEGETABLES,1488.44,2085,71,44
16033,MINI HIGHLIGHTER PENS,1486.9199999999998,14641,54,43
21426,WOODLAND STORAGE BOX SMALL,1485.67,924,109,45
23271,CHRISTMAS TABLE SILVER CANDLE SPIKE,1483.61,1715,103,68
21276,TWO EMBOSSED HEART MINI DRAWERS,1482.74,661,32,24
23559,WOODLAND BUNNIES LOLLY MAKERS,1482.41,649,124,69
22293,"SPRING DEC , HANGING CHICK  GREEN",1482.12,1104,101,64
21066,VINTAGE RED MUG,1479.67,2272,132,81
18098c,PORCELAIN BUTTERFLY OIL BURNER,1479.61,292,135,0
84510B,SET OF 4 FAIRY CAKES COASTERS ,1478.55,1169,148,72
22546,MINI JIGSAW PURDEY,1478.1399999999999,3702,172,100
21009,ETCHED GLASS STAR TREE DECORATION,1476.24,1032,105,72
21661,VINTAGE GLASS TEA CADDY,1476.1100000000001,233,102,55
21199,PINK  HEART CONFETTI IN TUBE,1475.54,1257,150,86
21051,RIBBONS PURSE ,1473.5600000000002,748,128,79
21851,LILAC DIAMANTE PEN IN GIFT BOX,1473.56,628,149,34
22677,FRENCH BLUE METAL DOOR SIGN 2,1472.87,1080,210,65
23267,SET OF 4 SANTA PLACE SETTINGS,1471.95,1154,109,79
21282,NATURAL BARK CANDLE LARGE,1471.28,344,70,49
20734,SILVER MINI TAPE MEASURE ,1469.77,1592,118,51
85198,ASSORTED FARMYARD ANIMALS IN BUCKET,1469.4999999999998,3859,51,37
22815,CARD PSYCHEDELIC APPLES,1468.53,3433,340,111
23365,SET 12 COLOUR PENCILS LOVE LONDON,1463.0800000000002,1857,169,107
84659A,WHITE TRAVEL ALARM CLOCK,1461.86,585,227,55
21818,GLITTER CHRISTMAS HEART ,1460.86,1727,143,109
85125,SMALL ROUND CUT GLASS CANDLESTICK,1459.71,305,63,32
15056bl,EDWARDIAN PARASOL BLACK,1456.3200000000002,116,87,0
84637,KITCHEN FLOWER POTS WALL PLAQUE,1454.49,585,114,28
21410,COUNTRY COTTAGE  DOORSTOP GREEN,1454.03,311,151,81
21801,CHRISTMAS TREE DECORATION WITH BELL,1452.54,3362,259,69
20681,PINK POLKADOT CHILDRENS UMBRELLA,1451.29,401,139,83
85049a,TRADITIONAL CHRISTMAS RIBBONS,1451.24,434,51,0
22976,CIRCUS PARADE CHILDRENS EGG CUP ,1449.01,1114,151,81
21739,COSY SLIPPER SHOES SMALL GREEN,1448.9,493,178,83
22390,PAPERWEIGHT CHILDHOOD MEMORIES,1448.52,813,83,56
21869,POTTING SHED COFFEE MUG,1448.3300000000002,1247,115,82
22986,GINGHAM ROSE WRAP,1445.98,3519,122,112
37343,SPOTS DESIGN MUG W PINK INSIDE,1445.78,917,74,41
85055,FRENCH ENAMEL UTENSIL HOLDER,1442.94,359,107,62
84313C,ORANGE TV TRAY TABLE ,1442.3899999999999,548,73,29
22912,YELLOW COAT RACK PARIS FASHION,1441.39,307,110,81
84596G,SMALL CHOCOLATES PINK BOWL,1440.76,2226,348,118
23034,DRAWER KNOB CERAMIC BLACK,1439.97,973,89,57
22052,VINTAGE CARAVAN GIFT WRAP,1439.5,3475,130,105
35637A,IVORY STRING CURTAIN WITH POLE ,1439.1,550,54,41
21099,SET/6 STRAWBERRY PAPER CUPS,1438.64,13170,36,21
21317,GLASS SPHERE CANDLE STAND MEDIUM,1437.55,354,77,56
22915,ASSORTED BOTTLE TOP  MAGNETS ,1436.72,3191,198,116
21082,SET/20 FRUIT SALAD PAPER NAPKINS ,1436.51,4109,165,94
22817,CARD SUKI BIRTHDAY,1434.9,3392,355,104
22106,MIRROR MOSAIC HURRICANE LAMP ,1433.23,388,81,29
22316,200 BENDY SKULL STRAWS,1431.57,1256,120,62
22249,DECORATION WHITE CHICK MAGIC GARDEN,1431.26,1632,244,126
21561,DINOSAUR LUNCHBOX WITH CUTLERY,1429.8999999999999,570,113,82
22228,BUNNY WOODEN PAINTED WITH BIRD ,1426.85,1692,282,148
21644,ASSORTED TUTTI FRUTTI HEART BOX,1426.47,1059,140,72
85167B,BLACK GRAND BAROQUE PHOTO FRAME,1426.34,692,59,38
23392,SPACEBOY ROCKET LOLLY MAKERS,1425.1100000000001,638,114,70
21495,SKULLS WRAP,1424.0,3400,109,89
21807,WHITE CHRISTMAS STAR DECORATION,1421.61,3223,174,114
23086,ZINC  STAR T-LIGHT HOLDER ,1421.43,1201,47,30
22285,HANGING HEN ON NEST DECORATION,1418.82,828,114,72
22819,"BIRTHDAY CARD, RETRO SPOT",1418.12,3351,331,125
21065,BOOM BOX SPEAKER GIRLS,1415.45,601,120,44
21292,SMALL STRIPES CHOCOLATE GIFT BAG ,1413.51,2433,92,69
22396,MAGNETS PACK OF 4 RETRO PHOTO,1412.08,1883,186,122
21159,MOODY BOY  DOOR HANGER ,1410.76,2028,253,147
85159B,"WHITE TEA,COFFEE,SUGAR JARS",1410.61,620,102,53
22333,RETRO SPOT PARTY BAG + STICKER SET,1410.6,937,35,30
21198,WHITE HEART CONFETTI IN TUBE,1407.59,1207,121,75
20761,BLUE PAISLEY SKETCHBOOK,1407.46,454,147,93
35965,FOLKART HEART NAPKIN RINGS,1404.67,605,175,62
15058A,BLUE WHITE SPOTS GARDEN PARASOL,1401.84,264,61,41
21910,WAY OUT METAL SIGN ,1398.1799999999998,1066,111,84
20801,LARGE PINK GLASS SUNDAE DISH,1398.0,1060,113,61
21358,TOAST ITS - HAPPY BIRTHDAY,1397.46,1128,223,130
35004G,SET OF 3 GOLD FLYING DUCKS,1396.9199999999998,351,81,46
85036C,ROSE 1 WICK MORRIS BOXED CANDLE,1396.77,685,131,99
21828,EIGHT PIECE SNAKE  SET,1396.6200000000001,1105,180,107
23470,CARD HOLDER LOVE BIRD LARGE ,1389.8,220,92,70
85087,CANDY SPOT CUSHION COVER,1386.74,418,148,21
21532,DAIRY MAID SUGAR JAM BOWL,1386.1100000000001,1371,98,60
47503K,ASSORTED FLORAL SECATEURS,1384.69,3174,45,31
22094,RED RETROSPOT TISSUE BOX,1384.19,2489,237,134
84396,6 HOOK JEWELLERY STAND BLACK DRESS,1380.52,552,49,22
47503A,ASS FLORAL PRINT MULTI SCREWDRIVER,1380.43,2817,197,146
23104,IVORY CAFE HANGING LAMP ,1380.42,116,45,37
85017B,ENVELOPE 50 BLOSSOM IMAGES,1380.1899999999998,2219,318,98
22250,DECORATION  BUTTERFLY  MAGIC GARDEN,1379.56,1517,258,98
23119,PACK OF 6 LARGE FRUIT STRAWS ,1379.38,2246,153,97
22917,HERB MARKER ROSEMARY,1378.8500000000001,1984,253,138
22756,LARGE YELLOW BABUSHKA NOTEBOOK ,1378.45,1192,216,124
22093,MOTORING TISSUE BOX,1376.71,2298,277,179
23376,PACK OF 12 VINTAGE CHRISTMAS TISSUE,1375.55,3015,156,104
22324,BLUE POLKADOT KIDS BAG,1373.46,560,152,52
85169A,IVORY LOVE BIRD CANDLE,1370.82,1240,152,79
84562A,PINK/WHITE RIBBED MELAMINE JUG,1370.3100000000002,168,79,48
22157,ANGEL DECORATION WITH LACE PADDED,1369.8,1602,126,88
21011,GLITTER SNOW PEAR TREE DECORATION,1369.45,1837,119,84
46776B,WOVEN BERRIES CUSHION COVER ,1369.23,428,153,16
22071,SMALL RETRO SPOT MUG IN BOX  WHITE,1365.38,362,84,75
23546,WRAP PAISLEY PARK ,1365.0,3250,120,106
21398,RED  SPOTTY COFFEE  MUG,1363.5900000000001,708,54,38
21849,SILVER DIAMANTE PEN IN GIFT BOX,1363.51,537,135,46
16161U,"WRAP,SUKI AND FRIENDS",1363.0,3350,110,86
15058B,PINK WHITE SPOTS GARDEN PARASOL,1362.9,200,59,36
35649,VINTAGE BEAD COSMETIC BAG ,1362.8999999999999,1826,53,20
84965B,BLUE KASHMIRI COFFEE TABLE ,1359.95,27,4,3
90200D,PINK SWEETHEART BRACELET,1359.51,324,151,41
23250,VINTAGE RED TRIM ENAMEL BOWL ,1359.23,1034,116,64
22686,FRENCH BLUE METAL DOOR SIGN No,1358.45,1052,182,47
22920,HERB MARKER BASIL,1358.14,1951,254,138
84685,BEACH HUT KEY CABINET,1357.42,432,128,46
21634,ASSORTED MINI MADRAS NOTEBOOK,1356.49,1650,74,43
22916,HERB MARKER THYME,1355.5800000000002,1950,250,135
20658,RED SPOTTY LUGGAGE TAG,1355.3,976,197,97
84616,SILVER ROCCOCO CHANDELIER,1352.82,68,28,19
23000,TRAVEL CARD WALLET TRANSPORT,1351.9,3130,282,126
21786,POLKADOT RAIN HAT ,1351.59,3136,295,83
84819,DANISH ROSE ROUND SEWING BOX,1351.26,904,97,82
17129D,CLEAR COLOUR GLASS GEMS IN BAG,1351.1799999999998,1125,39,12
35599D,PINK AND WHITE CHRISTMAS TREE 120CM,1348.78,400,104,24
22393,PAPERWEIGHT VINTAGE COLLAGE,1348.37,782,123,76
21684,SMALL MEDINA STAMPED METAL BOWL ,1346.56,1683,106,65
23536,WALL ART VILLAGE SHOW ,1345.91,236,68,54
20704,MR ROBOT SOFT TOY,1343.6200000000001,357,81,60
22293,HANGING CHICK GREEN DECORATION,1343.28,906,125,64
23414,ZINC BOX SIGN HOME,1338.9499999999998,137,65,58
23469,CARD HOLDER LOVE BIRD SMALL,1338.64,328,74,61
22150, 3 STRIPEY MICE FELTCRAFT,1338.1299999999999,689,130,97
20993,JAZZ HEARTS MEMO PAD,1334.1100000000001,10967,32,23
21278,VINTAGE KITCHEN PRINT PUDDINGS,1334.05,1550,121,63
22050,PINK PAISLEY ROSE GIFT WRAP,1333.0,3250,117,100
21281,VINTAGE KITCHEN PRINT SEAFOOD,1332.8,2144,68,34
22246,"GARLAND, MAGIC GARDEN 1.8M",1332.36,656,95,57
85136C,RED SHARK HELICOPTER,1331.92,164,125,70
21209,MULTICOLOUR HONEYCOMB FAN,1330.01,1439,144,66
23538,WALL ART VINTAGE HEART,1329.54,331,32,25
20933,YELLOW POT PLANT CANDLE,1329.4900000000002,505,52,38
21529,RETRO SPOT CERAMIC TOASTRACK,1328.8300000000002,378,106,69
20762,GREEN FERN SKETCHBOOK ,1328.79,454,137,88
20780,BLACK EAR MUFF HEADPHONES,1328.47,230,99,35
21059,PARTY INVITES DINOSAURS,1328.1599999999999,1572,224,158
21822,GLITTER CHRISTMAS TREE WITH BELLS,1327.31,1001,145,73
22269,EGG CUP NATURAL CHICKEN,1326.45,1496,214,107
23040,PAPER LANTERN 9 POINT SNOW STAR ,1325.03,241,37,30
85032A,ROMANTIC IMAGES GIFT WRAP SET,1323.51,1441,161,103
21397,BLUE  SPOTTY EGG CUP ,1323.3600000000001,982,100,53
21775,DECORATIVE FLORE BATHROOM BOTTLE,1321.29,870,279,63
85032D,YULETIDE IMAGES GIFT WRAP SET,1319.88,1136,134,90
23249,VINTAGE RED ENAMEL TRIM PLATE,1318.59,775,87,56
22051,BLUE SCANDINAVIAN PAISLEY WRAP,1317.5,3175,116,95
23232,WRAP VINTAGE PETALS  DESIGN,1317.0,3250,105,95
21580,RABBIT  DESIGN  COTTON TOTE BAG,1316.1299999999999,536,173,77
22918,HERB MARKER PARSLEY,1315.0600000000002,1913,250,135
23221,REINDEER HEART DECORATION SILVER,1314.8999999999999,1478,148,85
20760,GARDEN PATH POCKET BOOK,1313.66,5550,81,47
23373,VINTAGE CHRISTMAS PAPER GIFT BAG,1313.3899999999999,1608,100,86
22977,DOLLY GIRL CHILDRENS EGG CUP,1312.61,998,141,101
35598D,PINK/WHITE CHRISTMAS TREE 60CM,1311.55,1726,104,43
85071B,RED CHARLIE+LOLA PERSONAL DOORSIGN,1310.5800000000002,2338,166,123
22202,MILK PAN PINK POLKADOT,1310.01,329,83,37
22481,BLACK TEA TOWEL CLASSIC DESIGN,1309.81,1272,219,132
22446,PIN CUSHION BABUSHKA PINK,1309.38,491,154,40
84828,JUNGLE POPSICLES ICE LOLLY MOULDS,1308.8700000000001,936,154,74
21842,PINK HEART CANDY BUTTON CALCULATOR,1308.74,551,47,32
21738,COSY SLIPPER SHOES SMALL  RED ,1307.88,417,132,89
21157,RED SPOTTY WASHBAG,1307.3600000000001,580,133,60
23405,HOME SWEET HOME 2 DRAWER CABINET,1306.53,251,71,54
21945,STRAWBERRIES  DESIGN FLANNEL ,1306.25,1861,241,61
16235,RECYCLED PENCIL WITH RABBIT ERASER,1306.02,5694,314,124
22339,CHRISTMAS TREE PAINTED ZINC ,1304.18,3391,151,87
85200,BUNNY EGG BOX,1304.09,1033,106,81
85098B,BLUE FLYING SINGING CANARY,1302.79,317,120,63
85135C,RED DRAGONFLY HELICOPTER,1302.02,160,113,57
20738,GREEN MINI TAPE MEASURE ,1301.72,1610,74,46
15034,PAPER POCKET TRAVELING FAN ,1300.2,8705,261,123
22893,MINI CAKE STAND T-LIGHT HOLDER,1297.27,2700,187,70
21926,RED/CREAM STRIPE CUSHION COVER ,1292.77,983,150,90
21219,SET/4 BADGES BALLOON GIRL,1290.77,1003,177,77
22267,EASTER DECORATION EGG BUNNY ,1287.72,1469,118,91
84569D,PACK 6 HEART/ICE-CREAM PATCHES,1286.29,1022,180,82
17091A,LAVENDER INCENSE IN TIN,1285.8899999999999,2085,117,78
85170D,SET/6 PINK BIRD T-LIGHT CANDLES,1284.16,716,155,48
46776A,WOVEN BUBBLE GUM CUSHION COVER,1283.23,406,121,19
46775E,CANDY POP CHUNKY KNITTED THROW ,1282.9,101,51,8
85025C,PINK HEART SHAPE PHOTO FRAME,1282.61,718,127,73
22543,MINI JIGSAW BAKE A CAKE ,1281.49,3247,118,72
22214,CANDLE PLATE LACE WHITE,1279.79,549,92,43
22701,PINK DOG BOWL,1277.57,659,163,65
21759,METAL WALL SHELF UNIT WITH HOOKS,1274.47,30,13,11
47591d,PINK FAIRY CAKE CHILDRENS APRON,1274.3799999999999,253,72,0
82613D,METAL SIGN CUPCAKE SINGLE HOOK,1273.46,1166,272,98
84609,TALL ROCOCO CANDLE HOLDER,1272.24,141,39,23
16225,RATTLE SNAKE EGGS,1271.66,1520,165,90
21689,SILVER VANILLA  FLOWER CANDLE POT,1268.12,342,60,49
22732,3D STICKERS VINTAGE CHRISTMAS,1268.0,1060,38,38
22097,SWALLOW SQUARE TISSUE BOX,1266.6,2045,245,158
21248,DOOR HANGER  MUM + DADS ROOM,1266.3899999999999,967,161,106
22929,SCHOOL DESK AND CHAIR ,1264.75,20,19,17
85231G,ORANGE SCENTED SET/9 T-LIGHTS,1262.61,1452,255,139
20777,CHRYSANTHEMUM NOTEBOOK,1257.75,3657,171,78
72818,CHRISTMAS DECOUPAGE CANDLE,1257.21,2358,128,82
77101A,UNION FLAG WINDSOCK,1255.97,1082,88,55
85163B,BLACK BAROQUE WALL CLOCK ,1255.9099999999999,114,67,27
22181,SNOWSTORM PHOTO FRAME FRIDGE MAGNET,1255.68,1496,142,85
23061,VINTAGE EMBOSSED HEART,1253.93,952,114,72
21063,PARTY INVITES JAZZ HEARTS,1252.87,1452,239,143
22323,PINK POLKADOT KIDS BAG,1251.9099999999999,527,119,57
35648,VINTAGE BEAD PINK PURSE ,1250.18,1016,145,48
21549,CERAMIC BIRDHOUSE RED ROOF SMALL,1249.74,540,54,36
22280,POCKET BAG PINK PAISELY BROWN SPOT,1248.74,877,158,79
22919,HERB MARKER MINT,1247.64,1788,249,136
20765,CHRYSANTHEMUM SKETCHBOOK ,1246.31,437,148,96
21708,FOLDING UMBRELLA  CREAM/MULTI  SPOT,1245.4,376,54,43
22804,PINK HANGING HEART T-LIGHT HOLDER,1244.3600000000001,716,79,50
21088,SET/6 FRUIT SALAD PAPER CUPS,1244.21,9475,138,95
20866,BLUE ROSE FABRIC MIRROR,1241.71,1160,192,76
23511,EMBROIDERED RIBBON REEL EMILY ,1241.6100000000001,566,99,83
23237,SET OF 4 KNICK KNACK TINS LEAVES ,1241.3300000000002,303,56,51
22062,CERAMIC BOWL WITH LOVE HEART DESIGN,1240.22,790,129,69
22827,GIANT SEVENTEEN DRAWER SIDEBOARD,1240.0,8,6,6
21145,ANTIQUE GLASS PLACE SETTING,1239.96,856,51,34
40003,WHITE BAMBOO RIBS LAMPSHADE,1239.9199999999998,1132,67,34
21537,RETRO SPOTS PUDDING BOWL,1239.26,286,79,54
21175,GIN AND TONIC DIET METAL SIGN,1237.5,498,50,34
23067,HANGING ENGRAVED METAL HEART,1236.66,294,78,63
20733,GOLD MINI TAPE MEASURE ,1236.2,1627,295,67
22450,SILK PURSE RUSSIAN DOLL BLUE,1235.88,372,70,51
79163,BLACK CHAMPAGNE GLASS,1235.6699999999998,1823,67,44
35957,SMALLFOLKART BAUBLE CHRISTMAS DEC,1234.98,3465,150,52
20707,CRAZY DAISY HEART DECORATION,1234.93,1606,202,49
20825,GOLD WINE GLASS,1232.58,355,8,5
22448,PIN CUSHION RUSSIAN DOLL RED,1230.67,395,36,29
21190,PINK HEARTS PAPER GARLAND,1225.9399999999998,729,113,71
21253,SET OF PICTURE FRAME  STICKERS,1225.17,332,122,41
85141,JARDIN ETCHED GLASS FRUITBOWL,1224.39,171,76,58
22258,FELT FARM ANIMAL RABBIT,1222.3,1287,134,70
21277,FRENCH STYLE EMBOSSED HEART CABINET,1221.59,50,52,37
22232,JIGSAW TOADSTOOLS 3 PIECE,1221.37,1019,164,94
22290,STANDING METAL RABBIT WITH EGG,1220.92,669,79,60
84969,ASSORTED COLOUR SET 6 TEASPOONS,1219.27,265,89,48
22545,MINI JIGSAW BUNNIES,1219.04,2970,177,101
22921,HERB MARKER CHIVES ,1218.92,1759,221,121
23462,ROCOCO WALL MIRROR WHITE,1217.04,60,57,43
22678,FRENCH BLUE METAL DOOR SIGN 3,1216.63,909,186,63
23598,PAPER BUNTING VINTAGE PARTY,1215.53,427,47,40
21438,TUB 24 HANGING EASTER EGGS SPOTTY,1214.8200000000002,369,37,33
23138,SINGLE WIRE HOOK IVORY HEART,1214.11,867,83,60
48197,DOORMAT BIRD ON THE WIRE,1213.8700000000001,231,23,16
22216,T-LIGHT HOLDER WHITE LACE,1213.28,1393,117,49
85135B,BLUE DRAGONFLY HELICOPTER,1210.6100000000001,149,117,67
84665,SQUARE CHERRY BLOSSOM CABINET,1210.0,200,52,25
20752,BLUE POLKADOT WASHING UP GLOVES,1208.26,533,204,118
22265,EASTER DECORATION NATURAL CHICK,1207.8000000000002,1843,168,107
85162A,SILVER RETRODISC LAMPSHADE,1203.96,603,24,14
23142,IVORY WIRE KITCHEN ORGANISER,1201.2700000000002,119,42,34
84658,WHITE STITCHED CUSHION COVER,1199.66,214,64,50
21883,STARS GIFT TAPE ,1199.2900000000002,2347,227,132
21396,RED SPOTTY EGG CUP ,1199.0,943,78,45
21130,COLOURFUL STANDING GNOME,1197.48,720,50,29
21279,VINTAGE KITCHEN PRINT FRUITS,1195.98,1888,107,51
47591B,SCOTTIES CHILDRENS APRON,1195.22,754,183,62
20731,POSY CANDY BAG,1194.62,4087,74,40
21955,  DOORMAT UNION JACK GUNS AND ROSES,1193.31,177,60,47
85129D,BEADED CRYSTAL HEART PINK SMALL,1192.31,792,169,59
22094,RED POLKA DOT TISSUE BOX,1191.14,976,110,58
72232,FENG SHUI PILLAR CANDLE,1190.92,6268,118,72
22808,SET OF 6 T-LIGHTS EASTER CHICKS,1190.7800000000002,402,84,58
84559A,3D SHEET OF DOG STICKERS,1190.1699999999998,1321,230,107
79066K,RETRO MOD TRAY,1190.05,1365,243,103
85232A,SET/3 POLKA DOT STACKING TINS,1187.67,237,106,75
22733,3D STICKERS TRADITIONAL CHRISTMAS ,1187.0,980,36,36
47503E,ASS FLORAL PRINT SCISSORS,1186.9,6842,25,21
20771,CHRYSANTHEMUM  JOURNAL,1186.3799999999999,600,141,91
22256,FELT FARM ANIMAL CHICKEN,1185.07,921,120,78
23444,Next Day Carriage,1185.0,78,80,63
84815,SET OF 3 DANISH ROSE PLANTERS,1183.8200000000002,926,53,34
21425,SKULLS STORAGE BOX LARGE,1183.48,474,103,42
22923,FRIDGE MAGNETS LES ENFANTS ASSORTED,1180.8899999999999,1413,97,70
22403,MAGNETS PACK OF 4 VINTAGE LABELS ,1180.8899999999999,1703,214,137
23539,WALL ART LOVES' SECRET ,1180.35,239,39,31
21806,WHITE CHRISTMAS HEART DECORATION,1179.4299999999998,2707,128,95
85130A,BEADED PEARL HEART WHITE LARGE,1176.29,685,86,59
22448,PIN CUSHION BABUSHKA RED,1175.96,352,86,54
72819,CUPID DESIGN SCENTED CANDLES,1174.01,694,92,59
22680,FRENCH BLUE METAL DOOR SIGN 5,1172.84,861,173,65
84687,BEACH HUT SHELF W 3 DRAWERS,1170.41,307,78,44
21395,BLUE POLKADOT BEAKER ,1170.26,2846,95,64
84823,DANISH ROSE FOLDING CHAIR,1170.0500000000002,119,30,29
23026,DRAWER KNOB VINTAGE GLASS STAR,1169.8400000000001,542,64,43
22321,BIRD DECORATION RED RETROSPOT,1169.55,1260,165,58
22321,BIRD DECORATION RED SPOT,1169.55,1267,141,67
20798,CLEAR MILKSHAKE GLASS,1167.9,475,98,36
23418,LAVENDER TOILETTE BOTTLE,1166.0,557,79,55
23515,EMBROIDERED RIBBON REEL DAISY ,1164.98,579,71,58
84313B,BLUE TV TRAY TABLE ,1164.04,227,83,24
23508,MINI PLAYING CARDS DOLLY GIRL ,1162.6100000000001,2625,121,95
37475,SET/4 COLOURFUL MIXING BOWLS,1160.56,116,72,45
84688,BEACH HUT DESIGN BLACKBOARD,1158.47,369,89,39
22204,MILK PAN BLUE RETROSPOT,1158.38,302,80,44
22253,6 CROCHET STRAWBERRIES,1158.28,964,86,62
23431,NATURAL HANGING QUILTED HEARTS ,1157.9499999999998,1433,75,63
21650,ASSORTED TUTTI FRUTTI BRACELET,1156.64,3176,199,84
21490,SET OF THREE 50'S GIFT WRAPS ,1156.0,609,58,38
22048,BIRTHDAY BANQUET GIFT WRAP,1155.8,2790,103,93
23507,MINI PLAYING CARDS BUFFALO BILL ,1155.67,2882,119,91
84674,FLYING PIG WATERING CAN,1155.2800000000002,453,109,67
21312,LARGE CHUNKY GLASS ROMAN BOWL,1153.8200000000002,286,29,19
84910A,PINK PAISLEY CUSHION COVER ,1153.04,419,54,37
23269,SET OF 2 CERAMIC CHRISTMAS TREES,1152.98,779,94,63
22264,FELT FARM ANIMAL WHITE BUNNY ,1152.22,2014,168,80
23566,EGG CUP MILKMAID HEIDI,1151.93,877,84,44
21649,ASSORTED TUTTI FRUTTI PHOTO FRAME,1151.0900000000001,417,31,20
22597,MUSICAL ZINC HEART DECORATION ,1150.69,2729,178,90
22814,CARD PARTY GAMES ,1147.77,2728,295,101
85159A,"BLACK TEA,COFFEE,SUGAR JARS",1147.53,449,90,42
21261,GREEN GOOSE FEATHER CHRISTMAS TREE ,1146.1200000000001,283,77,37
35962,12 ASS ZINC CHRISTMAS DECORATIONS,1145.95,486,77,40
22924,FRIDGE MAGNETS LA VIE EN ROSE,1144.37,1271,100,69
22040,BOTANICAL ROSE GIFT WRAP,1144.3,2815,94,82
84830,LARGE ENGLISH ARBORETUM,1144.3,110,8,7
22615,PACK OF 12 CIRCUS PARADE TISSUES ,1141.1999999999998,3706,189,110
22786,CUSHION COVER PINK UNION JACK,1140.27,181,70,50
21316,SMALL CHUNKY GLASS ROMAN  BOWL,1140.21,691,49,33
21752,GLASS CAKE STAND MIRRORED BASE,1140.1599999999999,70,43,32
21366,MIRRORED WALL ART PHOTO FRAMES,1140.0,238,77,24
22201,FRYING PAN BLUE POLKADOT ,1139.16,278,61,42
22731,3D STICKERS CHRISTMAS STAMPS,1137.0,940,34,34
22715,CARD WEDDING DAY,1133.93,2717,218,125
84750B,BLACK SMALL GLASS CAKE STAND,1133.83,604,82,44
21413,PERIWINKLE T-LIGHT HOLDER,1131.14,3162,52,25
22739,"RIBBON REEL, XMAS SOCK/BAUBLE",1131.0,700,46,45
21291,SMALL POLKADOT CHOCOLATE GIFT BAG ,1130.54,1304,78,51
23506,MINI PLAYING CARDS SPACEBOY ,1129.1200000000001,2723,146,114
21555,CERAMIC STRAWBERRY TRINKET TRAY,1128.82,424,135,38
84625A,PINK NEW BAROQUECANDLESTICK CANDLE,1128.2,784,86,40
37482B,CUBIC MUG BLUE POLKA DOT,1127.9099999999999,1251,9,5
72598,SET/12 TAPER CANDLES,1127.06,1222,159,74
22598,CHRISTMAS MUSICAL ZINC TREE,1126.75,1784,145,82
22718,CARD CAT AND TREE ,1126.24,2569,267,114
22985,"WRAP, BILLBOARD FONTS DESIGN",1126.22,2891,72,65
21040,MODERN VINTAGE COTTON SHOPPING BAG,1125.85,894,68,43
21530,DAIRY MAID TOASTRACK,1124.41,839,153,89
22984,CARD GINGHAM ROSE ,1121.29,2753,167,93
85224,ASSORTED COLOUR SILK GLASSES CASE,1120.96,2004,61,35
22070,SMALL RETRO SPOT MUG IN BOX  RED,1119.04,286,88,75
23510,MINI PLAYING CARDS GYMKHANA,1118.8,2521,120,90
20700,GREEN CAT FLORAL CUSHION COVER ,1117.55,418,105,13
17096,ASSORTED LAQUERED INCENSE HOLDERS,1117.0900000000001,6240,76,25
22287,"DECORATION , WOBBLY CHICKEN, METAL ",1116.61,780,76,58
21942,SKULLS DESIGN FLANNEL,1115.8799999999999,1648,223,41
20832,RED FLOCK LOVE HEART PHOTO FRAME,1115.85,1673,161,86
22903,CALENDAR FAMILY FAVOURITES,1114.96,405,80,35
84750A,PINK SMALL GLASS CAKE STAND,1113.93,504,113,42
22761,CHEST 7 DRAWER MA CAMPAGNE,1113.93,45,36,27
23411, TRELLIS COAT RACK,1113.66,226,57,42
85136A,YELLOW SHARK HELICOPTER,1113.3300000000002,137,107,64
20669,RED HEART LUGGAGE TAG,1111.89,797,214,103
84967B,BLUE KASHMIRI OCCASIONAL TABLE,1109.5,21,13,8
47593B,SCOTTIE DOGS BABY BIB,1108.9299999999998,2147,304,77
22233,JIGSAW RABBIT AND BIRDHOUSE,1108.87,887,173,112
85124C,GREEN JUICY FRUIT PHOTO FRAME,1108.59,420,123,51
47504H,ENGLISH ROSE SPIRIT LEVEL ,1108.07,1024,141,81
21707,FOLDING UMBRELLA BLACKBLUE POLKADOT,1107.94,230,103,61
23225,CHERUB HEART DECORATION SILVER ,1106.4499999999998,1271,92,46
22252,BIRDCAGE DECORATION TEALIGHT HOLDER,1105.76,922,112,83
21944,KITTENS DESIGN FLANNEL,1104.31,1787,205,53
23513,EMBROIDERED RIBBON REEL SUSIE ,1101.78,560,71,59
84638,SMALL KITCHEN FLOWER POTS PLAQUE,1101.55,400,69,27
84279P, CHERRY BLOSSOM  DECORATIVE FLASK,1100.42,310,32,22
23375,50'S CHRISTMAS PAPER GIFT BAG,1099.87,1341,104,85
21010,ETCHED GLASS BIRD TREE DECORATION,1099.76,838,84,63
21131,GOLD STANDING GNOME,1098.86,276,49,18
84596E,SMALL LICORICE DES PINK BOWL,1097.84,1095,203,91
84358,FLOOR LAMP SHADE WOOD BASE,1097.48,121,29,11
85212,MINI PAINTED GARDEN DECORATION ,1096.56,2831,121,82
22230,JIGSAW TREE WITH WATERING CAN,1096.4599999999998,1612,201,96
37479B,CUBIC MUG FLOCK BLUE ON BROWN,1095.85,1253,32,20
20867,PINK ROSE FABRIC MIRROR,1093.14,1098,153,68
84968F,S/16 VINTAGE SKY BLUE CUTLERY,1092.42,84,51,23
84989A,75 GREEN FAIRY CAKE CASES,1091.3500000000001,2116,154,96
20755,BLUE PAISLEY POCKET BOOK,1089.73,5145,122,74
22709,WRAP WEDDING DAY,1089.08,2774,78,68
22255,FELT TOADSTOOL  SMALL,1088.86,1140,147,73
21818,GLITTER HEART DECORATION,1088.5900000000001,2469,142,104
23432,PRETTY HANGING QUILTED HEARTS,1088.36,1276,74,65
20932,PINK POT PLANT CANDLE,1088.22,316,87,54
85093,CANDY SPOT EGG WARMER HARE,1087.46,1358,153,57
22679,FRENCH BLUE METAL DOOR SIGN 4,1086.84,806,176,59
21746,SMALL RED SPOT  WINDMILL,1086.44,828,77,45
84678,CLASSICAL ROSE SMALL VASE,1085.3799999999999,555,85,53
84631,FRUIT TREE AND BIRDS WALL PLAQUE,1082.31,285,52,19
20934,SET/3 POT PLANT CANDLES,1077.57,177,82,44
21817,GLITTER CHRISTMAS TREE,1077.19,1687,130,102
21763,VINTAGE WOODEN BAR STOOL,1076.05,40,19,15
22116,METAL SIGN HIS DINNER IS SERVED,1075.98,805,200,96
23102,SILVER HEARTS TABLE DECORATION,1075.03,1274,157,128
21839,MUMMY MOUSE RED GINGHAM RIBBON,1074.69,199,84,71
20893,HANGING BAUBLE T-LIGHT HOLDER SMALL,1074.14,448,80,42
23087,ZINC  HEART T-LIGHT HOLDER,1071.91,853,70,43
21708,FOLDING UMBRELLA CREAM POLKADOT,1071.28,231,77,36
21758,VINTAGE SHELLS PRINT,1069.76,135,79,34
23433,HANGING QUILTED PATCHWORK APPLES,1069.57,1211,92,76
84791,GINGHAM HEART DECORATION,1068.43,328,107,66
82001S,SILVER RECORD COVER FRAME,1067.76,287,26,13
23113,PANTRY CHOPPING BOARD,1065.44,208,63,39
21391,FRENCH LAVENDER SCENT HEART,1063.99,1073,109,70
21632,VINTAGE PINK DECORATIVE PARASOL,1063.47,131,54,30
21779,MA CAMPAGNE MINI WOODEN CHEST,1062.75,291,25,21
22105,MIRROR MOSAIC GOBLET CANDLE HOLDER,1062.45,451,57,23
23331,DECORATIVE WICKER HEART SMALL,1062.28,1596,109,67
22997,TRAVEL CARD WALLET UNION JACK,1062.17,2467,230,101
84559B,3D SHEET OF CAT STICKERS,1062.1499999999999,1195,196,98
85131D,BEADED CRYSTAL HEART PINK ON STICK,1061.4099999999999,1423,256,17
22740,POLKA DOT PEN,1060.8,1248,24,23
22532,MAGIC DRAWING SLATE LEAP FROG ,1060.78,2766,173,129
72800F,4 IVORY DINNER CANDLES GOLD FLOCK,1060.19,822,67,51
23033,DRAWER KNOB CERAMIC RED,1058.8999999999999,714,74,42
23516,EMBROIDERED RIBBON REEL SOPHIE  ,1058.6,296,42,39
85163A,WHITE BAROQUE WALL CLOCK ,1058.17,103,57,35
85179B,WHITE BITTY LIGHT CHAIN ,1056.6,246,45,33
23529,DOLLY GIRL WALL ART,1055.94,318,11,10
23402,HOME SWEET HOME 3 PEG HANGER ,1053.53,271,64,44
72815,3 WICK CHRISTMAS BRIAR CANDLE ,1053.36,274,73,53
20840,FRENCH FLORAL CUSHION COVER ,1053.2399999999998,666,96,50
21827,EIGHT PIECE CREEPY CRAWLIE SET,1052.64,822,135,89
84908B,BLUE 5 PATCH FLOWER CUSHION COVER,1052.29,435,35,2
85078,SCANDINAVIAN 3 HEARTS NAPKIN RING,1051.3700000000001,2257,163,64
37327,ASSTD MULTICOLOUR CIRCLES MUG,1050.1299999999999,1736,90,42
84965A,PINK KASHMIRI COFFEE TABLE ,1050.0,20,3,2
21825,PAINTED METAL TREE WITH HOLLY BELLS,1048.84,730,76,62
85008,SET OF 3 CONEY ISLAND OVAL BOXES,1048.82,267,101,77
22857,ASSORTED EASTER GIFT TAGS,1048.28,1230,66,60
79191C,RETRO PLASTIC ELEPHANT TRAY,1048.11,1330,182,108
23327,HANGING CLEAR MINI BOTTLE,1046.42,1726,43,33
84707A,SILVER JEWELLED MIRROR TRINKET TRAY,1045.8799999999999,125,64,36
35646,VINTAGE BEAD PINK EVENING BAG,1043.44,642,104,37
23542,70'S ALPHABET WALL ART,1043.1,150,15,14
23419,HOME SWEET HOME BOTTLE ,1041.64,472,87,56
23231,WRAP  VINTAGE DOILY ,1039.08,2474,94,80
20671,BLUE TEATIME PRINT BOWL ,1038.72,786,143,70
84908A,PINK 5 PATCH FLOWER CUSHION COVER ,1038.21,431,37,4
22995,TRAVEL CARD WALLET SUKI,1038.06,2332,269,90
35651,VINTAGE BEAD PINK SCARF ,1037.82,447,64,32
22821,GIFT BAG PSYCHEDELIC APPLES,1037.0500000000002,1644,188,83
21269,ANTIQUE CREAM CUTLERY SHELF ,1036.84,114,65,52
21061,PARTY INVITES FOOTBALL,1036.36,1384,164,104
22860,EASTER TIN CHICKS PINK DAISY,1036.1,597,113,85
22266,EASTER DECORATION HANGING BUNNY,1035.56,2535,163,101
22389,PAPERWEIGHT SAVE THE PLANET,1035.52,547,93,74
85118,HEART T-LIGHT HOLDER,1035.01,1847,92,55
23347,I LOVE LONDON BEAKER,1034.8,826,100,51
21725,SWEETIES  STICKERS,1034.73,1133,174,81
22856,ASSORTED EASTER DECORATIONS  BELLS,1033.6000000000001,856,34,25
20622,VIPPASSPORT COVER ,1033.55,539,111,54
23088,ZINC HEART FLOWER T-LIGHT HOLDER,1033.28,795,79,52
20783,HEART EAR MUFF HEADPHONES,1030.28,162,60,20
84405A,S/3 PINK COL METAL BASKET W HANDLE,1029.41,128,51,40
21202,DOLLY HONEYCOMB GARLAND,1028.9299999999998,803,69,54
46775A,BUBBLE GUM CHUNKY KNITTED THROW ,1027.28,82,33,4
22382,LUNCHBAG SPACEBOY DESIGN ,1022.6,644,45,44
85180B,PINK HEARTS LIGHT CHAIN ,1022.1600000000001,364,67,29
22247,BUNNY DECORATION MAGIC GARDEN,1022.04,1183,183,86
21904,HOUSE WRECKING METAL SIGN ,1021.82,660,147,104
82616C,MIDNIGHT GLAMOUR SCARF KNITTING KIT,1020.35,629,143,57
23056,FLOWERS CHANDELIER T-LIGHT HOLDER,1020.3000000000001,381,45,32
23452,HEART MINI PORTRAIT FRAME,1019.81,517,88,69
35923,CANDY HEART HANGING DECORATION,1019.63,1541,115,51
20839,FRENCH PAISLEY CUSHION COVER ,1018.11,633,118,53
84923,PINK BUTTERFLY HANDBAG W BOBBLES,1017.64,234,150,5
85031C,CURIOUS IMAGES SCRAP BOOK SET,1017.48,481,106,23
85124A,PINK JUICY FRUIT PHOTO FRAME,1016.7299999999999,369,98,44
21814,HEART T-LIGHT HOLDER ,1016.53,670,95,59
85099f,JUMBO BAG STRAWBERRY,1016.3599999999999,201,25,0
21815,STAR  T-LIGHT HOLDER ,1016.18,653,85,54
22806,SET OF 6 T-LIGHTS WEDDING CAKE ,1014.82,378,59,42
20619,TROPICAL PASSPORT COVER ,1014.42,582,196,46
22420,LIPSTICK PEN BABY PINK,1014.3299999999999,2110,235,111
84596L,BISCUITS SMALL BOWL LIGHT BLUE,1013.9599999999999,1536,255,78
22717,CARD DOG AND BALL ,1013.38,2393,216,118
21399,BLUE POLKADOT COFFEE MUG,1011.17,2026,86,56
84985A,SET OF 72 GREEN PAPER DOILIES,1010.88,639,154,95
84709B,PINK OVAL JEWELLED MIRROR,1008.5300000000001,175,87,33
23544,WALL ART MID CENTURY MODERN ,1007.53,163,21,17
22643,SET OF 4 NAPKIN CHARMS LEAVES   ,1006.2399999999999,464,96,72
23153,ZINC SWEETHEART WIRE LETTER RACK,1005.69,259,91,67
22416,36 DOILIES SPACEBOY DESIGN ,1005.3699999999999,709,56,49
22049,WRAP CHRISTMAS SCREEN PRINT,1005.25,3475,115,95
21664,RIDGED GLASS STORAGE JAR CREAM LID,1004.8199999999999,251,70,44
21084,SET/6 COLLAGE PAPER CUPS,1004.25,2905,224,113
85126,LARGE ROUND CUTGLASS CANDLESTICK,1001.66,146,38,22
85104,SILVER GLASS T-LIGHT SET,1000.8900000000001,343,58,40
23121,PACK OF 6 COCKTAIL PARASOL STRAWS,1000.4399999999999,2501,111,81
23533,WALL ART GARDEN HAVEN ,998.64,215,36,27
20730,STRAWBERRY CANDY BAG,997.95,2207,104,35
21250,SET OF SKULL WALL STICKERS,997.5500000000001,402,60,47
23517,EMBROIDERED RIBBON REEL REBECCA ,996.38,334,63,50
23131,MISELTOE HEART WREATH CREAM,996.0000000000001,240,1,1
22681,FRENCH BLUE METAL DOOR SIGN 6,994.61,743,141,49
20705,MRS ROBOT SOFT TOY,994.24,272,54,47
20617,FIRST CLASS PASSPORT COVER ,992.99,498,105,59
21127,COLOURFUL FISHING GNOME,992.08,296,49,25
72484,ROSES IN WHITE HEART CANDLE ,991.3800000000001,1818,64,45
85170C,SET/6 EAU DE NIL BIRD T-LIGHTS,990.9300000000001,542,108,40
21690,SILVER  CANDLEPOT JARDIN ,990.84,258,82,65
84964B,BLUE PAINTED KASHMIRI TABLE ,990.0,17,2,2
21836,GINGHAM OVEN GLOVE RED HEART ,988.89,245,101,77
21721,CANDY SHOP  STICKER SHEET,988.8,1088,145,73
23525,WALL ART BUFFALO BILL ,988.6000000000001,328,38,25
84660C,PINK STITCHED WALL CLOCK,987.98,725,85,29
23281,FOLDING BUTTERFLY MIRROR RED  ,985.88,1262,99,56
35958,FOLKART ZINC STAR CHRISTMAS DEC,984.6299999999999,1131,82,58
84686,BEACH HUT MIRROR,984.39,369,79,33
35653,VINTAGE BEAD NOTEBOOK,982.5300000000001,311,113,42
84030e,ENGLISH ROSE HOT WATER BOTTLE,979.4000000000001,120,46,0
85025B,EAU DE NILE HEART SHAPE PHOTO FRAME,978.8,566,98,56
82613B,"METAL SIGN,CUPCAKE SINGLE HOOK",975.92,875,225,74
23512,EMBROIDERED RIBBON REEL ROSIE,975.24,500,57,46
35599B,BLACK CHRISTMAS TREE 120CM,974.81,268,51,26
84873a,FUNKY FLOWER PICNIC BAG FOR 4,973.36,88,59,0
21417,COCKLE SHELL DISH,971.4000000000001,477,120,41
23041,PAPER LANTERN 9 POINT SNOW STAR,970.98,222,49,40
79323G,GOLD  CHERRY LIGHTS,970.4300000000001,139,86,45
21562,HAWAIIAN GRASS SKIRT ,970.2800000000001,678,73,47
78124,MAGAZINE RACK GEBRA ASSORTED ,969.61,730,31,25
22104,MIRROR MOSAIC CANDLE PLATE,968.0799999999999,1187,99,31
85071A,BLUE CHARLIE+LOLA PERSONAL DOORSIGN,967.2900000000001,1755,149,106
21427,SKULLS STORAGE BOX SMALL,965.46,491,127,56
23514,EMBROIDERED RIBBON REEL SALLY ,964.9100000000001,472,75,57
22108,PING! MICROWAVE PLATE,963.74,309,129,34
82616B,FRAPPUCINO SCARF KNITTING KIT,963.35,596,128,57
23107,WHITE HEARTS WIRE PLANT POT HOLDER,963.27,343,71,58
23518,EMBROIDERED RIBBON REEL RACHEL ,963.07,355,45,40
20773,BLUE PAISLEY NOTEBOOK,962.3299999999999,3338,118,78
21691,SILVER VANILLA FLOWER CANDLE POT,960.99,249,72,56
17021,NAMASTE SWAGAT INCENSE,960.8399999999999,3642,79,45
20774,GREEN FERN NOTEBOOK,960.8299999999999,3483,120,68
85197,SET OF 12 MINI BUNNIES IN A BUCKET,959.46,1669,74,63
21208,PASTEL COLOUR HONEYCOMB FAN,959.27,1041,126,65
85130D,BEADED CRYSTAL HEART PINK LARGE,958.8499999999999,788,107,63
72753B,S/3 FLWR FAIRY LAVENDER CANDLES,957.73,445,14,11
21805,WHITE CHRISTMAS TREE DECORATION ,957.63,2221,103,77
23460,SWEETHEART WALL TIDY ,957.3299999999999,103,47,41
20782,CAMOUFLAGE EAR MUFF HEADPHONES,957.05,148,89,39
84360,TABLE LAMP WHITE SHADE WOOD BASE,956.8900000000001,179,40,14
84466,TOP SECRET PEN SET,956.51,859,81,38
22512,DOORSTOP RACING CAR DESIGN,956.17,386,73,54
23529,WALL ART DOLLY GIRL ,956.0500000000002,319,26,18
21636,MADRAS NOTEBOOK MEDIUM,955.14,1002,99,74
85032B,BLOSSOM IMAGES GIFT WRAP SET,953.34,982,152,95
21711,FOLDING UMBRELLA  WHITE/RED  SPOT,953.0,262,28,24
22119, PEACE WOODEN BLOCK LETTERS,952.74,137,49,45
20758,ABSTRACT CIRCLES POCKET BOOK,952.5699999999999,5424,96,62
21060,PARTY INVITES BALLOON GIRL,952.55,1276,151,102
20878,SET/9 CHRISTMAS T-LIGHTS SCENTED ,952.51,737,85,61
85019B,BLOSSOM  IMAGES NOTEBOOK SET,952.47,694,48,31
22310,KNITTED MUG COSY IVORY COLOUR ,952.3399999999999,584,60,21
17012C,ORIGAMI LAVENDER INCENSE/CANDL SET ,950.4,856,113,47
47589,CONGRATULATIONS BUNTING,948.7800000000001,172,82,60
22682,FRENCH BLUE METAL DOOR SIGN 7,948.06,724,132,55
21641,ASSORTED TUTTI FRUTTI KEYRING BALL,946.31,1666,111,43
22939,ADULT APRON APPLE DELIGHT,945.88,184,45,32
22994,TRAVEL CARD WALLET RETROSPOT,944.34,2164,224,89
22529,MAGIC DRAWING SLATE GO TO THE FAIR ,943.71,2341,153,114
85031A,ROMANTIC IMAGES SCRAP BOOK SET,943.44,477,102,36
20998,ROSE DU SUD OVEN GLOVE,942.2600000000001,324,127,52
23380,PACK OF 12 VINTAGE DOILY TISSUES,941.38,2236,121,85
20778,GARDEN PATH NOTEBOOK ,939.41,3608,92,66
85032C,CURIOUS IMAGES GIFT WRAP SET,938.7900000000001,874,162,85
84816,DANISH ROSE BEDSIDE CABINET,937.7500000000001,24,28,18
85189,HANGING BUTTERFLY  EGG,937.3499999999999,1140,71,53
20830,SILVER PHOTO FRAME,937.29,396,86,37
23183,MOTHER'S KITCHEN SPOON REST ,937.17,218,87,45
84905,PINK BUTTERFLY CUSHION COVER ,937.09,259,99,16
71279,PINK GLASS CANDLEHOLDER,936.71,281,86,34
22986,WRAP GINGHAM ROSE ,933.42,2251,83,69
23540,WALL ART THE MAGIC FOREST ,933.16,148,13,8
21299,EDWARDIAN TOILET ROLL UNIT ,932.95,162,37,25
22246,MAGIC GARDEN FELT GARLAND ,932.1899999999999,413,94,33
85160A,WHITE BIRD GARDEN DESIGN MUG,932.1500000000001,4496,33,20
47504E,ENGLISH ROSE SCISSORS,931.86,4387,48,31
85018D,YULETIDE IMAGES S/6 PAPER BOXES,931.65,766,82,57
84664,CHERRY BLOSSOM BATHROOM CABINET,930.6,188,53,17
23179,CLOCK MAGNET MUM'S KITCHEN,930.48,324,53,36
84800L,LARGE WHITE/PINK ROSE ART FLOWER,930.23,626,39,32
21726,MULTI HEARTS  STICKERS,929.29,1075,156,93
21129,SILVER FISHING GNOME ,928.59,121,62,24
21014,SWISS CHALET TREE DECORATION ,927.3699999999999,1849,190,92
20775,DAISY NOTEBOOK ,926.54,3604,112,43
23527,ANIMALS AND NATURE WALL ART,923.97,267,17,16
18007,ESSENTIAL BALM 3.5g TIN IN ENVELOPE,923.22,8996,73,40
85124B,BLUE JUICY FRUIT PHOTO FRAME,923.17,347,103,45
23178,JAM CLOCK MAGNET,922.44,322,71,50
84341B,SMALL PINK MAGIC CHRISTMAS TREE,922.18,1757,121,79
22703,PINK CAT BOWL,921.8100000000001,513,165,57
22096,PINK PAISLEY SQUARE TISSUE BOX ,921.52,1649,182,129
21880,RED RETROSPOT TAPE,921.1,1988,259,95
84625C,BLUE NEW BAROQUE CANDLESTICK CANDLE,920.55,700,79,29
21850,BLUE  DIAMANTE PEN IN GIFT BOX,919.98,411,107,29
21720,CAKE SHOP  STICKER SHEET,919.6099999999999,1056,113,73
21702,SET 5 MINI GATEAUX  FRIDGE MAGNETS,918.6800000000001,2636,8,5
85130B,BEADED CRYSTAL HEART GREEN LARGE,918.33,911,83,50
84929,ASSTD FRUIT+FLOWERS FRIDGE MAGNETS,918.23,2933,97,82
22143,CHRISTMAS CRAFT HEART DECORATIONS,917.6800000000001,434,72,52
20831,GOLD PHOTO FRAME,915.36,468,80,34
21007,ETCHED GLASS DROPLET DECORATION,914.6700000000001,1927,48,36
20903,VINTAGE KEEPSAKE BOX TRAVELOGUE,913.45,186,87,20
85111,SILVER GLITTER FLOWER VOTIVE HOLDER,912.39,2763,78,50
79030G,"TUMBLER, NEW ENGLAND",911.7599999999999,490,68,38
84918,CREAM CUSHION COVER WITH FLOWERS,911.72,196,61,13
22268,EASTER DECORATION SITTING BUNNY,909.8499999999999,1060,159,89
22102,MIRROR MOSAIC T-LIGHT HOLDER ,909.24,1121,61,35
21303,FILIGREE WALL MIRROR  ANTIQUE WHITE,909.09,85,34,24
21331,MOROCCAN BEATEN METAL DISH LARGE,908.4300000000001,107,32,23
85226A,WHITE/BLUE PULL BACK RACING CAR,908.32,1669,150,96
22707,WRAP MONSTER FUN ,905.94,2157,83,70
46776C,WOVEN FROST CUSHION COVER,905.1,258,96,14
48173c,DOORMAT BLACK FLOCK ,904.97,54,25,0
21335,LIBRARY LAMP,904.8199999999999,38,32,18
22288,"DECORATION , HANGING METAL RABBIT",904.02,834,60,45
23338,EGG FRYING PAN RED ,902.9200000000001,425,110,62
21264,WHITE GOOSE FEATHER TREE 60CM ,902.25,383,70,51
85121C,RETRO LAUNDRY TUB PISTACHIO,901.91,96,54,39
23532,WALL ART WORK REST AND PLAY  ,901.58,210,31,23
82607A,GLASS BONBON JAR PARFUME AUX FLEURE,901.22,645,166,65
22683,FRENCH BLUE METAL DOOR SIGN 8,900.3,680,137,56
84660B,BLACK STITCHED WALL CLOCK,899.48,745,61,26
37492B,BLUE YELLOW FLOWER PIGGY BANK,899.0199999999999,471,50,33
20913,SET/5 BLUE SPOTTY LID GLASS BOWLS,898.7199999999999,314,43,26
21444,BLUE CHALET BIRDFEEDER,898.2800000000001,290,37,18
90147,CHUNKY SILVER NECKLACE PASTEL FLOWE,897.65,89,60,24
17109B,FLOWER FAIRY INCENSE LAVENDER,896.3399999999999,4542,17,13
85031B,BLOSSOM IMAGES SCRAP BOOK SET,896.09,496,85,25
84760L,LARGE HANGING GLASS+ZINC LANTERN,896.0,560,1,1
84600,NEW BAROQUE JEWELLERY BOX ,895.4200000000001,105,55,31
23472, NINE DRAWER OFFICE TIDY,894.42,58,33,29
21676,FLOWERS  STICKERS,893.7199999999999,1193,159,75
21284,RETROSPOT CANDLE  SMALL,893.61,1103,82,55
85049e,SCANDINAVIAN REDS RIBBONS,893.25,269,61,0
90175A,WHITE GLASS CHUNKY CHARM BRACELET,892.8499999999999,99,64,20
84666,SQUARE CHERRY BLOSSOM CABINET,892.7,226,33,13
46000P,POLYESTER FILLER PAD 65CMx65CM,892.5,220,51,37
20759,CHRYSANTHEMUM POCKET BOOK ,891.13,5777,63,35
20757,RED DAISY POCKET BOOK ,890.7,5347,78,49
21291,SMALL SPOTTY CHOCOLATE GIFT BAG ,890.4399999999999,1040,80,52
23072,MARIE ANTOINETTE TRINKET BOX SILVER,889.76,262,32,21
20892,SET/3 TALL GLASS CANDLE HOLDER PINK,889.1999999999999,81,45,22
21220,SET/4 BADGES DOGS,888.68,659,159,65
22953,BIRTHDAY PARTY CORDON BARRIER TAPE,888.55,712,116,73
21724,PANDA AND BUNNIES STICKER SHEET,886.64,994,179,81
84907,PINK YELLOW PATCH CUSHION COVER,886.23,379,34,9
85214,TUB 24 PINK FLOWER PEGS,886.2299999999999,514,169,94
23528,SPACEBOY WALL ART,885.9000000000001,306,13,12
85019A,ROMANTIC IMAGES NOTEBOOK SET,885.04,623,50,37
22647,CERAMIC LOVE HEART MONEY BANK,884.8299999999999,1035,87,60
84086C,PINK/PURPLE RETRO RADIO,884.75,297,88,25
20991,JAZZ HEARTS MAGNETIC MEMO PAD,884.5600000000002,7084,32,12
22248,DECORATION  PINK CHICK MAGIC GARDEN,883.65,992,176,77
21480,PINK STRIPE HOT WATER BOTTLE,881.82,279,58,36
22164,STRING OF STARS CARD HOLDER,880.2700000000001,314,50,41
23502,PLAYING CARDS VINTAGE DOILY ,880.16,701,92,78
17129F,BLUE GLASS GEMS IN BAG,878.4599999999999,903,83,14
72799A,BLACK PILLAR CANDLE SILVER FLOCK,877.8000000000001,612,18,14
21062,PARTY INVITES SPACEMAN,875.87,1053,136,102
35598B,BLACK CHRISTMAS TREE 60CM,874.6500000000001,931,57,37
21270,ANTIQUE CREAM CUTLERY CUPBOARD,874.43,76,51,24
22896,PEG BAG APPLE DESIGN,874.3499999999999,387,29,27
21338,MARAKESH LANTERN SMALL ,873.25,199,13,9
84925F,PSYCHEDELIC WALL THERMOMETER,873.11,714,34,29
85165,CANDY PINK FRENCH BOUDOIR CLOCK,872.76,90,58,9
23479,WIRE EGG BASKET ,872.38,113,44,35
23099,FRENCH CARRIAGE LANTERN,872.1500000000001,129,62,46
85194S,HANGING SPRING FLOWER EGG SMALL,871.07,1731,134,84
84974,S/2 ZINC HEART DESIGN PLANTERS,869.5999999999999,88,58,52
21414,SCALLOP SHELL SOAP DISH,868.79,1636,37,18
21293,MIRRORED DOVE WALL DECORATION,868.1400000000001,341,86,29
17012B,ORIGAMI JASMINE INCENSE/CANDLE SET,867.4499999999999,721,126,43
21147,JINGLE BELLS TREE DECORATION,866.28,475,119,33
23545,WRAP RED VINTAGE DOILY,866.0,2100,68,63
22201,FRYING PAN BLUE POLKADOT,865.52,228,106,41
21392,RED SPOTTY PUDDING BOWL,865.03,3826,32,20
21398,RED POLKADOT COFFEE  MUG,864.11,1585,73,47
85166B,BLACK METAL BAROQUE PHOTO FRAME,864.1,510,38,28
84820,DANISH ROSE TRINKET TRAYS,863.67,317,56,46
21320,GLASS CHALICE GREEN  LARGE ,860.84,376,64,31
23002,TRAVEL CARD WALLET SKULLS,860.61,1991,200,85
21318,GLASS CHALICE BLUE SMALL ,860.3599999999999,940,105,70
37424,WHITE WITH BLACK CATS MUG,860.12,3137,109,28
23220,REINDEER HEART DECORATION GOLD,859.1899999999999,981,104,55
23423,PANTRY 3 HOOK ROLLING PIN HANGER,858.15,214,69,47
90200C,BLUE SWEETHEART BRACELET,857.63,202,100,32
17033,"BROCADE PURSE,SMALL ARCH BUTTON",857.4,3244,70,58
22322,BIRD DECORATION GREEN POLKADOT,856.54,926,166,37
20941,FROG CANDLE,854.93,951,129,54
84578,ELEPHANT TOY WITH BLUE T-SHIRT,854.91,222,112,67
23525,BUFFALO BILL WALL ART ,852.72,248,16,15
20756,GREEN FERN POCKET BOOK,851.5600000000001,5728,64,40
20658,RED RETROSPOT LUGGAGE TAG,851.06,572,159,72
84660A,WHITE STITCHED WALL CLOCK,850.72,858,53,34
35954,SMALL FOLKART STAR CHRISTMAS DEC,850.49,2181,111,58
21478,SILVER SKULL HOT WATER BOTTLE ,850.48,203,93,57
21376,LARGE  TALL CAMPHOR WOOD TOADSTOOL ,849.91,183,46,35
84817,DANISH ROSE DECORATIVE PLATE,849.6,1016,86,70
21458,2 PICTURE BOOK EGGS EASTER BUNNY,849.24,768,88,51
72349b,SET/6 PURPLE BUTTERFLY T-LIGHTS,848.41,204,112,0
22547,MINI JIGSAW DINOSAUR ,845.98,1978,190,84
90161C,ANT COPPER LIME BOUDICCA BRACELET,843.9100000000001,169,100,28
22820,GIFT BAG BIRTHDAY,843.83,1351,111,67
85121B,RETRO LAUNDRY TUB PINK,843.24,75,54,28
21128,GOLD FISHING GNOME,841.63,126,57,22
23564,EGG CUP MILKMAID INGRID,841.31,644,76,39
23551,PACK OF 12 PAISLEY PARK TISSUES ,839.8399999999999,1840,136,88
21255,"FRENCH BOTTLE , LAVENDER",838.6299999999999,463,98,46
85231L,LAVENDER SCENTED SET/9 T-LIGHTS,838.3499999999999,1039,116,81
17039,INLAID WOOD INCENSE HOLDER,837.88,3707,43,20
84762B,PINK PICNIC BARBECUE BUCKET,837.77,113,48,19
84997a,CHILDRENS CUTLERY POLKADOT GREEN ,837.29,101,60,0
85071C,"CHARLIE+LOLA""EXTREMELY BUSY"" SIGN",837.23,1285,141,85
40018E,TEA TIME PAPER LANTERNS,837.02,384,81,37
85208,SET/12 FUNKY FELT FLOWER PEG IN BAG,836.94,420,87,56
20803,SMALL PINK GLASS SUNDAE DISH,836.0,1075,87,50
16046,TEATIME PEN CASE & PENS,834.46,5424,61,45
22785,SQUARECUSHION COVER PINK UNION FLAG,833.8199999999999,119,52,42
21286,RETROSPOT CANDLE  LARGE,833.75,711,52,34
23523,TREASURE AHOY WALL ART,833.46,270,16,15
20776,ABSTRACT CIRCLES NOTEBOOK,832.66,3258,84,50
47563A,RETRO LONGBOARD IRONING BOARD COVER,831.62,339,152,39
47367B,PAIR PADDED HANGERS PINK CHECK,831.2,241,96,35
84509a,SET OF 4 ENGLISH ROSE PLACEMATS,829.18,111,74,0
85213,MINI  ZINC GARDEN DECORATIONS ,828.15,1377,81,48
85161,ACRYLIC GEOMETRIC LAMP,825.95,49,34,16
23004,TRAVEL CARD WALLET PANTRY,825.88,1818,225,73
21551,CERAMIC BIRDHOUSE BUTTERFLY LARGE,824.95,169,22,16
85196,EASTER BUNNIES ON A STICK,824.44,1552,72,59
84919,BLUE CUSHION COVER WITH FLOWER,822.1300000000001,111,45,18
21654,RIDGED GLASS FINGER BOWL,820.21,1183,82,53
21552,CERAMIC BIRDHOUSE BLACK ROSE  LARGE,819.75,162,37,25
21185, HOME SWEET HOME  BLACKBOARD,819.1399999999999,123,43,31
20936,FORKED CACTUS CANDLE,817.6400000000001,324,79,43
21375,LARGE CAMPHOR WOOD FIELD MUSHROOM ,817.6,134,61,26
85187,S/12 MINI RABBIT EASTER,816.4799999999999,479,109,75
23017,APOTHECARY MEASURING JAR,813.78,66,23,20
20897,VINTAGE NOTEBOOK PARIS DAYS,813.3000000000001,339,77,29
21719,LOVELY BONBON STICKER SHEET,813.14,906,141,69
20894,HANGING BAUBLE T-LIGHT HOLDER LARGE,810.4000000000001,261,82,47
21635,MADRAS NOTEBOOK LARGE ,810.24,386,43,35
23186,FRENCH STYLE STORAGE JAR CAFE ,810.2199999999999,1970,72,57
21374,MIRRORED WALL ART SKULLS,809.67,470,71,57
82613C,"METAL SIGN,CUPCAKE SINGLE HOOK",809.11,748,189,56
20769,DAISY JOURNAL ,808.81,438,79,48
84922,PINK BUTTERFLY WASHBAG,808.22,342,17,9
84767,ZINC POLICE BOX LANTERN,806.22,195,6,4
17012A,ORIGAMI VANILLA INCENSE/CANDLE SET ,806.16,726,95,30
90200E,GREEN SWEETHEART BRACELET,805.97,193,96,36
22685,FRENCH BLUE METAL DOOR SIGN 0,805.83,620,112,52
84920,PINK FLOWER FABRIC PONY,805.38,201,88,43
37333,"RETRO ""TEA FOR ONE"" ",805.1,150,61,26
21222,SET/4 BADGES BEETLES,804.65,621,133,70
85188A,GREEN METAL SWINGING BUNNY,802.02,917,107,67
22229,BUNNY WOODEN PAINTED WITH FLOWER ,801.0999999999999,955,192,101
84632,DECORATIVE HANGING SHELVING UNIT,799.3000000000001,14,12,8
20699,MOUSEY LONG LEGS SOFT TOY,797.9599999999999,294,88,42
21454,PAINTED PINK RABBIT ,797.4,925,195,78
23524,HORSE & PONY WALL ART,797.3100000000001,256,17,16
20997,ROSE DU SUD CUSHION COVER ,796.74,170,83,25
84849A,HELLO SAILOR BLUE SOAP HOLDER,794.7,447,106,55
17129F,DEEP BLUE GLASS GEMS IN BAG,794.4599999999999,669,64,8
20901,VINTAGE KEEPSAKE BOX PINK FLOWER,793.88,89,68,14
72529W,WHITE ADVENT CANDLE,793.6899999999999,390,48,39
35915C,PEACH KNITTED HEN ,793.3199999999999,662,82,23
23519,EMBROIDERED RIBBON REEL CLAIRE,792.31,224,24,18
85017A,ENVELOPE 50 ROMANTIC IMAGES,792.15,1157,174,45
45008C,DECORATIVE NET CANOPY CREAM,792.0699999999999,83,34,16
22785,CUSHION COVER PINK UNION FLAG,792.0600000000001,120,28,22
47574A,ENGLISH ROSE SCENTED HANGING FLOWER,791.23,571,130,44
23568,EGG CUP HENRIETTA HEN CREAM ,786.27,629,49,24
23057,BEADED CHANDELIER T-LIGHT HOLDER,784.82,262,44,32
84970s,HANGING HEART ZINC T-LIGHT HOLDER,784.04,373,98,0
22414,DOOR MAT NEIGHBOURHOOD WITCH ,783.87,96,52,30
22058,CERAMIC LOVE HEARTS DESIGN MUG,783.8,512,106,71
72799C,PINK PILLAR CANDLE SILVER FLOCK,783.1,471,48,32
21455,PAINTED YELLOW WOODEN DAISY,782.8199999999999,884,169,60
84847,FLORAL BATHROOM SET,781.45,1214,50,32
37494A,FAIRY CAKE CERAMIC BUTTER DISH,778.69,232,54,18
20989,URBAN CHIC CHOPSTICKS SET/5,778.28,405,58,29
85044,RED REINDEER STRING OF 20 LIGHTS,778.05,144,45,30
37461,FUNKY MONKEY MUG,777.39,741,96,35
23409,PHOTO FRAME LINEN AND LACE LARGE,775.4300000000001,208,45,39
21456,2 PICTURE BOOK EGGS EASTER CHICKS,774.8,737,66,42
85145,JARDIN ETCHED GLASS LARGE BELL JAR,770.8,88,31,27
21015,DARK BIRD HOUSE TREE DECORATION,770.5699999999999,1696,187,80
23115,RED APPLES CHOPPING BOARD   ,770.32,152,45,38
21723,ALPHABET HEARTS STICKER SHEET,769.13,866,135,66
20910,VINTAGE PHOTO ALBUM PARIS DAYS,769.12,106,47,11
22985,WRAP BILLBOARD FONTS DESIGN,769.02,1831,64,52
37330,SPOTS MUG,767.5999999999999,425,24,15
84712B,PINK JEWELLED PHOTO FRAME,767.1600000000001,98,60,29
84826,ASSTD DESIGN 3D PAPER STICKERS,767.08,14154,54,49
35095B,RED VICTORIAN FABRIC OVAL BOX,766.64,1952,177,73
84029C,BROWN FURRY HOT WATER BOTTLE,766.19,204,48,27
23335,EGG FRYING PAN IVORY ,765.82,365,98,62
22640,SET OF 4 NAPKIN CHARMS 3 KEYS ,765.39,357,87,58
16244B,MAXWELL 2 TONE BLUE 60 PAGE PHOTO A,765.02,345,28,8
84782A,PINK 3 TIER GLASS PLATE STAND,763.95,113,32,25
47594B,SCOTTIES DESIGN WASHBAG,763.54,385,135,71
22204,MILK PAN BLUE POLKADOT,763.41,221,94,33
84963A,PINK PAINTED KASHMIRI CHAIR,763.35,23,9,8
23550,WRAP ALPHABET POSTER  ,763.1,1855,64,60
20833,SHAKER THROW  QUILTED,761.85,51,6,4
22492,MINI PAINT SET VINTAGE  BOY+ GIRL,761.4,1260,18,17
84762C,GREEN PICNIC BARBECUE BUCKET,761.25,105,43,18
21709,FOLDING UMBRELLA CHOCOLATE POLKADOT,760.95,163,68,38
35811A,ENAMEL PINK SUGAR CONTAINER,758.77,432,85,24
21286,RETRO SPOT CANDLE  LARGE,758.66,283,50,25
23071,MARIE ANTOINETTE TRINKET BOX GOLD,758.6,238,22,15
90200B,BLACK SWEETHEART BRACELET,758.45,179,86,28
23106,ZINC HEARTS PLANT POT HOLDER,757.7900000000001,271,53,48
23123,COCKTAIL SWORDS 50 PIECES,754.5899999999999,929,97,64
22684,FRENCH BLUE METAL DOOR SIGN 9,753.61,557,116,45
72755C,FLOWER FAIRY OIL BURNER SET ROSE,753.25,581,15,12
16259,PIECE OF CAMO STATIONERY SET,751.99,5339,59,46
22124,SET OF 2 TEA TOWELS PING MICROWAVE,751.9300000000001,298,132,29
23124,18PC WOODEN CUTLERY SET DISPOSABLE,751.38,567,43,23
84534B,FAIRY CAKE NOTEBOOK A5 SIZE,750.91,790,190,69
85110,BLACK SILVER FLOWER T-LIGHT HOLDER,750.6800000000001,6480,25,17
84653,GREEN ROSE QUILT ,750.48,14,12,8
21554,CERAMIC BIRDHOUSE RED ROOF LARGE,749.9,164,24,18
84761,IVORY HANGING BIRD PLANTER ,748.4499999999999,268,62,33
23025,DRAWER KNOB VINTAGE GLASS BALL,748.32,344,55,40
35647,VINTAGE BEAD PINK SHADE ,748.24,563,74,19
17165B,ASS COL LARGE SAND GECKO P'WEIGHT,747.48,806,59,44
84620,BLUE GINGHAM ROSE CUSHION COVER,746.61,121,50,41
22825,DECORATIVE PLANT POT WITH FRIEZE,745.77,93,42,32
23022,SMALL BONNE JAM JAR  T-LIGHT HOLDER,745.76,392,24,19
21194,PINK  HONEYCOMB PAPER FAN,745.0,568,98,51
22493, PAINT YOUR OWN CANVAS SET,744.5999999999999,492,18,13
22408,MONEY BOX CONFECTIONERY DESIGN,744.26,601,96,71
72800A,S/4 BLACK DINNER CANDLE SILVER FLOC,743.26,674,46,19
23282,FOLDING BUTTERFLY MIRROR IVORY ,742.92,794,133,67
22676,"FRENCH BLUE METAL DOOR SIGN, 1",742.67,577,79,55
90209C,PINK ENAMEL+GLASS HAIR COMB,741.86,393,68,15
21391,FRENCH EMROIDR LAVENDER SCENT HEART,741.6,341,67,51
47581B,FAIRY CAKE WICKER PICNIC BASKET ,741.02,45,37,24
23223,CHRISTMAS TREE HANGING SILVER ,740.2299999999999,789,89,51
21503,TOYBOX  WRAP ,740.0,1800,65,57
85130C,BEADED CRYSTAL HEART BLUE  LARGE,737.89,659,68,51
23524,WALL ART HORSE & PONY ,737.82,219,47,28
84625D,WHITE NEWBAROQUE CANDLESTICK CANDLE,735.49,619,55,37
84715,SET OF 6 ICE CREAM SKITTLES,734.8900000000001,241,47,35
90161B,ANT COPPER TURQ BOUDICCA BRACELET,734.1600000000001,147,76,21
84708B,PINK JEWELLED PHOTO FRAME ,732.7900000000001,142,53,36
90200A,PURPLE SWEETHEART BRACELET,732.69,173,101,32
22638,SET OF 4 NAPKIN CHARMS CROWNS ,732.68,404,75,56
23435,3 RAFFIA RIBBONS VINTAGE CHRISTMAS,732.4200000000001,824,99,40
84821,DANISH ROSE DELUXE COASTER,732.3,1306,75,50
84663A,GRASS HOPPER WOODEN WALL CLOCK ,731.33,367,68,34
ADJUST2,Adjustment by Peter on Jun 25 2010 ,731.0500000000001,3,3,3
85131B,BEADED CRYSTAL HEART GREEN ON STICK,730.74,948,216,12
90209B,GREEN ENAMEL+GLASS HAIR COMB,730.66,380,97,9
21285,RETROSPOT CANDLE  MEDIUM,730.4000000000001,696,66,39
23006,TRAVEL CARD WALLET FLOWER MEADOW,729.99,1680,178,88
21378,SMALL TALL CAMPHOR WOOD TOADSTOOL,728.9699999999999,560,88,47
79342B,BROWN FLOWER LIGHTS,728.9,104,38,24
47503F,ASS FLORAL PRINT TORCH,728.3,2566,12,11
20657,TROPICAL LUGGAGE TAG,726.47,1881,120,54
21415,CLAM SHELL SMALL ,726.1600000000001,348,82,41
85230F,JASMINE VOTIVE CANDLE,725.6999999999999,2946,62,48
35095A,BLUE VICTORIAN FABRIC OVAL BOX,725.56,1809,166,61
85006,SET 4 NURSERY DES ROUND BOXES,724.91,1569,46,34
23562,SET OF 6 RIBBONS PERFECTLY PRETTY  ,724.59,251,43,37
21284,RETRO SPOT CANDLE  SMALL,724.47,396,61,32
72800B,S/4 PURPLE DINNER CANDLE BLK FLOCK,723.57,648,35,17
21377,SMALL CAMPHOR WOOD FIELD  MUSHROOM,723.36,494,99,37
23114,VINTAGE LEAF CHOPPING BOARD  ,723.1,146,47,40
85135A,YELLOW DRAGONFLY HELICOPTER,722.79,90,67,41
20701,PINK CAT FLORAL CUSHION COVER ,721.49,353,50,12
84595E,LARGE TORTILLA DESIGN RED BOWL,720.28,366,44,22
35951,FOLKART BAUBLE CHRISTMAS DECORATION,717.99,1352,46,35
21001,ROSE DU SUD WASHBAG ,717.8000000000001,141,90,29
84997d,PINK 3 PIECE POLKADOT CUTLERY SET,717.4300000000001,85,16,0
21393,BLUE  SPOTTY PUDDING BOWL,717.25,2676,29,20
84997c,BLUE 3 PIECE POLKADOT CUTLERY SET,717.25,85,17,0
21026,SPACE OWL,716.73,549,124,48
23140,TRIPLE WIRE HOOK IVORY HEART,716.3000000000001,170,53,29
21457,2 PICTURE BOOK EGGS EASTER DUCKS,716.0,685,65,45
85088,CANDY SPOT HAND BAG,715.45,343,80,38
21300,ANTIQUE EDWARDIAN DRESSER,714.2,43,14,11
84033,FLAG OF ST GEORGE ,713.93,478,51,41
20850,ZINC HEART LATTICE PLANTER BOWL,713.8000000000001,820,23,19
35915B,BLUE KNITTED HEN ,713.7299999999999,563,67,31
21076,SET/20 COLLAGE PAPER NAPKIN ,713.6999999999999,842,93,60
16011,ANIMAL STICKERS,713.43,3403,101,74
21133,PAINTED BIRD ASSORTED CHRISTMAS,712.91,410,42,38
21344,MOROCCAN BEATEN METAL DISH,712.07,161,28,22
84976,RECTANGULAR SHAPED MIRROR,711.7,660,58,40
16015,MEDIUM CHINESE STYLE SCISSOR,711.38,1572,65,40
21221,SET/4 BADGES CUTE CREATURES,709.66,535,107,55
23070,EDWARDIAN HEART PHOTO FRAME,709.5400000000001,160,44,29
22100,SKULLS SQUARE TISSUE BOX,709.5,1005,127,71
10134,COLOURING PENCILS BROWN TUBE,708.63,615,53,44
21365,MIRRORED WALL ART STARS,707.9200000000001,469,77,51
23487,SWEET HEART CAKE CARRIER,706.03,71,50,41
21443,OLIVE CHALET BIRDFEEDER,705.4300000000001,251,27,18
84952C,MIRROR LOVE BIRD T-LIGHT HOLDER,705.01,374,42,18
21442,GREEN BIRDHOUSE DECORATION,704.9699999999999,973,136,66
23055,IVORY CHANDELIER T-LIGHT HOLDER,704.46,225,43,33
84869,CANDY BUTTON PHOTO ALBUM,703.54,302,26,18
84569A,PACK 3 IRON ON DOG PATCHES,701.17,561,113,59
23222,CHRISTMAS TREE HANGING GOLD,698.61,775,77,49
21740,COSY SLIPPER SHOES LARGE RED,698.0100000000001,201,66,44
22936,BAKING MOULD ROSE WHITE CHOCOLATE,697.97,207,51,30
84584,PINK GINGHAM CAT WITH SCARF,696.75,282,75,47
22981,PANTRY APPLE CORER,695.43,465,107,58
84689,S/2 BEACH HUT TREASURE CHESTS,693.35,295,44,30
72755D,FLOWER FAIRY OIL BURNER SET SUMMER,693.25,533,13,12
84971L,LARGE HEART FLOWERS HOOK   ,692.26,560,60,38
72753A,S/3 FLWR FAIRY LILLY CANDLES,690.24,315,14,10
21308,LOUVRE VANITY MIRROR,690.0,130,7,4
35964,FOLKART CLIP ON STARS,689.76,1187,132,50
20862,PINK PATCH PENCIL CASE BLUE HEART,689.0400000000001,324,38,21
20763,DAISY SKETCHBOOK ,687.86,263,75,54
23458,DOLLY CABINET 3 DRAWERS ,687.6999999999999,46,34,30
90161D,ANT COPPER PINK BOUDICCA BRACELET,687.52,138,75,18
21319,GLASS CHALICE GREEN  SMALL ,686.66,469,69,44
20854,BLUE PATCH PURSE PINK HEART,686.62,426,109,66
84917,WHITE HAND TOWEL WITH BUTTERFLY,686.03,229,53,16
21710,FOLDING UMBRELLA PINKWHITE POLKADOT,685.6700000000001,142,61,42
84563A,PINK & WHITE BREAKFAST TRAY,685.15,139,62,26
85231E,STRAWBERRY SCENTED SET/9 T-LIGHTS,685.03,823,107,77
22847,"BREAD BIN, DINER STYLE, IVORY",682.7499999999999,45,10,9
22033,BOTANICAL ROSE GREETING CARD,681.93,1603,128,80
85084,HOLLY TOP CHRISTMAS STOCKING,681.4,682,84,53
84931B,BLUE SCOTTIE DOG W FLOWER PATTERN,681.0799999999999,271,84,44
21674,RIDGED GLASS PENDANT LAMPSHADE,680.8499999999999,43,9,8
85186A,EASTER BUNNY GARLAND OF FLOWERS,680.83,1461,160,76
21386,IVORY HANGING DECORATION  EGG,680.78,1148,105,72
17012F,ORIGAMI SANDLEWOOD INCENSE/CAND SET,680.65,586,107,38
21397,BLUE POLKADOT EGG CUP ,679.38,1163,81,51
23187,FRENCH STYLE STORAGE JAR BONBONS,678.5699999999999,2301,78,66
62094B,TURQ ICE CREAM BUM BAG ,677.99,305,67,20
22486,PLASMATRONIC LAMP,677.9,90,47,25
90160C,TURQ+RED BOUDICCA LARGE BRACELET,677.0,97,45,25
20898,VINTAGE NOTEBOOK TRAVELOGUE,676.22,321,54,35
17165D,ASS COL LARGE SAND FROG P'WEIGHT,676.02,710,92,64
21847,GREEN  DIAMANTE PEN IN GIFT BOX,675.37,347,71,20
22641,SET OF 4 NAPKIN CHARMS INSTRUMENT,674.3,288,67,48
22999,TRAVEL CARD WALLET RETRO PETALS,674.11,1544,105,61
85096,HILDA CANDY SPOT RABBIT,673.17,163,67,43
22511,RETROSPOT BABUSHKA DOORSTOP,671.8100000000001,296,78,63
22965,3 TRADITIONAL COOKIE CUTTERS  SET,671.4000000000001,354,10,10
37492D,PURPLE GREEN FLOWER PIGGY BANK,669.79,353,27,18
84684,BEACH HUT PHOTO FRAME,669.6999999999999,557,42,17
72023F,RED ORGANIC CANDLE IN GLASS,669.62,640,49,34
85205B,PINK FELT EASTER RABBIT GARLAND,669.38,241,61,36
22036,DINOSAUR BIRTHDAY CARD,667.81,1584,137,77
75013B,"STRING OF 8 BUTTERFLIES,PINK",666.92,389,77,49
85203,HANGING WOOD AND FELT BUTTERFLY ,665.91,1463,224,94
82613A,"METAL SIGN,CUPCAKE SINGLE HOOK",664.97,490,118,64
21879,HEARTS GIFT TAPE,664.84,1567,152,81
21247,SET OF RED SALAD SERVERS ,664.73,422,81,44
84951A,SET OF 4 PISTACHIO LOVEBIRD COASTER,663.6999999999999,492,112,33
21884,CAKES AND BOWS GIFT  TAPE,663.61,1448,161,61
22034,ROBIN CHRISTMAS CARD,663.41,1593,96,71
23024,LARGE BONNE JAM JAR  T-LIGHT HOLDER,662.8700000000001,253,12,8
46776E,WOVEN CANDY CUSHION COVER ,662.1,205,77,9
22383,LUNCHBAG SUKI  DESIGN ,661.63,410,35,29
23547,WRAP FLOWER SHOP  ,661.5,1575,62,57
23597,PAPER BUNTING PAISLEY PARK,661.37,243,32,28
72131,COLUMBIAN CANDLE RECTANGLE,661.0799999999999,732,57,42
23482,PEARLISED IVORY HEART LARGE ,661.02,418,39,32
84824,DANISH ROSE UMBRELLA STAND,660.5,37,33,23
23428,IVORY RETRO KITCHEN WALL CLOCK,659.61,75,34,25
17109C,FLOWER FAIRY INCENSE ROSE,659.54,3123,16,13
22322,BIRD DECORATION GREEN  SPOT,658.92,676,109,42
16169K,WRAP FOLK ART,658.75,2075,60,56
17012D,ORIGAMI ROSE INCENSE/CANDLE SET ,658.7199999999999,520,116,41
20652,BLUE SPOTTY LUGGAGE TAG ,657.9,1236,80,40
22677,"FRENCH BLUE METAL DOOR SIGN, 2",656.41,509,77,56
21298,EDWARDIAN 2 DRAWER WALL CABINET ,656.1,46,19,14
20856,DENIM PATCH PURSE PINK BUTTERFLY,655.9399999999999,397,124,70
21441,BLUE BIRDHOUSE DECORATION,655.4599999999999,928,133,67
22056,CERAMIC PLATE LOVE HEART DESIGN,655.38,606,35,23
21263,GREEN GOOSE FEATHER TREE 60CM,654.39,297,57,39
85168B,BLACK BAROQUE CARRIAGE CLOCK,652.17,72,52,17
23120,PACK OF 6 SMALL FRUIT STRAWS,652.15,1613,102,69
90184C,BLACK CHUNKY BEAD BRACELET W STRAP,651.89,72,49,21
23325,RUSTIC STRAWBERRY JAM POT SMALL,651.8399999999999,408,35,24
90082D,DIAMANTE BOW BROOCH BLACK COLOUR,651.65,101,52,28
37474,SET/4 2 TONE EGG SHAPE MIXING BOWLS,651.05,63,44,33
47310M,"SMALL POP BOX,FUNKY MONKEY",650.96,488,85,23
21265,PINK GOOSE FEATHER TREE 60CM,650.59,301,37,26
71403,"PINK/WHITE ""KEEP CLEAN"" BULLET BIN",650.1500000000001,174,70,20
20714,POSY SHOPPER BAG,649.8199999999999,1580,28,10
84993A,75 GREEN PETIT FOUR CASES,648.61,1471,177,88
20618,QUEEN OF THE SKIES PASSPORT COVER ,648.54,297,137,50
21307,SET/4 BUTTERFLY MIRROR MAGNETS,647.97,748,73,41
21003,ROSE DU SUD CUSHION COVER,647.75,109,64,10
21134,VICTORIAN METAL POSTCARD CHRISTMAS,646.4399999999999,377,46,40
84916,HAND TOWEL PALE BLUE W FLOWERS,646.4300000000001,261,58,28
46776D,WOVEN SUNSET CUSHION COVER ,646.14,152,77,7
17164B,ASS COL SMALL SAND GECKO P'WEIGHT,645.72,1618,82,64
22678,"FRENCH BLUE METAL DOOR SIGN, 3",645.15,501,71,50
23042,PAPER LANTERN 7 POINT SNOW STAR,645.01,93,29,25
21750,LARGE SKULL WINDMILL,644.95,300,61,41
47597,NEW ENGLAND TEATOWELS,644.88,322,124,34
85215,ASSORTED CHEESE FRIDGE MAGNETS,643.89,831,66,33
17181,CIRCLE OF FRIENDS CANDLE HOLDER,642.66,353,65,26
21350,GINGHAM HEART WREATH,641.85,223,43,39
85160B,BLACK BIRD GARDEN DESIGN MUG,641.29,3174,40,28
16169M,WRAP DAISY CARPET ,640.95,2060,59,56
85188B,PINK METAL SWINGING BUNNY,640.4799999999999,724,75,48
17084N,FAIRY DREAMS INCENSE ,640.26,2768,187,42
16047,POP ART PEN CASE & PENS,639.98,5428,32,21
85186C,BUNNY EGG GARLAND,639.71,1356,154,75
84865,NEW BAROQUE BLACK PHOTO ALBUM,639.42,77,48,26
84986B,SET OF 36 SILVER PAPER DOILIES,639.06,432,75,58
35004P,SET OF 3 PINK FLYING DUCKS,638.97,120,43,17
21665,TRIANGULAR RIDGED GLASS POSY HOLDER,638.8000000000001,879,75,35
23224,CHERUB HEART DECORATION GOLD,637.4,724,73,44
22134,LADLE LOVE HEART RED ,637.36,1477,146,58
84872a,TEATIME FUNKY FLOWER BACKPACK FOR 2,636.47,58,45,0
85185D,FROG SOCK PUPPET,636.11,195,66,38
21816,CHRISTMAS TREE T-LIGHT HOLDER,635.89,421,51,34
23492,VINTAGE JINGLE BELLS WREATH,635.38,76,28,24
22391,PAPERWEIGHT HOME SWEET HOME,635.1899999999999,323,66,45
23298,"BUNTING , SPOTTY ",634.7,146,7,7
47594A,CAROUSEL DESIGN WASHBAG,633.4499999999999,321,116,66
22510,GINGHAM BABUSHKA DOORSTOP,633.35,272,62,53
17107D,"FLOWER FAIRY,5 SUMMER B'DRAW LINERS",632.4,248,66,52
22054,MINI CAKE STAND HANGING HEARTS,631.91,347,78,46
20819,SILVER TEDDY BEAR,631.49,228,65,39
84951B,SET OF 4 BLACK LOVEBIRD COASTERS,631.12,477,92,29
23216,LAUREL HEART ANTIQUE GOLD,630.73,525,44,32
84964A,PINK PAINTED KASHMIRI TABLE,630.0,11,2,2
84520D,PACK OF 20 FAIRY CAKE PAPER NAPKINS,629.27,687,96,54
23019,SMALL APOTHECARY MEASURING JAR ,629.0500000000001,81,28,26
85230E,STRAWBRY SCENTED VOTIVE CANDLE,628.41,2445,66,44
23027,DRAWER KNOB VINTAGE GLASS HEXAGON,627.95,295,30,26
21197,MULTICOLOUR  CONFETTI IN TUBE,627.16,432,46,29
72814,SET OF 3 CHRISTMAS BRIAR CANDLES,626.39,176,31,26
16169N,WRAP BLUE RUSSIAN FOLKART,626.25,2025,56,52
82616A,BUBBLE GUM SCARF KNITTING KIT,624.21,316,52,42
22289,"DECORATION , HANGING METAL CHICKEN",623.96,616,42,26
72750B,FLOWER FAIRY SET 3 CANDLES LAVENDER,623.75,285,33,25
71101E,STANDING FAIRY POLE SUPPORT ,623.58,774,48,34
22288,HANGING METAL RABBIT DECORATION,621.97,476,59,37
22129,PARTY CONES CANDY DECORATION,621.96,454,67,6
85218,S/5 MINI ICE CREAM FRIDGE MAGNETS,620.85,1989,3,3
16156N,"WRAP, FRIENDSHIP ON GREEN",619.5,1475,56,51
21764,VINTAGE WOODEN PLATE RACK,619.2,16,12,11
23528,WALL ART SPACEBOY,618.59,173,37,20
22837,HOT WATER BOTTLE BABUSHKA LARGE,618.0,136,14,14
20696,FLORAL SOFT CAR TOY,617.9399999999999,151,60,28
22042,CHRISTMAS CARD SINGING ANGEL,617.11,1714,130,89
23471,SIX DRAWER OFFICE TIDY,616.79,65,27,26
23180,MUM'S KITCHEN CLOCK,616.14,121,50,29
23453,OVAL  MINI PORTRAIT FRAME,615.98,316,47,40
72772,SET/4 SCENTED CANDLES IN RAMEKINS,615.84,457,9,8
23408,PHOTO FRAME LINEN AND LACE SMALL,615.6800000000001,296,62,53
84596J,MIXED NUTS LIGHT GREEN BOWL,614.24,804,139,51
84507C,BLUE CIRCLES DESIGN MONKEY DOLL,614.24,423,73,27
22043,CHRISTMAS CARD SCREEN PRINT ,614.21,2191,126,86
84859A,SILVER DISCO HANDBAG,613.53,293,58,40
85114c,RED ENCHANTED FOREST PLACEMAT,612.64,185,42,0
37351,ORANGE FLOWER MUG ,612.5099999999999,5404,11,7
23018,LARGE APOTHECARY MEASURING JAR ,612.1600000000001,51,21,19
79315W,FLYING SAUCER TABLE LIGHT IN WHITE,611.5100000000001,199,13,6
35972,DAISY FOLKART HEART DECORATION,611.38,440,87,43
84858C,PINK RIVIERA HANDBAG,611.0699999999999,347,30,22
22538,MINI JIGSAW GO TO THE FAIR,610.4300000000001,1443,86,56
22680,"FRENCH BLUE METAL DOOR SIGN, 5",610.11,477,65,51
gift_0001_30,Dotcomgiftshop Gift Voucher £30.00,610.09,24,24,0
90198A,VINTAGE ROSE BEAD BRACELET RASPBERR,609.4300000000001,144,84,21
20655,QUEEN OF SKIES LUGGAGE TAG,608.48,414,189,55
85028L,FRENCH CHATEAU LARGE FRUIT BOWL ,608.11,245,29,22
84051,ASS COLOUR GLOWING TIARAS,607.98,746,60,50
20694,FLORAL PINK MONSTER,607.33,162,55,24
84932C,SMALL ORIENTAL BLUE FOLDING STOOL,606.9,281,35,31
84952B,BLACK LOVE BIRD T-LIGHT HOLDER,604.24,361,45,15
23425,STORAGE TIN HOME SWEET HOME,604.01,268,59,35
21416,CLAM SHELL LARGE,603.0600000000001,751,22,15
85169D,PINK LOVE BIRD CANDLE,602.73,520,89,39
84247G,"DECOUPAGE,GREETING CARD,",602.67,1414,107,54
21711,FOLDING UMBRELLA WHITE/RED POLKADOT,602.6600000000001,120,43,27
84932A,SMALL GREEN PEONY FOLDING STOOL,602.6,262,24,22
85028S,FRENCH CHATEAU SMALL FRUITBOWL,601.92,392,35,29
23454,THREE MINI HANGING FRAMES,601.7,140,51,39
82095,HEART BUTTONS JEWELLERY BOX,600.91,100,48,21
23520,EMBROIDERED RIBBON REEL RUBY ,600.55,167,32,30
20863,BLUE PATCH PENCIL CASE PINK HEART,599.4300000000001,292,51,35
85146,JARDIN ETCHED GLASS SMALL BELL JAR,599.38,118,29,23
85017C,ENVELOPE 50 CURIOUS IMAGES,598.7099999999999,799,120,45
90184B,AMETHYST CHUNKY BEAD BRACELET W STR,598.63,66,49,23
17109D,FLOWER FAIRY INCENSE BOUQUET,596.62,1256,39,33
79190B,RETRO PLASTIC POLKA TRAY,596.36,1469,138,57
22679,"FRENCH BLUE METAL DOOR SIGN, 4",596.34,468,62,48
82011C,BATHROOM SCALES FOOTPRINTS IN SAND,595.1800000000001,131,71,36
21440,12 MINI TOADSTOOL PEGS,595.06,470,96,72
22263,FELT EGG COSY LADYBIRD ,595.04,787,106,34
84766,SILVER ROCOCO CANDLE STICK,594.8,184,31,24
85117,NIGHTINGALE COATHOOK WHITE,594.3199999999999,347,61,29
72122,COFFEE SCENT PILLAR CANDLE,593.3299999999999,586,120,80
20849,ZINC HEART LATTICE DOUBLE PLANTER,593.03,674,24,15
22092,BLUE PAISLEY TISSUE BOX,592.91,933,140,105
62096A,PINK/YELLOW FLOWERS HANDBAG,592.79,383,89,47
85092,CANDY SPOT TEA COSY,592.57,367,25,14
85113,POLKA DOT PISTACHIO PAIL,591.6600000000001,285,48,36
21304,ARCHED GREY MIRROR,591.58,86,18,16
84963B,BLUE PAINTED KASHMIRI CHAIR,591.5,18,6,5
20689,RETRO SISTERS EXPRESSO CUPS,590.7,417,42,26
21322,GLASS SPHERE CANDLE STAND LARGE ,590.45,301,14,12
84563B,BLUE & WHITE BREAKFAST TRAY,590.04,128,59,27
23377,PACK OF 12 DOLLY GIRL TISSUES,589.3299999999999,1343,134,69
21256,"FRENCH BOTTLE, BRASSERIE DES ARTIST",588.64,326,65,31
21173,LOO ROLL  METAL SIGN ,588.16,328,78,45
21893,POTTING SHED SEED TIN,587.8,172,20,13
20695,FLORAL BLUE MONSTER,587.58,138,63,26
16236,KITTY PENCIL ERASERS,587.41,2624,261,108
21223,SET/4 BADGES WOODLAND ANIMAL,587.08,492,43,33
22683,"FRENCH BLUE METAL DOOR SIGN, 8",586.36,458,63,48
23499,SET 12 VINTAGE DOILY CHALK ,586.23,1312,110,86
21558,SKULL LUNCHBOX WITH CUTLERY ,586.12,198,66,32
84934,ASSTD DESIGN POP ART SLIM PEN,585.65,686,14,13
84925D,LA PALMIERA WALL THERMOMETER,584.4499999999999,80,27,25
21379,CAMPHOR WOOD PORTOBELLO MUSHROOM,583.1,571,99,37
82001s,SILVER RECORD COVER FRAME,581.88,78,15,0
22785,SQUARECUSHION COVER PINK UNION JACK,581.23,173,42,27
21016,LIGHT BIRD HOUSE TREE DECORATION,581.17,830,83,58
23565,EGG CUP MILKMAID HELGA ,580.06,405,65,28
84682,CLASSICAL ROSE DISH,579.24,289,52,31
90199C,5 STRAND GLASS NECKLACE CRYSTAL,578.9399999999999,98,32,24
84707B,PINK JEWELLED MIRROR TRINKET TRAY,578.72,75,52,22
47469,ASSORTED SHAPES PHOTO CLIP SILVER ,578.68,1196,30,21
15056p,EDWARDIAN PARASOL PINK,577.84,46,38,0
21419,CONCH SHELL,577.6899999999999,1259,19,12
22685,"FRENCH BLUE METAL DOOR SIGN, 0",577.51,461,54,45
22999,TRAVEL CARD WALLET VINTAGE LEAF,577.22,1347,119,66
21167,WHITE SAGE INCENSE,577.02,2390,115,32
85144,JARDIN ETCHED GLASS CHEESE DISH,575.45,219,40,37
21553,CERAMIC BIRDHOUSE FINCH BLUE  LARGE,575.32,89,40,25
23125,6PC WOOD PLATE SET DISPOSABLE,574.88,459,38,15
84932D,SMALL ORIENTAL RED FOLDING STOOL,574.71,239,21,16
37444C,PINK BREAKFAST CUP AND SAUCER ,573.88,886,55,14
22684,"FRENCH BLUE METAL DOOR SIGN, 9",572.58,450,54,46
84924A,WAKE UP COCKEREL CALENDAR SIGN ,571.0,133,62,41
20615,BLUE SPOTTY PASSPORT COVER,570.85,316,88,32
17013D,ORIGAMI ROSE INCENSE IN TUBE,570.8299999999999,1067,32,18
84509C,SET OF 4 POLKADOT PLACEMATS ,570.19,149,60,29
85019C,CURIOUS  IMAGES NOTEBOOK SET,570.19,387,27,18
90010B,BLACK/WHITE GLASS/SILVER BRACELET,569.0699999999999,62,35,16
85086A,CANDY SPOT HEART DECORATION,568.73,587,152,44
84569C,PACK 4 FLOWER/BUTTERFLY PATCHES,568.68,402,91,45
23219,LAUREL STAR ANTIQUE SILVER ,568.6,430,61,41
84806B,WHITE CANDYSTUFT ARTIFICIAL FLOWER,568.02,450,32,28
84846A,SCENTED CANDLE IN DIGITALIS TIN,567.5500000000001,251,54,39
22425,ENAMEL COLLANDER CREAM,567.12,122,23,21
16169C,WRAP BLUE REINDEER,567.0,1350,43,42
22699,TEACUP AND SAUCER REGENCY ROSES,566.7,210,14,13
21285,RETRO SPOT CANDLE  MEDIUM,566.22,263,36,20
47421,ASSORTED COLOUR LIZARD SUCTION HOOK,565.98,1447,75,23
21899,GARAGE KEY FOB,565.8100000000001,778,148,81
47583A,SET OF 3 WICKER BASKET ROSE,562.92,69,8,5
23381,PACK OF 12 VINTAGE LEAF TISSUES ,562.88,1496,80,59
23272,TREE T-LIGHT HOLDER WILLIE WINKIE,562.2199999999999,364,44,34
37345,ASSTD HEARTS DESIGN MUGS,561.05,321,9,5
85230B,CINNAMON SCENTED VOTIVE CANDLE,561.04,2120,68,49
16049,TEATIME GEL PENS ASST,560.48,3169,32,22
22682,"FRENCH BLUE METAL DOOR SIGN, 7",560.05,443,58,47
85202,HANGING WOOD AND FELT HEART,560.01,1184,209,79
16238,PARTY TIME PENCIL ERASERS,559.54,2447,236,104
84306,S/3 PINK SQUARE PLANTERS ROSES,557.4799999999999,48,31,18
22950,SET OF 36 DOILIES VINTAGE CHRISTMAS,557.4,444,2,2
20935,ROUND CACTUS CANDLE,556.78,294,47,36
23069,EDWARDIAN PHOTO FRAME,556.21,88,32,27
35922,EASTER BUNNY WREATH,556.19,93,37,20
23451,SQUARE MINI PORTRAIT FRAME,556.17,277,52,38
21371,MIRRORED WALL ART POPPIES,556.01,404,64,33
84569B,PACK 3 FIRE ENGINE/CAR PATCHES,555.93,432,77,54
20838,FRENCH LATTICE CUSHION COVER ,555.6,434,64,36
23016,GLASS TWIST BON BON JAR,555.3,71,25,19
21881,CUTE CATS TAPE,554.95,1332,118,49
84247E,PACK/12 XMAS FUN CARD,554.6100000000001,187,65,56
84773,RED ROSE AND LACE C/COVER,554.6,188,50,34
85129A,"WHITE PEARL BEADED HEART, SMALL",554.16,432,76,51
90120D,WHITE MURANO TWIST BRACELET,554.13,134,40,16
84876D,BLUE HEART COMPACT MIRROR,553.02,317,37,24
84859C,PINK DISCO HANDBAG,552.72,304,39,29
21666,RIDGED GLASS T-LIGHT HOLDER,552.38,807,72,41
23473,WOODLAND SMALL RED FELT HEART,552.02,678,51,41
85169C,EAU DE NIL LOVE BIRD CANDLE,551.82,493,72,27
84805B,BLUE CLIMBING HYDRANGA ART FLOWER,551.4000000000001,340,9,7
79030G,TUMBLER NEW ENGLAND,551.1899999999999,1261,53,35
21666, RIDGED GLASS T-LIGHT HOLDER,550.82,950,15,11
22681,"FRENCH BLUE METAL DOOR SIGN, 6",550.1,430,56,43
85071D,CHARLIE+LOLA MY ROOM DOOR SIGN,548.86,884,112,78
37423,WHITE WITH BLACK CATS PLATE,548.68,3216,71,17
84675,FROG KING WATERING CAN,548.11,198,64,39
72800B, 4 PURPLE FLOCK DINNER CANDLES,548.11,335,57,40
23549,WRAP BIRD GARDEN ,548.1,1305,52,46
20888,SET 3 JARDIN DE FEMME SCENT CANDLES,547.74,367,19,10
20781,GOLD EAR MUFF HEADPHONES,546.99,97,64,34
90143,SILVER BRACELET W PASTEL FLOWER,546.63,72,43,15
85184C,SET 4 VALENTINE DECOUPAGE HEART BOX,545.75,169,62,38
20794,BLUE  TILE HOOK,545.12,194,52,27
22044,CHRISTMAS CARD STACK OF PRESENTS,544.82,1933,91,80
21339,MARAKESH LANTERN LARGE,544.5,30,12,12
85232A,SET/3 POLKADOT STACKING TINS,543.8100000000001,106,47,32
22983,"CARD, BILLBOARD FONT",543.34,1300,100,67
35969,FOLKART CROWN TABLE DECORATIONS,542.47,523,76,36
84596K,JELLY BABIES YELLOW SMALL BOWL,542.16,427,94,49
47021G,SET/6 BEAD COASTERS GAUZE BAG GOLD,541.96,713,70,28
23456,MEDIUM PARLOUR PICTURE FRAME ,541.7,134,35,31
18094C,WHITE AND BLUE CERAMIC OIL BURNER,541.36,399,86,21
72586,SET OF 6 HALLOWEEN GHOST T-LIGHTS,540.99,1208,126,65
90195A,PURPLE GEMSTONE BRACELET,540.4499999999999,65,46,25
85119,WATERING CAN SINGLE HOOK PISTACHIO,540.44,397,41,36
21373,MIRRORED WALL ART SNOWFLAKES,539.89,624,62,52
20943,SET/6 GINGERBREAD STAR T-LIGHTS,538.96,380,72,46
22447,PIN CUSHION BABUSHKA BLUE,538.1800000000001,174,60,26
16048,TEATIME ROUND PENCIL SHARPENER ,537.06,3461,105,59
84592,CROCHET ROSE PURSE WITH SUEDE BACK,536.4000000000001,173,47,33
84414B,FUSCHIA/GREEN STRIPE WOOLLY BLANKET,536.24,78,9,7
21017,RED BIRD HOUSE TREE DECORATION,535.89,659,87,32
23074,EMBOSSED HEART TRINKET BOX,534.79,240,49,32
23398,HANGING HEART BONHEUR,534.5,605,70,53
22452,MEASURING TAPE RUSSIAN DOLL PINK,534.0000000000001,176,49,30
20659,ECONOMY LUGGAGE TAG,533.51,369,138,55
85020,ROUND PINK HEART MIRROR,533.48,240,58,36
72800D,S/4 BLUE DINNER CANDLE SILVER FLOCK,532.03,417,37,26
21311,SET/4 BIRD MIRROR MAGNETS ,531.84,674,96,62
84661B,BLACK SQUARE TABLE CLOCK,530.22,243,51,21
21215, IVORY PAPER CUP CAKE CASES ,530.16,1153,28,22
72267,PREMIUM CHURCH CANDLE,530.16,265,45,38
21943,CAKES AND RABBITS DESIGN FLANNEL ,529.16,591,149,37
22394,PAPERWEIGHT KINGS CHOICE ,528.99,340,56,43
20653,CHERRY BLOSSOM LUGGAGE TAG,528.77,2004,81,26
23060,HEART BEADED TRELLIS DECORATION,528.1700000000001,249,42,34
90175D,TIGRIS EYE CHUNKY CHARM BRACELET,527.8199999999999,58,41,11
21160,KEEP OUT GIRLS DOOR HANGER ,527.23,720,61,46
90203,SILVER CHARM NECKLACE 70CM,526.77,70,35,18
22344,PARTY PIZZA DISH PINK POLKADOT,526.64,1296,88,38
21418,STARFISH SOAP DISH,526.1899999999999,191,67,24
85023B,EAU DE NILE JEWELLED PHOTOFRAME,526.05,219,41,32
71270,PHOTO CLIP LINE,525.4,370,81,29
22898,CHILDRENS APRON APPLE DESIGN,524.71,291,26,25
16169P,WRAP GREEN RUSSIAN FOLKART ,523.25,1725,49,46
72728,ROSE SCENT CANDLES IN GLASS,523.15,643,54,44
21403,BLUE EGG  SPOON,523.0699999999999,2319,157,80
22861,EASTER TIN CHICKS IN GARDEN,522.93,305,50,36
85226C,BLUE PULL BACK RACING CAR,522.3100000000001,989,83,54
90160D,PINK BOUDICCA LARGE BRACELET,522.27,75,26,18
85090,CANDY SPOT APRON,522.08,98,56,26
23537,WALL ART I LOVE LONDON ,521.73,99,32,18
23336,EGG FRYING PAN PINK ,519.25,225,85,46
20661,BLUE SPOTTY PURSE ,519.1,459,72,29
20868,SILVER FABRIC MIRROR,518.07,882,71,40
84657,GREEN ROSE CUSHION COVER,517.48,246,20,14
84683,CLASSICAL ROSE CANDLESTAND,515.6,536,47,18
20823,GOLD WINE GOBLET,515.11,249,20,14
90114,SUMMER DAISIES BAG CHARM,514.18,205,111,19
84931A,PINK SCOTTIE DOG W FLOWER PATTERN,513.6899999999999,204,82,42
46118,FUNKY MONKEY CUSHION COVER,513.58,373,72,23
85039C,S/4 BLACK MINI ROSE CANDLE IN BOWL,513.01,534,116,27
22584,PACK OF 6 PANETTONE GIFT BOXES,512.9300000000001,219,19,15
16168M,FUNKY MONKEY GIFT BAG MEDIUM,512.38,1686,101,42
82605,OLD DOC RUSSEL METAL SIGN,512.13,227,101,62
72807c,SET/3 VANILLA SCENTED CANDLE IN BOX,511.98,60,44,0
23136,IVORY WIRE SWEETHEART LETTER TRAY,511.89,135,49,39
47559b,TEA TIME OVEN GLOVE,511.46,154,44,0
23413,VINTAGE COFFEE GRINDER BOX,511.43000000000006,97,31,20
23139,SINGLE WIRE HOOK PINK HEART,511.29999999999995,402,28,20
84875B,GREEN SQUARE COMPACT MIRROR,511.01,373,40,16
85129C,BEADED CRYSTAL HEART BLUE SMALL,510.23,390,65,37
84989B,75 BLACK FAIRY CAKE CASES,510.15000000000003,1009,57,34
23324,RUSTIC STRAWBERRY JAM POT LARGE ,509.97,244,40,32
20804,GLASS CHICKEN BUTTER DISH,509.71,277,62,22
23660,HENRIETTA HEN MUG ,508.25999999999993,290,46,30
21734,SMALL MARAKESH LANTERN ON STICK,506.99,91,32,16
20615,BLUE POLKADOT PASSPORT COVER,506.96,325,109,32
35810B,ENAMEL BLUE RIM COFFEE CONTAINER,506.92,312,70,43
84615,PINK ROUND BUTTERFLY MIRROR ,506.79999999999995,202,22,13
84842,HELLO SAILOR BATHROOM SET,506.55,785,36,22
23043,PAPER LANTERN 9 POINT HOLLY STAR L,506.01,75,20,15
20654,FIRST CLASS LUGGAGE TAG ,505.41,398,120,65
20753,RETRO PINK SPOT WASHING UP GLOVES,504.8,216,57,31
37352,BIRD IN TREE MUG ,504.55,4643,8,6
22286,DECORATION WOBBLY RABBIT METAL ,504.46,830,67,35
22541,MINI JIGSAW LEAP FROG,503.92,1245,66,34
85169B,BLACK LOVE BIRD CANDLE,502.90999999999997,428,93,31
20845,ZINC HEART LATTICE 2 WALL PLANTER,502.27,76,24,15
21117,BLOND DOLL DOORSTOP,502.08,328,26,23
84877B,GREEN ROUND COMPACT MIRROR,501.93,289,44,13
84218,BOX/12 CHICK & EGG IN BASKET,501.56,260,97,74
47591B,SCOTTIES DES CHILD'S APRON,500.83,300,98,52
23021,GLASS BONNE JAM JAR,500.82000000000005,120,27,24
79337,BLUE FLOCK GLASS CANDLEHOLDER,499.75,1188,22,16
71143,SILVER BOOK MARK WITH BEADS,499.48999999999995,331,97,10
21882,SKULLS TAPE,499.44000000000005,1052,119,61
23560,SET OF 6 RIBBONS COUNTRY STYLE,499.18,172,26,20
84804B,BLUE DELPHINIUM ARTIFICIAL FLOWER,499.02000000000004,354,20,17
22135,LADLE LOVE HEART PINK,498.66999999999996,1072,153,42
84706D,CHERRY BLOSSOM TABLE CLOCK ,498.23999999999995,218,17,14
47592A,CAROUSEL DES CHILD'S OVERALL,497.81,257,74,28
35600D,PINK AND WHITE CHRISTMAS TREE 180CM,497.70000000000005,141,13,11
85179A,GREEN BITTY LIGHT CHAIN,497.12,214,71,25
85230A,OPIUM SCENTED VOTIVE CANDLE,497.03999999999996,1992,48,31
16219,HOUSE SHAPE PENCIL SHARPENER,496.67,3309,129,58
23117,POPPY FIELDS CHOPPING BOARD,496.28000000000003,92,46,39
20864,DENIM PATCH PENCIL CASE BUTTERFLY,496.04,251,30,20
90058B,CRYSTAL STUD EARRINGS ASSORTED COL ,495.40000000000003,1046,30,27
85142,JARDIN ETCHED GLASS GINGER JAR,494.63,56,35,26
72800C,S/4 PINK DINNER CANDLE SILVER FLOCK,494.39,394,28,22
21399,BLUE  SPOTTY  COFFEE MUG,493.88000000000005,240,36,23
84799,SPRIG LAVENDER ARTIFICIAL FLOWER,493.62,618,33,26
84247L,FAWN AND MUSHROOM GREETING CARD,493.17,1125,111,63
16239,BALLERINA HEART DECORATION.,492.17,347,21,13
90160B,RED BOUDICCA LARGE BRACELET,490.92,71,29,19
84827,ASS DES PHONE SPONGE CRAFT STICKER,489.79,1027,29,23
37482P,CUBIC MUG PINK POLKADOT,489.59999999999997,549,56,36
21004,ROSE DU SUD CHILDS APRON,489.14,106,52,28
22031,BOTANICAL LAVENDER BIRTHDAY CARD,488.95,1113,143,65
84876B,GREEN HEART COMPACT MIRROR,488.31,344,40,22
35967,FOLK ART METAL STAR T-LIGHT HOLDER,488.13,935,113,50
51020B,STRIPY DESIGN SHOWER CAP,487.53999999999996,1082,62,40
84970l,SINGLE HEART ZINC T-LIGHT HOLDER,487.14,233,65,0
22892,SALT AND PEPPER SHAKERS TOADSTOOLS,486.35,397,30,26
72800D,4 BLUE DINNER CANDLES SILVER FLOCK,485.63,213,50,29
21459,YELLOW EASTER EGG HUNT START POST,485.45,245,49,34
22897,OVEN MITT APPLE DESIGN,485.0,343,34,30
20793,BLUE TILED TRAY,484.75,276,23,13
84875D,BLUE SQUARE COMPACT MIRROR,483.75,371,37,17
23218,LAUREL STAR ANTIQUE GOLD,483.03,379,40,27
84798B,PURPLE FOXGLOVE ARTIIFCIAL FLOWER,482.70000000000005,322,11,8
22038,BOTANICAL LAVENDER GIFT WRAP ,481.0,1150,45,43
84984B,RED PEONY CUSHION COVER ,480.85,309,10,7
85227,SET/6 3D KIT CARDS FOR KIDS,480.69,592,50,27
22346,PARTY PIZZA DISH GREEN POLKADOT,479.59999999999997,1159,68,26
23169,CLASSIC GLASS SWEET JAR,479.45000000000005,119,14,14
16244A,MAXWELL 2 TONE PINK 60 PAGE PHOTO A,479.40999999999997,186,28,6
22259,FELT FARM ANIMAL HEN,479.2,587,73,31
85091,CANDY SPOT BREAD BASKETS,479.11,326,21,14
23527,WALL ART ANIMALS AND NATURE ,478.34000000000003,146,33,26
23422,PANTRY HOOK BALLOON WHISK ,477.89,213,47,29
21620,S/4 ROSE    BOTANICAL  CANDLE,477.12,127,38,33
21132,SILVER STANDING GNOME   ,476.61,93,47,25
72750C,"F.FAIRY S/3 CANDLE/GLASS, ROSE",476.4,232,15,12
23561,SET OF 6 RIBBONS PARTY,476.0,170,16,13
72801G,S/4 BURGUNDY WINE DINNER CANDLES,475.91999999999996,786,26,19
37492C,GREEN BLUE FLOWER PIGGY BANK,472.65,241,25,19
22697,TEACUP AND SAUCER REGENCY GREEN,472.5,174,13,13
85027L,FRENCH CHATEAU LARGE PLATTER ,472.2,156,43,36
40046A,RED DAISY PAPER LAMPSHADE,472.07,355,62,26
22951,72 CAKE CASES DOLLY GIRL DESIGN,471.85,943,25,25
84926E,FLOWERS TILE COASTER,471.57,1081,52,40
84901,BLACK FACE LAMB WITH PANTS,471.13,123,74,44
gift_0001_20,Dotcomgiftshop Gift Voucher £20.00,471.06,28,26,0
84809A,WHITE CHRYSANTHEMUMS ART FLOWER,470.64000000000004,274,22,18
21507,ELEPHANT BIRTHDAY CARD ,469.74,1098,96,63
23521,WALL ART CAT AND BIRD ,469.73,143,40,18
21518,BANK ACCOUNT  GREETING  CARD ,469.28,1107,109,58
22686,"FRENCH BLUE METAL DOOR SIGN, No",468.94,356,48,33
35471A,SET OF 3 BIRD L.BLUE FEATHER,468.06,396,85,41
72799B,PURPLE PILLAR CANDLE BLACK FLOCK,467.71000000000004,322,16,7
35911A,MULTICOLOUR RABBIT EGG WARMER,466.69,388,96,38
90010E,AMBER GLASS/SILVER BRACELET,465.84999999999997,52,36,16
85136B,BLUE SHARK HELICOPTER,465.82,58,48,40
23379,PACK OF 12 RED APPLE TISSUES,465.36,1220,76,49
51020A,SUMMER FUN DESIGN SHOWER CAP,462.72999999999996,1301,51,37
23455,SMALL PARLOUR PICTURE FRAME,462.45,165,33,30
90120C,GREEN MURANO TWIST BRACELET,462.32,109,58,12
84972L,GIANT PINK HEART MEMO HOLDER,462.15000000000003,117,46,41
72132,COLUMBIAN CUBE CANDLE,462.15,549,28,22
85211,S/4 GROOVY CAT MAGNETS,460.87,301,78,43
85030,FRENCH CHATEAU OVAL PLATTER,460.8,184,32,26
85204,HANGING WOOD AND FELT FLOWER,460.78,2352,155,69
23691,WRAP KEEP CALM BIRTHDAY,460.5,1125,36,34
21536,DAIRY MAID  SMALL  MILK JUG,460.04,214,68,43
84782C,GREEN 3 TIER GLASS PLATE STAND,459.8,68,22,20
84915,HAND TOWEL PINK FLOWER AND DAISY,459.56,234,37,15
90192,JADE DROP EARRINGS W FILIGREE,459.28000000000003,92,54,10
85170B,SET/6 BLACK BIRD T-LIGHT CANDLES,459.11,275,62,20
22193,RED WALL CLOCK,459.0,60,1,1
22191,IVORY WALL CLOCK,459.0,60,1,1
21540,DAIRY MAID CERAMIC BUTTER DISH,458.62,102,56,28
16207B,PINK HEART RED HANDBAG,457.65000000000003,265,46,12
85144,JARDIN ETCHED GLASS BUTTER DISH,456.9,66,32,25
90145,SILVER HOOP EARRINGS WITH FLOWER,455.86,75,45,16
84509A,ENGLISH ROSE PLACEMATS,455.18,117,32,19
21757,LIGHTHOUSE PRINTED METAL SIGN,454.3,80,42,15
72586,"S/6 HALLOWEEN GHOST T LIGHTS, 5CM H",453.99,1059,58,39
84948,SILVER HANGING T-LIGHT HOLDER DOME,452.60999999999996,269,38,28
72225C,LAVENDER SCENT CAKE CANDLE,452.46,1878,39,25
22813,PACK 3 BOXES BIRD PANETTONE ,451.84,204,31,11
20621,ECONOMY PASSPORT COVER ,451.67,207,33,23
23548,WRAP MAGIC FOREST ,451.5,1075,43,42
23509,MINI PLAYING CARDS FUN FAIR ,451.46000000000004,1062,65,51
90120B,BLUE MURANO TWIST BRACELET,451.44,107,42,17
82081,PINK HEARTS PHOTO ALBUM,451.35,174,23,11
84601A,NEW BAROQUE IVORY CUSHION COVER ,450.84000000000003,110,16,9
16012,FOOD/DRINK SPONGE STICKERS,449.82,2142,63,53
20616,CHERRY BLOSSOM PASSPORT COVER,449.26,283,121,31
35004S,SET OF 3 SILVER FLYING DUCKS,448.88,135,31,14
16218,CARTOON  PENCIL SHARPENERS,448.13,4629,98,60
90014A,SILVER/MOP ORBIT NECKLACE,447.21,44,34,15
17164D,ASS COL SMALL SAND FROG P'WEIGHT,447.0,1150,28,26
21663,VINTAGE GLASS SUGAR CADDY,446.51000000000005,69,39,22
22407,MONEY BOX FIRST ADE DESIGN,446.18,358,65,49
84597C,RETRO PINK BALL ASHTRAY ,445.98,360,45,21
79030D,"TUMBLER, BAROQUE",445.45,484,21,15
72127,COLUMBIAN CANDLE ROUND ,444.69,365,66,49
84857C,PINK MONTE CARLO HANDBAG,443.08,196,18,13
22345,PARTY PIZZA DISH BLUE POLKADOT,442.28,1165,82,33
72128,COLUMBIAN CANDLE ROUND,442.24,714,88,61
62096B,PURPLE/TURQ FLOWERS HANDBAG,441.99,257,82,42
90198B,VINTAGE ROSE BEAD BRACELET BLACK,441.9,104,49,22
16243B,BROWN COZY SQUARE PHOTO ALBUM,441.77,212,8,1
90154,LAZER CUT NECKLACE W PASTEL BEADS,439.65,59,7,6
84508B,STRIPES DESIGN TEDDY,438.46,163,75,40
79030A,"TUMBLER, ENGLISH ROSE",438.25,171,33,18
47422,ASSORTED MONKEY SUCTION CUP HOOK,437.76,1128,69,28
23023,RIDGED BONNE JAM JAR T-LIGHT HOLDER,434.5199999999999,272,26,23
22343,PARTY PIZZA DISH RED WHITE SPOT ,434.06999999999994,488,34,21
21529,RED RETROSPOT TOASTRACK,434.01000000000005,117,51,33
79071B,ENGLISH ROSE METAL WASTE BIN,433.70000000000005,142,66,51
21027,NINJA RABBIT PINK,433.61,355,77,39
84859B,BLUE DISCO HANDBAG,433.46,282,18,14
37464,ROBOT MUG IN DISPLAY BOX,431.18,316,82,45
84858B,BLUE RIVIERA HANDBAG,431.0,326,9,8
23058,CHRISTMAS HANGING SNOWFLAKE,430.86,490,48,39
72800C,4 PINK DINNER CANDLE SILVER FLOCK,430.45,266,50,33
84510F,SET OF 4 NEW ENGLAND COASTERS ,430.25,1097,39,24
16045,POPART WOODEN PENCILS ASST,429.44,9312,74,65
90013B,BLACK VINTAGE EARRINGS,428.92,104,79,5
16161M,WRAP  PINK FLOCK,428.5,1025,40,36
84966B,BLUE KASHMIRI BOXED MIRROR,428.0,33,4,3
84801A,PINK HYDRANGEA ART FLOWER,427.44000000000005,272,15,14
23457,LARGE PARLOUR PICTURE FRAME,427.03000000000003,85,29,25
23522,DOG AND BALL WALL ART,425.87999999999994,252,4,3
90195B,BLACK GEMSTONE BRACELET,424.89,48,27,19
72789,BASKET/8 SCENTED LOVE TOKEN CANDLES,424.03,112,46,42
21028,NINJA RABBIT BLACK,423.9,323,92,31
16207A,PINK STRAWBERRY HANDBAG ,423.53000000000003,143,76,17
21678,PAISLEY PATTERN  STICKERS,423.0,572,80,39
84762A,WHITE PICNIC BARBECUE BUCKET,422.98,48,32,24
16008,SMALL FOLDING SCISSOR(POINTED EDGE),422.96,3141,85,64
21729,SMALL MARAKESH METAL  LANTERN ,422.9,124,30,19
22446,PIN CUSHION RUSSIAN DOLL PINK,422.45000000000005,122,34,24
22840,"CAKE TIN, ROUND, VINTAGE RED,CREAM",421.05,59,10,10
20662,FIRST CLASS HOLIDAY PURSE ,420.33000000000004,428,50,23
46126A,ELVIS WALLHANGING / CURTAIN,419.99,317,48,23
84967C,GREEN KASHMIRI OCCASIONAL TABLE,419.85,9,4,3
47579,TEA TIME BREAKFAST BASKET,418.77000000000004,184,56,37
22032,BOTANICAL LILY GREETING CARD,418.12,980,111,64
20851,ZINC HEART LATTICE TRAY OVAL ,417.67,333,29,22
84532B,FAIRY CAKES RECTANGLUAR BOXES,417.58,54,31,21
37482P,CUBIC MUG PINK POLKA DOT,416.71,118,27,17
35240,ENAMEL BLUE RIM OVAL TRAY SET/2,416.01,49,39,35
90201B,BLACK ENAMEL FLOWER RING,415.96000000000004,141,57,14
85014b,RED RETROSPOT UMBRELLA,414.82000000000005,33,30,0
84529C,YELLOW KNITTED KIDS RUCKSACK,414.74,78,37,9
84997b,RED 3 PIECE MINI DOTS CUTLERY SET,414.18,49,7,0
72750A,FLOWER FAIRY SET OF 3 LILY CANDLES,413.8,204,9,6
22395,PAPERWEIGHT VINTAGE PAISLEY,413.76,234,53,31
84007,MAGIC GARDEN MOUNT FUJI,413.12,157,39,30
85112,S/3 TEAR DROP CUT GLASS DECORATION,412.77,465,34,20
21336,GOLD WASHBAG,412.29,958,45,13
85230G,ORANGE VOTIVE CANDLE,411.84,1632,47,32
84884a,ANT WHITE WIRE HEART SPIRAL,410.89,49,35,0
21520,BOOZE & WOMEN GREETING CARD ,410.79,955,109,61
21341,KASBAH LANTERN WITH GLASS ,410.64000000000004,72,29,15
90149,SILVER FLOWR PINK SHELL NECKLACE,410.26000000000005,62,9,6
84509B,FAIRY CAKE PLACEMATS,409.94,107,28,20
16169F,WRAP BLIZZARD,409.5,975,34,34
84595B,LARGE TRIFLE DESIGN L BLUE BOWL,408.9,230,16,13
22786,PILLOWCUSHION COVER PINK UNION JACK,408.83000000000004,67,22,17
21252,SET OF MEADOW  FLOWER STICKERS,408.66,168,22,14
84422,PINK/BLUE DISC/MIRROR STRING,408.38,733,40,19
22324,BAG FOR CHILDREN VINTAGE BLUE ,408.0,96,1,1
22323,BAG FOR CHILDREN VINTAGE PINK ,408.0,96,1,1
72780,BLACK SILOUETTE CANDLE PLATE,407.98,502,45,36
22776,"CAKESTAND, 3 TIER, LOVEHEART",405.5,46,7,7
90013A,MIDNIGHT BLUE VINTAGE EARRINGS,404.27,107,78,8
23415,HOME SWEET HOME HOOK,403.92999999999995,323,48,42
84984A,GREEN PEONY CUSHION COVER,403.75,255,12,8
82076,BEECH WOOD PHOTO FRAME ,403.64,290,19,5
90206C,CRYSTAL DIAMANTE STAR BROOCH,402.61,80,57,9
84798A,PINK FOXGLOVE ARTIIFCIAL FLOWER,401.85,183,11,9
84932B,SMALL PINK PEONY FOLDING STOOL,401.3,189,17,17
45016,DECORATIVE NET CANOPY LEOPARD,401.23,95,26,8
22134,MINI LADLE LOVE HEART RED ,401.18,865,153,28
23339,EGG FRYING PAN BLUE ,400.84000000000003,173,76,43
23576,SNACK TRAY RED VINTAGE DOILY,400.03999999999996,198,37,28
23429,RED RETRO KITCHEN WALL CLOCK,400.01,47,23,19
72803B,OCEAN SCENT CANDLE JEWELLED DRAWER,399.38,90,38,29
21698,MOCK LOBSTER FRIDGE MAGNET,399.01,530,112,38
20889,JARDIN DE FEMME SCENTED CANDLE,398.03999999999996,657,13,12
84804A,CREAM DELPHINIUM ARTIFICIAL FLOWER,396.38000000000005,218,18,15
21025,SPACE FROG,396.12,300,81,30
90120A,PINK MURANO TWIST BRACELET,395.68,93,41,14
23484,HEART TRELLIS TRIPLE T-LIGHT HOLDER,395.11,129,30,20
84726,LILLIES CANVAS PICTURE,394.84999999999997,233,5,4
84873A,FUNKY FLOWER PICNIC BAG FOR 4,394.15,32,16,5
84952A,CLEAR LOVE BIRD T-LIGHT HOLDER,392.53,148,39,13
21736,GOLD SCROLL GLASS T-LIGHT HOLDER,392.52000000000004,190,28,22
90201D,GREEN ENAMEL FLOWER RING,391.37,133,57,12
90124B,BLUE MURANO TWIST NECKLACE,391.18,39,30,11
84711A,SILVER OVAL SHAPE TRINKET BOX,390.95,42,24,13
23466,TUSCAN VILLA DOVECOTE BIRD FEEDER,390.78,42,24,18
84673B,BLUE FLY SWAT,390.66,502,134,65
37444A,YELLOW BREAKFAST CUP AND SAUCER,390.44,1400,45,17
90010A,MIDNIGHT BLUE GLASS/SILVER BRACELET,390.15,43,31,12
84802B,PURPLE ANEMONE ARTIFICIAL FLOWER,389.79,411,17,16
16044,POP-ART FLUORESCENT PENS,389.22,6193,3,2
23337,EGG FRYING PAN MINT ,388.75,180,69,49
23150,IVORY SWEETHEART SOAP DISH,388.26000000000005,147,50,33
23039,T-LIGHT HOLDER SILVER HEART HANDLE,388.01,193,29,22
84497,BUTTONS AND STRIPES NOTEBOOK ,387.13,97,37,29
23103,BELL HEART DECORATION,387.0,252,9,9
90180A,BLACK+WHITE NECKLACE W TASSEL,386.69,43,29,18
90158,ST TROPEZ NECKLACE,386.32,77,63,11
85007,SET OF 3 VINTAGE TEA TIME BOXES,385.67,140,22,16
84081,WHITE CERAMIC PARTY SET (5PCS),385.05,99,21,15
20857,BLUE ROSE PATCH PURSE PINK BUTTERFL,384.45,233,75,57
16202B,PASTEL BLUE PHOTO ALBUM ,384.08,567,26,13
22698,TEACUP AND SAUCER REGENCY PINK,384.0,144,9,9
22838,"CAKE TIN, 3 TIER RED/IVORY",383.4,28,8,8
16162L,THE KING GIFT BAG,383.23,4357,31,16
84509c,SET OF 4 POLKADOT PLACEMATS ,383.18,51,32,0
23116,VEGETABLE GARDEN CHOPPING BOARD,382.44,76,22,17
71053,WHITE MOROCCAN METAL LANTERN,381.54999999999995,69,26,9
90035B,"PEARL & SHELL 42""NECKL. PINK",380.89,43,4,4
72801E,S/4 FESTIVE GREEN DINNER CANDLES,380.84,718,22,17
90184A,AMBER CHUNKY BEAD BRACELET W STRAP,380.82,42,25,11
72750B,"F.FAIRY S/3 CANDLE/GLASS,LAVENDER",380.35,193,9,8
85097B,BLUE ROCKING SINGING CANARY,378.57,94,45,27
84292,ROSE PINK METAL FOLDING CHAIR,378.03000000000003,43,15,11
84533B,FAIRY CAKES ROUND NESTING BOXES,377.93,59,24,17
21243,PINK POLKADOT PLATE ,377.56,220,25,18
20976,12 PENCILS SMALL TUBE POSY,376.34000000000003,549,76,51
47562,ENGLISH ROSE IRONING BOARD COVER,375.8,100,43,17
23396,LA JARDIN BOTANIQUE CUSHION COVER,375.53,87,28,23
16258A,SWIRLY CIRCULAR RUBBERS IN BAG,375.51,1062,102,58
23459,DOLLY CABINET 2 DRAWERS ,375.0,30,21,19
85033G,SET/6 GOLD REINDEER T-LIGHT CANDLES,374.1,233,34,17
23128,DOLLCRAFT BOY JEAN-PAUL ,373.9,82,12,12
23045,PAPER LANTERN 5 POINT STAR MOON ,373.48,88,21,17
84741C,CITRUS GARLAND FELT FLOWERS ,372.14,185,51,42
84877D,BLUE ROUND COMPACT MIRROR,371.84999999999997,160,43,14
84429A,MEDIUM PINK BUDDHA HEAD ,371.78000000000003,109,42,22
22511,DOORSTOP RUSSIAN DOLL RETROSPOT,371.1,102,36,31
90201A,PURPLE ENAMEL FLOWER RING,371.04,126,55,16
90134,OLD ROSE COMBO BEAD NECKLACE,370.92,126,96,2
22559,SEASIDE FRISBEE ,370.54,308,26,21
79191B,RETRO PLASTIC POLKA TRAY,370.16999999999996,447,75,47
79336,LIGHT PINK FLOCK GLASS CANDLEHOLDER,369.78000000000003,840,21,13
20652,BLUE POLKADOT LUGGAGE TAG ,369.39,284,94,34
90082B,DIAMANTE BOW BROOCH RED COLOUR,368.29999999999995,58,25,18
20906,VINTAGE NOTEBOOK BEAUTY GIRL,368.24,101,47,25
47503G,ASS FLORAL PRINT TAPE MEASURE,367.36,284,35,21
23575,SNACK TRAY PAISLEY PARK,367.34999999999997,179,32,22
35915A,CREAM KNITTED HEN,365.76,288,1,1
47504G,ENGLISH ROSE TAPE MEASURE,365.56,265,58,38
84926D,LA PALMIERA TILE COASTER,365.34999999999997,773,47,29
90164B,WHITE  ROSEBUD PEARL BRACELET,362.94,67,35,8
23661,MILK MAIDS MUG ,360.59,199,37,23
84760S,SMALL HANGING GLASS+ZINC LANTERN,360.21,222,36,24
85094,CANDY SPOT EGG WARMER RABBIT,359.74,759,109,40
85026B,EAU DE NILE JEWELLED T-LIGHT HOLDER,359.05,290,30,20
21946,PARTY TIME DESIGN FLANNEL,358.96999999999997,625,67,25
84402D,PINK DRESS JEWELLERY STAND ,358.92999999999995,373,13,9
90036E,"FLOWER GLASS GARLD NECKL36""AMETHYST",358.87,45,28,10
23579,SNACK TRAY I LOVE LONDON,358.75,169,35,22
90002D,FLOWER BURST SILVER RING CRYSTAL,358.24,102,35,17
84711B,PINK OVAL SHAPE TRINKET BOX,357.71,39,30,11
84997a,GREEN 3 PIECE MINI DOTS CUTLERY SET,357.41,43,11,0
22555,PLASTERS IN TIN MR STRONG ,357.0,228,11,11
84680,CLASSICAL ROSE URN,356.40000000000003,92,18,14
35912B,WHITE/PINK CHICK DECORATION,355.58000000000004,288,30,22
72487,ROSES WHITE ROUND CANDLE,355.05,827,14,13
20865,PATCHWORK PENCIL CASE BUTTERFLY ,355.02,169,35,24
90019A,SILVER M.O.P ORBIT BRACELET,354.59000000000003,68,51,16
72801C,4 ROSE PINK DINNER CANDLES,354.45,537,28,20
16216,LETTER SHAPE PENCIL SHARPENER,354.04,4048,90,69
47310M,SMALL POP BOX FUNKY MONKEY,353.98,258,87,20
35968,FOLK ART METAL HEART T-LIGHT HOLDER,353.84000000000003,736,79,50
90082A,DIAMANTE BOW BROOCH GREEN COLOUR,353.71,55,32,16
20950,SET/6  ANGEL T-LIGHTS WHITE/GOLD,353.39,687,83,57
21880,RED AND WHITE SPOT TAPE,353.13,471,72,35
78033,FLAG OF ST GEORGE CHAIR,352.75,153,21,13
84898F,YELLOW FLOWERS FELT HANDBAG KIT,352.75,165,52,37
46000R,POLYESTER FILLER PAD 45x30cm,352.34999999999997,303,62,42
84800M,MEDIUM WHITE/PINK ROSE ART FLOWER,352.15000000000003,247,28,26
84809B,PINK CHRYSANTHEMUMS ART FLOWER,351.6,296,8,7
23420,PANTRY HOOK TEA STRAINER ,351.37,164,32,26
82001s,VINYL RECORD FRAME SILVER,351.09999999999997,47,14,0
90161A,ANT COPPER RED BOUDICCA BRACELET,349.96000000000004,70,43,14
90013C,GREEN VINTAGE EARRINGS ,349.8,87,57,10
21038,SET/4 MODERN VINTAGE COTTON NAPKINS,349.58000000000004,164,53,39
79190A,RETRO PLASTIC 70'S TRAY,349.58,756,122,42
23421,PANTRY HOOK SPATULA,349.2,160,33,24
72750A,"F.FAIRY S/3 CANDLE/GLASS,LILY/VALLY",349.15000000000003,177,8,8
22029,SPACE BOY BIRTHDAY CARD,349.12,823,67,51
82011B,BATHROOM SCALES RUBBER DUCKS,348.8,93,48,23
23044,PAPER LANTERN 9 POINT HOLLY STAR S,348.59000000000003,83,20,19
23057,GEMSTONE CHANDELIER T-LIGHT HOLDER,347.70000000000005,78,7,7
84535A,ENGLISH ROSE NOTEBOOK A6 SIZE,346.93,607,64,44
84801B,WHITE HYDRANGEA ART FLOWER,345.00000000000006,214,18,14
20666,ECONOMY HOLIDAY PURSE,344.45000000000005,511,47,22
85109,PINK BOUDOIR T-LIGHT HOLDER,344.39,2339,21,17
35004c,SET OF 3 COLOURED  FLYING DUCKS,343.72,27,25,0
90191,SILVER LARIAT 40CM,342.6,40,21,13
22039,BOTANICAL LILY GIFT WRAP,342.5,825,31,27
35833P,4 PINK FLOCK CHRISTMAS BALLS,342.17,185,64,32
22268,DECORATION SITTING BUNNY,342.13000000000005,1441,84,32
72811,SMALL ZINC/GLASS CANDLEHOLDER,340.45,445,22,18
75149N,STRING CRYSTALS NATURAL,340.0,272,25,18
79303B,BLUE STAR BLOCK TABLE LAMP,339.57,109,10,4
84925A,WAKE UP COCKEREL WALL THERMOMETER,339.28999999999996,179,17,14
84249D,FAIRY CAKE GREETINGS CARD,337.21999999999997,799,66,49
84576,BLUE CAT BISCUIT BARREL PINK HEART,337.04,96,32,19
23127,DOLLCRAFT GIRL NICOLE,336.6,68,12,12
84881,BLUE WIRE SPIRAL CANDLE HOLDER,336.59,51,25,21
35914,PINK CHICK EGG WARMER + EGG CUP,336.58,243,56,25
17011F,ORIGAMI SANDLEWOOD INCENSE+FLOWER,336.20000000000005,385,20,15
21306,SET/4 DAISY MIRROR MAGNETS,335.48,662,70,48
72814,SET/3 CHRISTMAS BRIAR CANDLES,334.03,88,24,19
17109A,FLOWER FAIRY INCENSE LILY,333.61,709,13,12
90201C,RED ENAMEL FLOWER RING,333.24,113,47,16
21402,RED  EGG  SPOON,333.0,1697,152,81
90175C,BLUE GLASS CHUNKY CHARM BRACELET,332.95,37,20,15
20688,BEAUTY SPEED EXPRESSO CUPS,332.9,464,11,9
47583B,SET OF 3 WICKER BASKET TEA AND CAKE,332.6,27,6,6
21420,OYSTER TRINKET BOX,332.16,120,31,21
90070,RUBY GLASS CLUSTER BRACELET,331.6,54,37,9
90148,LONG SILVER NECKLACE PASTEL FLOWER,331.23,26,19,15
35637C,PINK STRING CURTAIN WITH POLE,331.14,100,19,14
85024B,EAU DE NILE JEWELLED PHOTOFRAME,330.9,218,20,19
22257,FELT FARM ANIMAL SHEEP,330.47999999999996,407,58,23
84870C,GREEN GEISHA GIRL ,330.36,93,41,21
90129B,TURQUOISE GLASS TASSLE BAG CHARM ,329.95,146,62,17
35921,EASTER BUNNY HANGING GARLAND,329.07,182,50,24
37467,PIG MUG IN TWO COLOUR DESIGNS,328.51,273,64,28
72739B,WHITE CHOCOLATE SCENT CANDLE,328.39000000000004,394,28,10
90014B,GOLD M PEARL  ORBIT NECKLACE,327.81,32,26,11
23236,DOILEY BISCUIT TIN,327.6,120,13,13
20847,ZINC HEART LATTICE CHARGER LARGE,326.73,79,28,17
84902,PINK KNITTED COW STUFFED TOY,326.33,84,53,28
84706A,ENGLISH ROSE TABLE CLOCK,325.88,137,7,6
20799,PINK MILKSHAKE GLASS,325.87,192,28,11
22045,SPACE BOY GIFT WRAP,325.5,775,27,26
21722,SWEET PUDDING STICKER SHEET,325.2,344,81,34
23037,CANDLE HOLDER SILVER MADELINE,325.15999999999997,196,20,17
23478,WOODLAND LARGE PINK FELT HEART,324.40000000000003,285,13,9
23521,CAT AND BIRD WALL ART,323.64,270,4,3
90197B,BLACK GLASS BRACELET W HEART CHARMS,322.52000000000004,64,51,2
90178A,AMBER CHUNKY GLASS+BEAD NECKLACE,322.40999999999997,27,21,14
23205,CHARLOTTE BAG ALPHABET  DESIGN,320.5,400,22,22
72801G,4 BURGUNDY WINE DINNER CANDLES,320.2,537,38,28
85131C,BEADED CRYSTAL HEART BLUE ON STICK,320.15,439,72,20
84870B,BLUE GEISHA GIRL ,318.86,89,41,22
23523,WALL ART TREASURE AHOY ,317.85,84,26,22
84795b,SUNSET CHECK HAMMOCK,317.71999999999997,19,17,0
85089,CANDY SPOT BUNNY,317.54,99,29,15
84933C,LARGE BLUE ORIENTAL FOLDING STOOL,317.0,136,6,6
17091B,JASMINE TEA INCENSE IN TIN,316.98,276,51,35
85033S,SET/6 SILVER REINDEER T-LIGHTS,316.7,257,50,34
85167A,WHITE GRAND BAROQUE PHOTO FRAME,315.8,149,15,12
21401,BLUE PUDDING SPOON,315.7,1437,121,72
21309,LOUVRE CHALKBOARD,315.65,48,6,6
84509G,FAIRY CAKE PLACEMATS ,315.55,82,27,18
85129B,BEADED CRYSTAL HEART GREEN SMALL,315.11,233,56,26
22287,DECORATION WOBBLY CHICKEN,314.46,548,46,25
84933A,LARGE GREEN PEONY FOLDING STOOL,314.35,131,6,5
84673A,PINK FLY SWAT,314.19,499,100,57
90160A,PURPLE BOUDICCA LARGE BRACELET,313.86,45,26,18
46000U,POLYESTER FILLER PAD 30CMx30CM,313.75,271,52,39
90000D,COPPER/OLIVE GREEN FLOWER NECKLACE,313.75,51,34,13
35638B,PINK/BLUE STRING CURTAIN ,313.28999999999996,118,11,7
37343,POLKADOT MUG PINK ,313.26,193,30,18
23695,DOILY THANK YOU CARD,313.24,741,57,41
23130,MISELTOE HEART WREATH ,312.8,80,5,5
90018A,SILVER M.O.P ORBIT DROP EARRINGS,312.74,74,57,15
84802A,WHITE ANEMONE ARTIFICIAL FLOWER,312.65000000000003,185,24,21
84838,ANT WHITE HIGH RISE BIRD BOX,312.5,50,4,3
90016B,GOLD/M.O.P PENDANT ORBIT NECKLACE,312.14,37,30,14
84522,PINK PARTY SUNGLASSES,311.86,186,26,19
84984C,ORIENTAL BLUE CUSHION COVER ,311.57,219,8,6
62095B,TURQOISE ICE CREAM SUNHAT,310.83,292,21,18
84623,PINK GINGHAM ROSE FLOOR CUSHION,310.44,56,14,8
84933B,LARGE PINK PEONY FOLDING STOOL,309.15000000000003,136,6,5
84661A,WHITE SQUARE TABLE CLOCK,308.99,222,43,22
22844,VINTAGE DOG FOOD CONTAINER,308.64,36,6,6
77081,FLOWER WINDMILL,307.13,241,34,18
21196,ROUND WHITE CONFETTI IN TUBE,306.89,178,22,16
84671B,CROCHET BEAR WITH BLUE STRIPES,306.77,109,32,20
23495,SET OF 3 PANTRY WOODEN SPOONS,306.66,225,41,21
90209A,PURPLE ENAMEL+GLASS HAIR COMB,306.6,164,12,7
72130,COLUMBIAN CANDLE ROUND,306.35,753,57,39
16254,TRANSPARENT ACRYLIC TAPE DISPENSER,305.66,941,40,17
90175B,PINK GLASS CHUNKY CHARM BRACELET,304.95,34,28,6
23131,MISELTOE HEART WREATH WHITE,304.5,78,4,4
20800,LARGE GLASS SUNDAE DISH CLEAR,303.96,1005,5,2
22453,MEASURING TAPE RUSSIAN DOLL BLUE,303.86000000000007,102,29,22
84219,BOX/12 MOTHER & CHICK IN BASKET/BOW,303.86,137,28,24
90173,PAIR BUTTERFLY HAIR CLIPS,302.89,80,52,7
90036D,"FLOWER GLASS GARLAND NECKL.36""BLACK",302.29,38,16,11
84968e,SET OF 16 VINTAGE BLACK CUTLERY,302.16999999999996,12,9,0
23430,BLUE RETRO KITCHEN WALL CLOCK,301.88,36,18,16
35645,VINTAGE BEAD PINK JEWEL BOX,301.81,61,34,18
23522,WALL ART DOG AND BALL ,301.56,102,28,17
90035C,"PEARL & SHELL 42""NECKL. IVORY",301.0,28,5,5
22852,ENAMEL DOG BOWL CREAM,300.48,76,3,3
84509E,SET OF 4 CAROUSEL PLACEMATS ,300.3,157,29,9
23440,PAINT YOUR OWN EGGS IN CRATE,299.36,164,5,5
90124A,PINK MURANO TWIST NECKLACE,299.28,30,20,16
35981C,WHITE SNOW SCANDINAVIAN STOCKING ,297.62,589,67,55
17001,HEAVENS SCENT FRAGRANCE OILS ASSTD,297.61,1205,25,20
84509C,SET OF 4 DOTTY PLACEMATS ,297.48,70,23,11
22135,MINI LADLE LOVE HEART PINK,297.4,528,166,20
21157,RED RETROSPOT WASHBAG,296.99,103,44,13
17012E,ORIGAMI OPIUM INCENSE/CANDLE SET ,296.78999999999996,263,29,12
35920,FOUR RABBIT EASTER DECORATIONS,296.34,1070,24,18
47471,RAINBOW PEGS PHOTO CLIP STRING,295.72,428,63,35
DCGSSGIRL,GIRLS PARTY BAG,295.63,92,23,0
79051A,SMOKEY GREY COLOUR D.O.F. GLASS,295.58,702,39,30
90129A,PINK GLASS TASSLE BAG CHARM ,295.38,151,73,14
20869,GOLD FABRIC MIRROR,295.12,529,53,30
21697,SET 5 MINI DOUGHNUT FRIDGE MAGNET ,295.08000000000004,372,7,6
23126,DOLLCRAFT GIRL AMELIE KIT,294.7,66,8,8
79190D,RETRO PLASTIC DAISY TRAY,294.48,636,113,44
20795,LARGE BLUE PROVENCAL CERAMIC BALL,294.0,128,32,15
84926A,WAKE UP COCKEREL TILE COASTER,293.08,664,51,29
72801F,S/4 FESTIVE RED DINNER CANDLES,292.5,234,25,20
20670,VIP HOLIDAY PURSE,292.45000000000005,382,51,21
90030B,RED KUKUI COCONUT SEED NECKLACE,292.08000000000004,139,36,17
37422,WHITE WITH BLACK CATS BOWL,292.08,434,73,14
85147,JARDIN ETCHED GLASS CANDLEHLDR LONG,292.05,59,17,14
22952,SET 72 CAKE CASES VINTAGE CHRISTMAS,291.6,672,4,4
21030,SPACE CADET RED,290.9,239,51,37
84529A,PINK KNITTED KIDS RUCKSACK,290.78,50,19,9
20826,SILVER APERITIF GLASS,290.72,355,14,11
23567,EGG CUP HENRIETTA HEN PINK,290.33,210,38,15
21388,IVORY HANGING DECORATION  CHICKEN,290.16999999999996,311,29,27
84800S,SMALL WHITE/PINK ROSE ART FLOWER,289.54,386,20,19
84882,GREEN WIRE STANDING CANDLE HOLDER,289.43,66,36,22
85014a,BLACK/BLUE POLKADOT UMBRELLA,288.92,23,19,0
20987,GEISHA GIRL CHOPSTICKS SET/5,288.35,131,22,11
23047,PAPER LANTERN 5 POINT SEQUIN STAR,287.5,50,21,21
84997a,GREEN 3 PIECE POLKADOT CUTLERY SET,287.08000000000004,34,10,0
16212,FUNKY GIRLZ ASST MAGNETIC MEMO PAD,287.01,438,38,29
90098,NECKLACE+BRACELET PINK BUTTERFLY,285.97999999999996,131,56,22
37413,ICON MUG REVOLUTIONARY,284.49,703,81,52
84770,ROUND GEORGIAN SILVER MIRROR,283.55000000000007,89,23,14
82093,HEART SHAPE BUTTON FRAME ,283.49,139,28,7
21144,PINK POODLE HANGING DECORATION ,282.91,531,61,40
22546,MINI JIGSAW FIDO,282.24,672,10,10
23410,CURIO CABINET LINEN AND LACE ,281.95,35,19,16
37444B,BLUE BREAKFAST CUP AND SAUCER ,281.68,1026,29,14
85049g,CHOCOLATE BOX RIBBONS ,281.44,115,52,0
84977,WIRE FLOWER T-LIGHT HOLDER,281.33,223,44,34
23481,PEARLISED IVORY HEART SMALL ,281.17,228,29,23
90163A,PINK ROSEBUD & PEARL NECKLACE,280.71,37,24,5
90185D,CRYSTAL DIAMANTE EXPANDABLE RING,280.58,66,37,14
47578A,ENGLISH ROSE SMALL SCENTED FLOWER,279.88,307,69,42
90115,SUMMER BUTTERFLIES BAG CHARM,278.96,108,60,11
84457,SET/3 RABBITS FLOWER SKIPPPING ROPE,278.72999999999996,291,64,37
21367,MIRRORED WALL ART GENTS,278.47999999999996,211,60,37
22954,HEN PARTY CORDON BARRIER TAPE,277.64,225,50,27
84508C,BLUE CIRCLES DESIGN TEDDY,277.27,102,44,22
23413,DECORATIVE VINTAGE COFFEE  BOX,277.0,52,22,13
44235,ASS COL CIRCLE MOBILE ,276.96,752,15,12
22889,NUMBER TILE VINTAGE FONT No ,276.42,173,36,7
84966C,GREEN KASHMIRI BOXED MIRROR,276.0,23,2,1
DCGS0076,SUNJAR LED NIGHT NIGHT LIGHT,275.96,17,14,0
35979,SIX STRING SCANDINAVIAN HEART DECS,275.63000000000005,82,29,20
23137,ZINC WIRE SWEETHEART LETTER TRAY,275.62,83,23,18
20663,QUEEN OF THE SKIES HOLIDAY PURSE ,275.56,571,46,14
21412,VINTAGE GOLD TINSEL REEL,275.21999999999997,266,69,33
21095,SET/6 POSIES PAPER PLATES,274.57,295,40,24
21193,WHITE HONEYCOMB PAPER FAN ,274.37,111,22,14
75178,ASSTD COL BUTTERFLY/CRYSTAL W/CHIME,273.93,497,25,11
90122A,PINK CRYSTAL+GLASS BRACELET,273.89,55,31,14
23141,TRIPLE WIRE HOOK PINK HEART,272.91,79,25,18
84924D,LA PALMIERA METAL SIGN CALENDAR,272.61,764,15,11
23203,JUMBO BAG VINTAGE DOILEY ,272.57,144,7,6
35096A,BLUE VICTORIAN FABRIC HEART BOX,272.45,765,50,18
84499,BLACK FLOWER CANDLE PLATE,272.16999999999996,326,41,16
90032,IVORY SHELL HEART NECKLACE,271.88,48,24,12
90014C,SILVER/BLACK ORBIT NECKLACE,271.33,27,18,12
16052,TEATIME PUSH DOWN RUBBER,271.24,824,36,18
84192,ASSORTED COLOUR METAL CAT ,271.1,226,38,29
20980,36 PENCILS TUBE POSY,271.06,224,59,36
23474,WOODLAND SMALL BLUE FELT HEART,270.96,312,37,26
84926F,PSYCHEDELIC TILE COASTER,270.94,460,43,25
21629,SQUARE FLOOR CUSHION VINTAGE PINK ,270.47,19,14,3
47586A,PINK FAIRY CAKE CUSHION COVER,270.43,200,29,23
84927F,PSYCHEDELIC TILE HOOK,269.27,329,64,45
90122C,TURQUOISE CRYSTAL+GLASS BRACELET,269.1,54,30,12
72753D,S/3 FLWR FAIRY SUMMER CANDLES,268.8,128,11,9
84625B,BLCK NEW BAROQUE CANDLESTICK CANDLE,268.8,168,18,15
20818,GOLD TEDDY BEAR,268.5,87,30,20
18096C,WHITE ROUND PORCELAIN TLIGHT HOLDER,268.09999999999997,105,22,12
85103, SILVER T-LIGHT SETTING,267.87,35,20,17
21321,GLASS CHALICE BLUE  LARGE ,267.59999999999997,107,21,10
85195,HANGING HEART BASKET,267.34000000000003,145,18,15
21372,MIRRORED WALL ART TABLE LAMP,267.01,156,50,28
79303D,LILAC FLOWER BLOCK TABLE LAMP,266.55,76,21,5
23489,"GARLAND, VINTAGE BELLS",265.88,92,10,10
79030D,TUMBLER BAROQUE,265.8,524,41,22
47481,50CM METAL STRING WITH  7 CLIPS,265.4,326,44,31
23476,WOODLAND LARGE RED FELT HEART,264.72,205,22,18
90157,RIVIERA NECKLACE,263.28000000000003,53,24,14
90129E,PURPLE GLASS TASSLE BAG CHARM,263.14,129,59,10
72793,BLACK BOX MIRROR LANTERN,262.8,54,11,5
84906,PINK B'FLY C/COVER W BOBBLES,262.62,43,16,11
84806A,PINK CANDYSTUFT ARTIFICIAL FLOWER,261.90999999999997,319,20,19
23194,GYMKHANNA TREASURE BOOK BOX,261.84000000000003,120,14,14
21268,VINTAGE BLUE TINSEL REEL,261.66,397,49,31
90146,FINE SILVER NECKLACE W PASTEL FLOWE,261.49,39,20,12
72799D,BLUE PILLAR CANDLE SILVER FLOCK,260.67,78,18,12
44234,ASSORTED CIRCULAR MOBILE,259.96999999999997,1211,57,28
79328,BLUE FLOCK GLASS CANDLEHOLDER,259.24,590,18,6
85095,THREE CANVAS LUGGAGE TAGS,259.09,174,49,9
23032,DOORKNOB CRACKED GLAZE IVORY,258.29999999999995,174,5,5
84613C,BLUE NEW BAROQUE FLOCK CANDLESTICK,258.06,62,12,11
72801D,4 SKY BLUE DINNER CANDLES,257.93,381,29,19
90035A,"PEARL & SHELL 42""NECKL. GREEN",257.55,24,16,7
84520b,PACK 20 ENGLISH ROSE PAPER NAPKINS,257.4,110,10,0
85179C,PINK BITTY LIGHT CHAIN,257.15,116,40,10
84371,BIG PINK POODLE,257.1,30,6,4
90040B,MURANO STYLE GLASS BRACELET BLACK,255.97,71,36,17
84597B,RETRO BROWN BALL ASHTRAY ,255.62,202,28,11
84482,BUTTONS DESIGN JEWELLERY BOX,255.52,65,34,22
22870,NUMBER TILE COTTAGE GARDEN 2,254.56,98,43,15
17038,PORCELAIN BUDAH INCENSE HOLDER,254.51000000000002,2559,55,21
gift_0001_50,Dotcomgiftshop Gift Voucher £50.00,253.59,6,6,0
79338,DARK PINK FLOCK GLASS CANDLEHOLDER,252.29000000000002,553,13,8
22869,NUMBER TILE COTTAGE GARDEN 1,251.98999999999998,99,47,20
21370,MIRRORED WALL ART FOXY,251.97,54,22,15
90208,PAIR OF ENAMEL FLOWER CLUSTER SLIDE,251.59,105,30,5
DCGSSBOY,BOYS PARTY BAG,251.35,77,21,0
20661,BLUE POLKADOT PURSE ,250.66,85,55,10
90081C,LILY BROOCH OLIVE COLOUR,250.47000000000003,50,36,13
90073,VINTAGE ENAMEL & CRYSTAL EARRINGS,250.34,50,34,7
84627,CANDY STRIPE ROSE C/COVER ,249.9,42,20,15
21493, VINTAGE DESIGN GIFT TAGS,249.89999999999998,269,27,20
22984,"CARD, GINGHAM ROSE ",249.44,596,47,38
21032,SPACE CADET WHITE,248.41,200,51,28
84030c,KNITTED RAINBOW HOT WATER BOTTLE,248.0,32,13,0
72739C,DARK CHOCOLATE SCENTCANDLE,247.82999999999998,301,25,11
22328,"ROUND SNACK BOXES ,SET 4, FRUITS ",247.8,84,5,5
23168,CLASSIC SUGAR DISPENSER,247.32,216,12,12
84621,BLUE GINGHAM ROSE FLOOR CUSHION ,247.26,29,15,9
90036C,"FLOWER GLASS GARLAND NECKL.36""BLUE",246.83,31,15,7
46307,ROSES BLUE BASE CUSHION COVER ,246.03,51,33,4
22175,PINK OWL DECORATION,244.79999999999998,96,1,1
22176,BLUE OWL DECORATION,244.79999999999998,96,1,1
90028,NEW BAROQUE LARGE NECKLACE BLK/WHIT,244.79,29,24,5
47503H,ASS FLORAL PRINT SPIRIT LEVEL ,244.17,159,61,45
84993B,75 BLACK PETIT FOUR CASES,243.66,551,86,57
90096,NECKLACE+BRACELET SET BLUE BLOSSOM,243.60999999999999,104,49,10
90129C,GREEN GLASS TASSLE BAG CHARM,243.38,107,51,16
90119,METALIC LEAVES BAG CHARMS,243.07,97,42,6
82011A,"BATHROOM SCALES, TROPICAL BEACH",242.83,58,35,19
90081A,LILY BROOCH AMETHYST COLOUR,242.8,49,24,15
23475,WOODLAND SMALL PINK FELT HEART,242.17999999999998,286,31,25
35818P,"ACRYLIC JEWEL ICICLE, PINK",242.15,559,25,18
90196B,BLACK GEMSTONE NECKLACE 45CM,241.98,19,14,9
10123C,HEARTS WRAPPING TAPE ,241.87,500,65,39
16156L,"WRAP, CAROUSEL",241.5,575,22,20
23143,ZINC WIRE KITCHEN ORGANISER,239.97,30,16,12
84984D,ORIENTAL RED CUSHION COVER ,239.8,132,10,9
23324,RUSTIC STRAWBERRY JAMPOT LARGE ,238.56,120,6,6
23028,DOORKNOB CRACKED GLAZE BLUE,238.49999999999997,162,3,3
22447,PIN CUSHION RUSSIAN DOLL BLUE,238.06,68,23,18
82553,POP'S GREASY SPOON METAL SIGN,237.73,114,42,14
84510C,SET OF 4 POLKADOT COASTERS,237.59,152,61,30
22812,PACK 3 BOXES CHRISTMAS PANETTONE,236.78,70,25,9
20940,SET/6 GARDEN GNOME T-LIGHT CANDLES,236.55,82,24,16
90133,TEAL/FUSCHIA COL BEAD NECKLACE,236.46,47,36,7
20891,LARGE GLASS ROSE SCENTED CANDLE ,236.32999999999998,684,3,1
47587A,PINK FAIRY CAKE COASTER,235.88,1506,27,7
22882,NUMBER TILE VINTAGE FONT 3,235.76999999999998,117,50,18
90210D,PURPLE ACRYLIC FACETED BANGLE,235.73000000000002,142,23,10
23580,SNACK TRAY HAPPY FOREST  ,234.92,116,25,20
84796a,PINK HAWAIIAN PICNIC HAMPER FOR 2,234.28,28,20,0
21460,GREEN EASTER EGG HUNT START POST,234.04999999999998,105,29,20
84660c,PINK STITCHED WALL CLOCK,233.98,31,28,0
20736,PINK MINI TAPE MEASURE ,233.5,290,19,18
84629,WHITE 3 FRAME BIRDS AND TREE ,232.85,23,14,12
20855,PINK PATCH PURSE BLUE HEART,232.64999999999998,141,48,41
84797b,BLUE SAVANNAH PICNIC HAMPER FOR 4,232.62,21,19,0
23036,T-LIGHT HOLDER SILVER PETIT FOUR ,232.42000000000002,184,16,14
16256B,FLOWER PENCIL/RUBBER+5 MINI PENCILS,232.35,524,35,17
35991,SET/6 BLACK SNOWFLAKE T-LIGHTS ,232.08,402,54,43
90210B,CLEAR ACRYLIC FACETED BANGLE,232.04000000000002,102,24,15
23447,PINK BUNNY EASTER EGG BASKET,231.89999999999998,158,4,4
90181B,AMETHYST GLASS/SHELL/PEARL NECKLACE,231.27,25,24,0
23015,CORDIAL GLASS JUG,231.13,27,19,14
16202C,BEIGE PHOTO ALBUM,230.59,97,12,10
22842,"BISCUIT TIN, RED,IVORY, VINTAGE",230.55,37,7,7
21226,POCKET MIRROR WOODLAND,230.54999999999998,213,37,17
90164A,PINK ROSEBUD PEARL BRACELET,230.39,40,25,7
37483,ENGLISH ROSE MUG IN GIFT BOX,230.34,142,11,11
23446,BLUE BUNNY EASTER EGG BASKET,230.24999999999997,157,3,3
90170,DAISY HAIR BAND,229.78,138,74,10
37508,NEW ENGLAND CERAMIC CAKE SERVER,229.57,89,46,35
90196A,PURPLE GEMSTONE NECKLACE 45CM,229.5,18,12,9
22878,NUMBER TILE COTTAGE GARDEN No,229.44,82,41,13
90122B,JADE CRYSTAL+GLASS BRACELET,228.99,46,26,14
90199B,5 STRAND GLASS NECKLACE AMETHYST,228.60999999999999,36,31,12
35809B,ENAMEL BLUE RIM TEA CONTAINER,227.54000000000002,104,33,21
71028B,SILVER BLUE EGG T-LIGHT HOLDER,227.48000000000002,494,13,7
84705C,PINK FLOCK PHOTO FRAME ,227.33,162,8,5
22899,CHILDRENS APRON DOLLY GIRL ,226.81000000000003,107,17,15
72750D,F.FAIRY S/3 CANDLE/GLASS,226.5,110,11,11
23003,TRAVEL CARD WALLET VINTAGE ROSE ,226.2,542,53,38
90155,RESIN NECKLACE W PASTEL BEADS,226.16,30,21,12
84966A,PINK KASHMIRI BOXED MIRROR,225.95,13,4,3
84461,12 PINK HEN+CHICKS IN BASKET,225.73999999999998,88,42,33
90116,FRUIT SALAD BAG CHARM,225.51999999999998,106,63,11
21369,MIRRORED WALL ART SPLODGES,225.36,133,22,15
35597B,BLACKCHRISTMAS TREE 30CM,224.1,78,7,6
23149,ANTIQUE IVORY WIRE BOWL SMALL,224.06000000000003,88,23,18
90125D,PURPLE BERTIE GLASS BEAD BAG CHARM,223.74,136,36,9
72812,LARGE ZINC GLASS CANDLEHOLDER,223.23000000000002,78,22,9
17084P,DRAGONS BLOOD INCENSE,222.75,990,70,23
21639,ASSORTED TUTTI FRUTTI KEYRING,221.85,251,17,14
17011C,ORIGAMI LAVENDER INCENSE+FLOWER,221.4,335,2,1
16258B,DAISY ERASERS IN BAG,221.06,1016,15,13
17013B,ORIGAMI JASMINE INCENSE IN TUBE,221.03,256,3,2
72807b,SET/3 OCEAN SCENT CANDLE JEWEL BOX,220.94000000000003,26,19,0
82585,SWEET VALENCIA CANDLE+CUP,220.9,152,48,18
35833G,4 GOLD FLOCK CHRISTMAS BALLS,220.66,134,34,23
62086A,PINK RETRO BIG FLOWER BAG,220.35,113,24,20
90124C,GREEN MURANO TWIST NECKLACE,220.20999999999998,22,16,7
72225D,VANILLA SCENT CAKE CANDLE ,219.45999999999998,962,11,9
85168A,WHITE BAROQUE CARRIAGE CLOCK,218.89999999999998,22,15,12
48173c,DOOR MAT BLACK FLOCK ,218.58,16,12,0
84509C,DOTTY PLACEMATS ,218.29000000000002,58,13,9
22845,VINTAGE CAT FOOD CONTAINER,218.14,34,5,5
72801d,4 SKY BLUE DINNER CANDLES,217.32999999999998,88,51,0
20821,GOLDIE LOOKING MIRROR,217.12,28,28,11
22588,CARDHOLDER GINGHAM HEART,216.90000000000003,102,2,2
72781,BLACK SILOUETTE CANDLE PLATE ,216.9,115,16,11
90005A,JADE GREEN ENAMEL HAIR COMB,216.87,106,57,5
84725,FREESTYLE CANVAS ART PICTURE,216.49999999999997,134,29,24
35793,S/3 PUPPIES CHRISTMAS DECORATIONS,216.33,108,15,7
23360,SET 8 CANDLES VINTAGE DOILEY,216.29999999999998,122,7,7
84247E,PACK OF 12 CHRISTMAS FUN CARDS,215.94,83,39,13
84807,RED POPPY ARTIFICIAL FLOWER,215.93,233,7,7
90036A,FLOWER GARLAND NECKLACE RED,215.76000000000002,27,20,10
21543,BUTTERFLY WATER TRANSFER TATTOOS ,215.0,284,24,13
22834,MINI HAND WARMER BABUSHKA DESIGN,214.8,108,5,5
48179,DOOR MAT SWEET HOME,214.47,34,11,6
90123A,PINK HEART OF GLASS BRACELET,214.07,36,19,14
90019C,SILVER BLACK ORBIT BRACELET,213.38,40,34,7
22880,NUMBER TILE VINTAGE FONT 1,212.91,103,36,10
84805A,CREAM CLIMBING HYDRANGA ART FLOWER,212.85,147,8,7
85039a,SET/4 RED MINI ROSE CANDLE IN BOWL,212.45,64,44,0
84313A,PINK TV TRAY TABLE ,212.42,38,19,10
84247C,PACK/12 BLUE REINDEER CARD,212.40000000000003,72,22,22
35817P,"ACRYLIC JEWEL SNOWFLAKE,PINK",212.14,408,10,8
47593B,SCOTTIES DESIGN BABY BIB,212.06,194,52,15
21368,MIRRORED WALL ART LADIES,212.04,201,47,32
37492A,YELLOW RED FLOWER PIGGY BANK,211.42,107,12,7
47591A,CAROUSEL DES CHILD'S APRON,210.01999999999998,127,59,30
51012C,"FEATHER DUSTER, COAL BLACK",210.0,168,29,23
16201A,PASTEL PINK PHOTO ALBUM,209.47,99,10,7
20827,GOLD APERITIF GLASS,209.36,173,8,5
47574B,ENGLISH ROSE SCENTED HANGING HEART,208.25,49,27,25
21400,RED PUDDING SPOON,208.03,1066,92,54
90056,CHUNKY CRACKED GLAZE NECKLACE IVORY,207.94,19,14,1
21395,BLUE SPOTTY BEAKER ,207.94,102,24,18
90016A,SILVER/M.O.P PENDANT ORBIT NECKLACE,207.86,29,16,8
37485,ENGLISH ROSE TEA SET IN GIFT BOX,207.69,49,15,10
90210A,GREY ACRYLIC FACETED BANGLE,207.34,88,21,12
90087,CRYSTAL SEA HORSE PHONE CHARM,207.06,261,55,13
47343A,FUSCHIA FLOWER PURSE WITH BEADS,206.26,200,23,21
90214A,"LETTER ""A"" BLING KEY RING",206.15,207,105,28
90058A,CRYSTAL STUD EARRINGS CLEAR DISPLAY,205.2,540,14,12
84927E,FLOWERS TILE HOOK,204.75,300,31,22
20836,FRENCH PAISLEY CUSHION COVER,204.64,200,24,18
17014D,ORIGAMI ROSE INCENSE CONES,204.36,479,8,5
90186A,AMETHYST HOOP EARRING FLORAL LEAF,203.73000000000002,69,33,14
35962,SET/12 ZINC CHRISTMAS DECORATIONS,203.73000000000002,94,16,15
90185B,AMETHYST DIAMANTE EXPANDABLE RING,203.68,48,39,12
35824B,"HANGING FLOWERS+MIRROR,BLUE",203.24,528,6,4
20890,SMALL GLASS ROSE SCENTED CANDLE,202.62,605,4,1
TEST001,This is a test product.,202.5,55,15,5
22872,NUMBER TILE COTTAGE GARDEN 4,202.1,80,37,16
72756, FAIRY CAKE CANDLES,202.05,153,2,2
22881,NUMBER TILE VINTAGE FONT 2,201.45999999999998,104,35,9
72754A,FLOWER FAIRY POTPOURRI CUSHION LILY,201.24,292,5,4
84247K,"FOLK ART GREETING CARD,pack/12",201.03000000000003,64,29,20
20672,PINK TEATIME PRINT BOWL,201.0,138,36,21
84247N,PACK/12 BLUE FOLKART CARDS,200.13000000000002,80,56,33
90003D,CRYSTAL PAIR HEART HAIR SLIDES,199.92,53,34,15
22884,NUMBER TILE VINTAGE FONT 5,199.9,102,38,14
90144,SILVER DROP EARRINGS WITH FLOWER,199.45,53,33,11
84706F,RED PEONY TABLE CLOCK,199.35,33,18,15
90085,CRYSTAL STILETTO PHONE CHARM,199.03,221,31,14
90000A,RASPBERRY ANT COPPER FLOWER NECKLAC,198.98000000000002,33,21,14
84797a,PINK HAWAIIAN PICNIC HAMPER FOR 4,198.84,18,17,0
84690,S/2 BEACH HUT STOOLS,198.75,25,15,12
84855,BLOKEY SILVER TOOL SET,196.70000000000002,36,15,10
90040A,MURANO STYLE GLASS BRACELET RED,196.55,50,35,10
47504F,ENGLISH ROSE TORCH,196.45999999999998,527,14,12
22849,"BREAD BIN, DINER STYLE, MINT",196.35,13,4,4
90211B,JET BLACK LAS VEGAS NECKLACE 45CM,196.31,33,27,8
90090,PINK CRYSTAL HEART PHONE CHARM,196.26999999999998,226,24,12
90024B,NEW BAROQUE B'FLY NECKLACE RED,195.24,23,23,6
85070,ANT WHITE SWEETHEART TABLE W 3 DRAW,195.0,2,4,4
84985B,SET OF 72 BLACK PAPER DOILIES ,194.95999999999998,128,24,12
22326,"ROUND SNACK BOXES ,SET4, WOODLAND ",194.70000000000002,66,3,3
23697,A PRETTY THANK YOU CARD,194.58,456,35,26
22883,NUMBER TILE VINTAGE FONT 4,193.74,100,34,9
22289,HANGING METAL CHICKEN DECORATION,193.52,148,34,19
21582,KINGS CHOICE SMALL TUBE MATCHES,193.04999999999998,117,16,15
16202A,PASTEL PINK PHOTO ALBUM ,192.65,338,24,16
20814,SILVER FINCH DECORATION,192.64000000000001,176,14,8
35819B,"ACRYLIC HANGING JEWEL,BLUE",192.3,385,32,26
90036F,"FLOWER GLASS GARLD NECKL36""TURQUOIS",192.17000000000002,24,15,4
84899F,YELLOW PURPLE DAISY FELT PURSE KIT,192.17,121,53,20
90178B,PURPLE CHUNKY GLASS+BEAD NECKLACE,191.40999999999997,16,11,9
22885,NUMBER TILE VINTAGE FONT 6 ,190.95,103,35,13
72051S,BAG OF SILVER STONES,190.89,300,54,18
22841,"CAKE TIN, ROUND, VINTAGE MINT,IVORY",190.65,27,4,4
37506,NEW ENGLAND MILK JUG W GIFT BOX,190.4,32,26,21
84255B,ORANGE COCKTAIL GLASS LAMP,190.16,65,18,11
23229,DONKEY TAIL GAME ,189.54000000000002,54,4,4
85128,PLANTPOT SINGLE HOOK PISTACHIO,188.95000000000002,167,4,2
84744,S/6 SEW ON CROCHET FLOWERS,188.77,149,31,26
90159,COTE D'AZURE NECKLACE,188.58,38,20,13
72801D,S/4 SKY BLUE DINNER CANDLES,188.24,172,32,19
22510,DOORSTOP RUSSIAN DOLL GINGHAM,188.22,44,28,20
90130B,TURQ STONE/CRYSTAL EARRINGS,188.09,64,49,4
20837,FRENCH FLORAL CUSHION COVER ,188.07,165,18,17
90094,NECKLACE+BRACELET SET FRUIT SALAD ,187.61999999999998,74,38,20
79403,FROSTED WHITE BASE ,187.11999999999998,202,38,19
85114b,IVORY ENCHANTED FOREST PLACEMAT,186.76000000000002,56,19,0
90029,NEW BAROQUE SMALL NECKLACE BLACK,186.64,22,13,10
90210C,RED   ACRYLIC FACETED BANGLE,186.56,118,14,9
84893,ANT WHITE IRON BASKET,186.35000000000002,33,15,12
84510a,SET OF 4 ENGLISH ROSE COASTERS,185.7,75,58,0
84877A,PINK ROUND COMPACT MIRROR,185.66,74,17,14
85114a,BLACK ENCHANTED FOREST PLACEMAT,185.64000000000001,56,17,0
20968,GREEN FLORAL FELTCRAFT SHOULDER BAG,185.11,43,19,14
23436,GIFT BAG LARGE VINTAGE CHRISTMAS,185.0,148,9,9
35911B,PINK/FLOWER RABBIT EGG WARMER ,184.76000000000002,159,24,12
23416,CHAMBRE HOOK,184.67999999999998,132,25,18
35838A,S/6 MULTICOLOUR ORNAMENETAL CANDLE,184.4,180,20,18
84803A,PINK ALLIUM  ARTIFICIAL FLOWER,184.21,109,18,16
84029D,LEOPARD PRINT HOT WATER BOTTLE,183.98000000000002,51,15,12
90129F,RED GLASS TASSLE BAG CHARM,183.26000000000002,81,41,14
20957,PORCELAIN HANGING BELL SMALL,183.16,125,16,12
90086,CRYSTAL FROG PHONE CHARM,182.79,216,46,12
21018,BIRD BOX CHRISTMAS TREE DECORATION,182.70999999999998,213,42,30
17090A,LAVENDER INCENSE 40 CONES IN TIN,182.65,173,26,24
20796,SMALL BLUE PROVENCAL CERAMIC BALL,182.15999999999997,99,22,11
40001, WHITE BAMBOO RIBS LAMPSHADE,182.14,233,13,7
84926C,FAIRY CAKES TILE COASTER,182.1,132,32,17
22344,PARTY PIZZA DISH PINK RETROSPOT,181.54999999999998,185,24,18
37379B,BLUE CHERRY BLOSSOM CUP & SAUCER,181.5,1122,3,3
22545,MINI JIGSAW BUNNIES AT HOME,181.44,432,9,9
79144B,PAINTED LIGHTBULB STAR+ MOON,181.03,350,91,36
22330,72 ROUND PINK DOILIES,180.5,116,23,15
22871,NUMBER TILE COTTAGE GARDEN 3 ,180.19,71,28,10
79144C,PAINTED LIGHTBULB RAINBOW DESIGN,180.14,306,97,19
21530,DAIRY MAID CERAMIC TOASTRACK,180.11,58,20,13
35818B,"ACRYLIC JEWEL ICICLE, BLUE",180.05,408,11,8
22384,LUNCHBAG PINK RETROSPOT,179.91,108,14,13
47347B,BLUE FLOWER T-LIGHT HOLDER,179.88,240,11,6
90180B,PURPLE AMETHYST NECKLACE W TASSEL,179.88,18,14,10
84962,SET/3 COLOUR PAINTED KASHMIRI STOOL,179.85000000000002,3,2,2
84661C,PINK SQUARE TABLE CLOCK,179.75,150,25,12
17011A,ORIGAMI VANILLA INCENSE+FLOWER ,179.56,261,12,6
84464,S/60 PINK FLUFFY CHICKS IN BOX,179.1,82,11,10
85123A,CREAM HANGING HEART T-LIGHT HOLDER,178.51000000000002,61,9,7
90063A,WHITE VINT ART DECO CRYSTAL NECKLAC,178.48,21,13,10
22345,PARTY PIZZA DISH BLUE RETROSPOT,178.33999999999997,206,28,23
23126,DOLLCRAFT GIRL AMELIE,178.2,36,8,8
90013D,PURPLE VINTAGE EARRINGS,178.11,46,17,7
90185A,AMBER DIAMANTE EXPANDABLE RING,178.04,42,29,8
22839,"CAKE TIN, 3 TIER MINT/IVORY",176.75,13,4,4
90072,RUBY DROP CHANDELIER EARRINGS,176.31,44,30,4
82607C,GLASS BONBON JAR. SUPERFINES,175.60999999999999,115,43,16
84564,6 SEGMENT COLOURED SNACK BOWL ,175.48000000000002,21,11,9
21031,SPACE CADET BLACK,175.45,143,40,23
90214S,"LETTER ""S"" BLING KEY RING",173.84,178,87,27
90065A,WHITE VINTAGE CRYSTAL BRACELET,173.24,25,17,7
84452,METAL RABBIT LADDER EASTER ,172.56,182,46,23
75011,BLUE DAISY MOBILE,172.51,181,15,11
90123D,WHITE HEART OF GLASS BRACELET,172.39,29,14,7
84951B,S/4 BLACK LOVEBIRD COASTERS,171.60999999999999,88,28,3
90000B,MIDNIGHT BLUE COPPER FLOWER NECKLAC,171.34,28,22,9
85185C,COW  SOCK PUPPET,171.10000000000002,58,27,24
84706B,FAIRY CAKES TABLE CLOCK,170.82999999999998,18,11,10
84706C,PINK FLOCK TABLE CLOCK ,170.8,84,4,4
84927D,LA PALMIERA TILE HOOK,170.43,518,31,22
90063B,BLACK VINT ART DEC CRYSTAL NECKLACE,170.17000000000002,20,14,8
17014A,ORIGAMI VANILLA INCENSE CONES,170.13,276,16,9
85040a,S/4 PINK FLOWER CANDLES IN BOWL,169.75,51,34,0
47570b,TEA TIME TABLE CLOTH,169.4,8,8,0
47593A,CAROUSEL DESIGN BABY BIB,169.4,164,53,13
84531A,PINK KNITTED EGG COSY,169.35999999999999,191,45,35
90019B,GOLD M.O.P ORBIT BRACELET,168.62,32,28,6
85205A,IVORY FELT EASTER RABBIT GARLAND,168.29999999999998,66,21,21
90186B,CRYSTAL HOOP EARRING FLORAL LEAF,168.26000000000002,57,31,13
21087,SET/6 POSIES PAPER CUPS,168.08,260,32,19
35916C,PINK FELT HANGING HEART W FLOWER,167.54999999999998,157,42,9
37491C,GREEN/BLUE CERAMIC CANDLE HOLDER,167.52,58,10,7
90211A,DIAMOND LAS VEGAS NECKLACE 45CM,166.57000000000002,28,21,5
84231,EASTER BUNNY WITH BASKET ON BACK,166.21,230,50,28
90060F,FIRE POLISHED GLASS NECKL GREEN,166.14000000000001,28,18,7
84951A,S/4 PISTACHIO LOVEBIRD COASTERS,166.1,106,24,5
gift_0001_40,Dotcomgiftshop Gift Voucher £40.00,166.09,5,5,0
21394,RED SPOTTY BEAKER ,165.75,85,16,14
90003C,MIDNIGHT BLUE PAIR HEART HAIR SLIDE,165.29,44,37,10
84984D,ORIENTAL RED C/COVER ,165.11,27,11,5
23694,PAISLEY PARK CARD,165.07999999999998,376,41,23
90166,PINK & WHITE ROSEBUD RING,164.69,39,32,7
90018B,GOLD M.O.P ORBIT DROP EARRINGS,164.62,39,31,10
84531B,BLUE KNITTED EGG COSY,164.01,194,42,35
84510C,SET OF 4 POLKADOTS COASTERS,164.0,122,40,22
85232b,SET/3 RUSSIAN DOLL STACKING TINS,162.94,16,14,0
22874,NUMBER TILE COTTAGE GARDEN 6,162.82,70,26,14
90039D,FIRE POLISHED GLASS BRACELET GREEN,162.66,43,24,4
72801C,S/4 ROSE PINK DINNER CANDLES,161.91,159,29,21
90190C,SILVER/AMETHYST DROP EARRINGS LEAF,161.82,55,36,10
85024C,PINK SMALL JEWELLED PHOTOFRAME,161.7,98,43,33
90129D,AMBER GLASS TASSLE BAG CHARM,161.57000000000002,67,34,12
21461,BLUE EASTER EGG HUNT START POST,161.29,77,26,18
90042A,FRESHWATER PEARL BRACELET GOLD,160.79,63,33,6
90123C,GREEN HEART OF GLASS BRACELET,160.75,27,12,7
21353,SILVER SLEIGHBELL  WREATH,160.45,19,9,8
84599,CANDY STRIPE ROSE FLOOR CUSHION,160.15,15,6,2
37479P,CUBIC MUG FLOCK PINK ON BROWN,160.08,170,34,17
23305,SET 4 PICNIC CUTLERY BLUEBERRY,159.9,82,9,9
23545,WRAP RED DOILEY,159.6,380,16,15
22645,CERAMIC HEART CAKE MONEY BANK,159.6,120,5,5
90162B,ANT SILVER LIME GREEN BOUDICCA RING,159.3,54,21,14
90125A,PINK BERTIE GLASS BEAD BAG CHARM,158.77,137,19,9
22864,MUG AND COASTER SET RED CIRCLES,158.76,378,2,1
16012,FOOD/DRINK SPUNGE STICKERS,158.19,759,20,18
48175,DOOR MAT CAMOUFLAGE,158.04,39,2,1
37379A,PINK CHERRY BLOSSOM CUP & SAUCER,157.95,40,17,5
22853,ENAMEL CAT BOWL CREAM,157.8,52,3,3
20693,FLORAL DINOSAUR GREEN,157.64000000000001,32,19,10
21489,BLUE WHITE SCARF HOT WATER BOTTLE,157.60000000000002,28,14,6
23417,BATHROOM HOOK,157.5,146,27,21
16156L,WRAP CAROUSEL,157.5,375,14,13
16202E,BLACK PHOTO ALBUM ,157.18,81,15,12
90214K,"LETTER ""K"" BLING KEY RING",157.15,153,84,23
22868,NUMBER TILE COTTAGE GARDEN 0 ,156.97,67,24,12
22886,NUMBER TILE VINTAGE FONT 7,156.8,90,28,8
23468,TUSCAN VILLA BIRD TABLE ,156.75,19,11,11
17178,FLAT PALM T-LIGHT HOLDER,156.65,133,24,20
90214L,"LETTER ""L"" BLING KEY RING",156.06,168,70,21
72140E,BEST DAD CANDLE LETTERS,155.86999999999998,217,30,26
84914A,PINK ROSE PICNIC RUG,155.7,6,5,2
20664,TROPICAL HOLIDAY PURSE ,155.41,57,31,11
85166A,WHITE METAL BAROQUE PHOTO FRAME,155.15,76,13,8
90204,PAIR OF ENAMEL BUTTERFLY HAIRCLIP,155.06,46,38,9
90214C,"LETTER ""C"" BLING KEY RING",155.03,159,70,22
22875,NUMBER TILE COTTAGE GARDEN 7,154.94,66,27,16
72351a,SET/6 TURQUOISE BUTTERFLY T-LIGHTS,154.89,37,28,0
90065B,BLACK VINT ART DEC CRYSTAL BRACELET,154.87,22,16,4
90123B,TURQUOISE HEART OF GLASS BRACELET,154.69,26,13,8
22587,"FELTCRAFT HAIRBAND, S/2, RED/BLUE",154.67999999999998,204,6,6
84924F,PSYCHEDELIC METAL SIGN CALENDAR,154.55,495,11,8
23496,PANTRY KITCHEN THERMOMETER ,154.52,112,31,21
23196,RETRO LEAVES MAGNETIC NOTEPAD,154.08999999999997,105,19,17
90214J,"LETTER ""J"" BLING KEY RING",153.97,151,89,20
37342,SPOTTY COFFEE CUP & SAUCER,153.78,40,14,6
84723,CHERRY BLOSSOM CANVAS ART PICTURE,153.6,48,14,11
47369B,BLUE GREEN EMBROIDERY COSMETIC BAG,153.18,54,29,10
47518F,ICON PLACEMAT POP ART ELVIS,153.14,903,34,22
22877,NUMBER TILE COTTAGE GARDEN 9,152.38,68,24,16
23484,HEART TRELLISTRIPLE T-LIGHT HOLDER,152.24,56,5,5
82587,TEXRIO TOMATOES CANDLE+CUP,151.78,116,41,26
22873,NUMBER TILE COTTAGE GARDEN 5,151.35,63,28,14
90030C,BROWN KUKUI COCONUT SEED NECKLACE,151.3,87,16,10
22536,MAGIC DRAWING SLATE FIDO,151.2,360,8,8
84989a,75 GREEN FAIRY CAKE CASES,150.57,74,41,0
79161A,ST GEORGE SET OF 10 PARTY LIGHTS,150.45000000000002,51,16,16
17107D,FLOWER FAIRY 5 DRAWER LINERS,150.45,59,20,18
90042C,FRESHWATER PEARL BRACELET IVORY,150.20999999999998,59,26,8
84228,HEN HOUSE W CHICK STANDING,149.77,339,44,16
21310,CAPIZ CHANDELIER,149.75,5,5,4
23256,KIDS CUTLERY SPACEBOY ,149.4,36,8,8
23254,KIDS CUTLERY DOLLY GIRL ,149.4,36,8,8
17108D,FLOWER FAIRY SUMMER BOUQUET SACHET,149.1,355,23,17
90040D,MURANO STYLE GLASS BRACELET PINK,148.87,41,25,9
90185C,BLACK DIAMANTE EXPANDABLE RING,148.71,35,39,18
23465,TUSCAN VILLA BIRD FEEDER,148.63,17,9,8
71496A,A4 WALL TIDY BLUE OFFICE,148.01000000000002,244,17,8
47351B,BLUE  VOILE LAMPSHADE,147.50000000000003,50,15,11
84927A,WAKE UP COCKEREL TILE HOOK,147.26000000000002,151,37,22
90059A,DIAMANTE HAIR GRIP PACK/2 CRYSTAL,147.07999999999998,88,49,3
84720,DOT MATRIX CANVAS ART PICTURE,147.05,35,3,3
84622,PINK GINGHAM ROSE CUSHION COVER,146.65,22,10,8
84527,FLAMES SUNGLASSES PINK LENSES,146.10999999999999,77,22,19
16054,POPART RECT PENCIL SHARPENER ASST,146.04000000000002,1102,40,32
23292,SPACE BOY CHILDRENS CUP,145.76,131,6,5
46138B,BLUE CHENILLE SHAGGY CUSHION COVER ,145.24,58,27,12
90016C,SILVER/BLACK PENDANT ORBIT NECKLACE,144.07,17,14,4
35610B,BLACK CHRISTMAS FLOCK DROPLET ,144.07,179,13,13
90036B,"FLOWER GLASS GARLAND NECKL.36""GREEN",143.1,18,10,8
22876,NUMBER TILE COTTAGE GARDEN 8,143.02,62,21,11
22887,NUMBER TILE VINTAGE FONT 8,143.0,84,27,10
79192A,RETRO PLASTIC 70'S TRAY,142.64,106,36,26
90093,CLEAR CRYSTAL STAR PHONE CHARM,142.39,182,27,15
21102,"CANDLE IN JAR COLLAGE , VANILLA",142.03,51,21,10
84874B,BLUE TRAVEL FIRST AID KIT,141.76,86,36,26
72740A,LARGE STRAWBERRY CHOCOLATE CANDLE,141.23,65,12,5
47590b,PINK HAPPY BIRTHDAY BUNTING,140.5,13,10,0
47369A,PINK GREEN EMBROIDERY COSMETIC BAG,140.4,48,25,10
90212B,JET BLACK LAS VEGAS BRACELET ROUND,140.07,37,28,7
78026,SEAGRASS S/3 SQU LAUNDRY BOX,139.95,12,2,1
90214M,"LETTER ""M"" BLING KEY RING",139.82,138,64,19
23306,SET OF 36 PANTRY PAPER DOILIES,139.78,67,33,14
22869,"NUMBER TILE COTTAGE GARDEN, 1",139.69,67,11,7
23091,METAL HERB GERDEN CONTAINER,139.68,24,5,5
47592A,CAROUSEL CHILDRENS OVERALL,139.56,74,27,4
90003B,ROSE COLOUR PAIR HEART HAIR SLIDES,139.56,37,27,9
23463,VINTAGE ZINC WATERING CAN,139.39999999999998,13,8,7
90199D,5 STRAND GLASS NECKLACE AMBER,139.28,22,16,9
22195,HEART MEASURING SPOONS LARGE,138.59999999999997,84,5,4
23304,SET 4 PICNIC CUTLERY CHERRY ,138.45,71,9,9
22069, BROWN  PIRATE TREASURE CHEST ,138.22,59,23,6
90183A,AMBER DROP EARRINGS W LONG BEADS,137.95000000000002,47,32,6
72754B,F FAIRY POTPOURRI CUSHIONS LAVENDER,137.54000000000002,170,8,8
35816P,"ACRYLIC JEWEL ANGEL,PINK",137.43,297,9,7
90156,RESIN BRACELET W PASTEL BEADS,137.37,25,14,7
47593A,CAROUSEL PONIES BABY BIB,137.27,139,44,24
84549,CROCHET WHITE RABBIT KEYRING ,137.26999999999998,75,16,9
84709A,SILVER OVAL JEWELLED MIRROR,136.85,23,13,11
37330,BIG POLKADOT MUG,136.76,80,7,5
10120,DOGGY RUBBER,136.44,634,74,52
35824P,"HANGING FLOWERS+MIRROR,PINK",136.44,324,3,2
90040C,MURANO STYLE GLASS BRACELET GOLD,136.25,38,22,10
90151,SILVER/NATURAL SHELL NECKLACE,136.17000000000002,16,9,5
90024E,NEW BAROQUE B'FLY NECKLACE MONTANA,135.98,16,11,7
21004,ROSE DU SUD CHILDRENS APRON,135.93,31,18,14
90194,SILVER LARIAT BLACK STONE EARRINGS,135.84,32,21,14
90038A,GLASS AND PAINTED BEADS BRACELET TO,135.8,36,22,4
17011D,ORIGAMI ROSE INCENSE+FLOWER,135.70000000000002,209,4,2
77079,DOLPHIN WINDMILL,135.68,64,12,10
85132a,CHARLIE + LOLA BISCUITS TINS,135.13,10,10,0
90002A,FLOWER BURST SILVER RING OPAL,135.0,36,14,14
72134,COLUMBIAN  CUBE CANDLE ,134.85,339,29,15
21392,RED POLKADOT PUDDING BOWL,134.66,69,18,13
16020C,CLEAR STATIONERY BOX SET ,134.5,160,39,22
35015,JACOBS LADDER SMALL,134.08,2072,39,35
22241,"GARLAND , WOODEN  "" HAPPY EASTER""",133.89,105,11,9
84555A,YELLOW VW BEETLE CERAMIC MONEY BOX,133.85000000000002,47,16,13
35609A,PINK FEATHER CHRISTMAS DECORATION,133.23,447,24,17
90199A,5 STRAND GLASS NECKLACE BLACK,133.15,21,17,9
46137D,GREEN CHENILLE SHAGGY RUG,132.75,45,4,2
90190B,GOLD/AMBER DROP EARRINGS W LEAF,132.58,45,15,6
90137,PINK COMBO MINI CRYSTALS NECKLACE,132.52,26,15,8
79191D,RETRO PLASTIC DAISY TRAY,132.01,125,58,28
23081,GREEN METAL BOX TOP SECRET,132.0,16,4,4
45013,FOLDING SHOE TIDY,132.0,48,8,8
23066,SMALL JEWELLERY STAND,132.0,16,6,6
90214E,"LETTER ""E"" BLING KEY RING",131.78,136,68,26
90023,FILIGREE DIAMANTE EARRINGS,131.74,31,21,7
90165B,WHITE ROSEBUD  PEARL EARRINGS,131.65,52,35,5
35933,PINK STOCKING CHRISTMAS DECORATION,131.38,319,28,20
35980C,REDWHITE STRIPE SCANDINAVIAN HEART ,130.92000000000002,333,30,28
84656,WHITE ROSE C/COVER,130.9,22,13,12
22888,NUMBER TILE VINTAGE FONT 9 ,130.82999999999998,79,23,9
16119,FUNKY GIRL ADDRESS BOOK,130.71,273,8,7
84925E,FLOWERS WALL THERMOMETER,130.04999999999998,75,3,3
20899,VINTAGE NOTEBOOK RED ROSE,129.8,44,12,12
90099,NECKLACE+BRACELET SET BLUE HIBISCUS,129.69,42,25,16
90190A,SILVER/CRYSTAL DROP EARRINGS W LEAF,129.59,44,31,8
10080,GROOVY CACTUS INFLATABLE,129.29,315,27,23
85160a,WHITE BIRD GARDEN DESIGN MUG,129.04,8,3,0
84858A,NATURAL RIVIERA HANDBAG,128.83,53,8,7
90181A,AMBER GLASS/SHELL/PEARL NECKLACE,128.64,14,14,2
22848,"BREAD BIN, DINER STYLE, PINK",127.6,8,3,3
84251G,"GREETING CARD, OVERCROWDED POOL.",127.56,472,91,32
90024D,NEW BAROQUE B'FLY NECKLACE PINK,127.5,15,13,11
84782B,BLACK 3 TIER GLASS PLATE STAND,127.5,10,6,6
85014a,BLACK/BLUE DOTS RUFFLED UMBRELLA,127.2,10,9,0
85018C,S/6 PAPER BOXES CURIOUS IMAGES ,127.2,36,4,4
16168S,FUNKY MONKEY GIFT BAG SMALL,126.82999999999998,1283,11,4
23303,SET 4 PICNIC CUTLERY FONDANT,126.75,65,6,6
84559D,3D SHEET OF SEA WORLD STICKERS,126.71,147,31,23
23020,GLASS SONGBIRD STORAGE JAR,126.7,11,3,3
84367,LA STREGA CANVAS PICTURE ,126.29999999999998,74,8,6
gift_0001_10,Dotcomgiftshop Gift Voucher £10.00,126.21,15,14,0
16053,POPART COL BALLPOINT PEN ASST,125.73,2313,11,8
23578,SNACK TRAY RED GINGHAM,125.72,60,14,11
90138,WHITE/PINK MINI CRYSTALS NECKLACE,125.64,24,17,5
47592B,SCOTTIES DESIGN CHILD'S OVERALL,125.60000000000001,64,28,14
84968a,SET OF 16 VINTAGE ROSE CUTLERY,125.32999999999998,5,3,0
84558a,3D DOG PICTURE PLAYING CARDS,125.17,21,19,0
23065,LARGE JEWELLERY STAND,125.0,10,4,4
82607E,GLASS BONBON JAR. D'AMANDES,125.0,100,26,18
21393,BLUE POLKADOT PUDDING BOWL,124.78000000000002,69,16,15
90162C,ANT SILVER FUSCHIA BOUDICCA RING,123.90000000000002,42,16,10
22359,"GLASS JAR, KINGS CHOICE SOAP",123.9,42,8,8
90202D,PINK ENAMEL FLOWER HAIR TIE,123.79,42,25,5
17191A,ROSE FLOWER CANDLE+INCENSE 16X16CM,123.75,33,12,9
23477,WOODLAND LARGE BLUE FELT HEART,123.47,92,13,8
23454,SET OF 3 MINI HANGING PORTRAITS,123.2,32,2,2
23457,LARGE PARLOUR FRAME,122.85,27,2,2
72133,COLUMBIAN CANDLE RECTANGLE,122.63,109,31,24
22832,SWEETHEART WIRE WALL TIDY,122.6,12,3,3
21228,"POCKET MIRROR ""GLAMOROUS""",122.57,97,31,25
79308B,MOSAIC CANDLE DISH BLUE PURPLE,122.39999999999999,144,2,1
21379, CAMPHOR WOOD PORTOBELLO MUSHROOM,122.36,70,26,7
90205C,LARGE CRYSTAL DIAMANTE HAIRSLIDE,122.31,78,24,5
44242B,PINK FEATHERS CURTAIN,121.53,109,9,8
22536,MAGIC SLATE FIDO,120.96000000000001,288,6,6
22535,MAGIC SLATE BUNNIES AT HOME ,120.96000000000001,288,6,6
22534,MAGIC SLATE SPACEBOY ,120.96000000000001,288,6,6
85185B,PINK HORSE SOCK PUPPET KIT,120.95000000000002,41,15,13
90022,EDWARDIAN DROP EARRINGS JET BLACK,120.92,32,34,4
23467,VINTAGE ZINC PLANTER  ,120.08000000000001,32,11,5
79532,MOSAIC GLASS BALL CANDLEHOLDER,120.0,96,19,15
23438,GIFT BAG LARGE SPOT ,120.0,96,6,6
84509F,NEW ENGLAND PLACEMATS,120.0,32,10,6
90208,PAIR OF PINK FLOWER CLUSTER SLIDE,119.94,48,39,4
23209,LUNCH BAG VINTAGE DOILEY ,119.63,71,5,4
84886,BLUE METAL WALL SHELF,119.39999999999999,12,9,8
23359,SET OF 12 T-LIGHTS VINTAGE DOILEY,118.94999999999999,61,6,6
23280,FOLDING MIRROR HOT PINK ,118.91999999999999,156,5,5
22972,CHILDRENS SPACEBOY MUG,118.79999999999998,72,5,5
84199,GLOW IN DARK DOLPHINS,118.56,542,70,58
35607A,PINK FLUFFY CHRISTMAS DECORATION,118.43,554,31,27
20887,BOX OF 6 PEBBLE CANDLES,118.39,18,8,4
90139,FLOWER BROOCH 4 ASSORTED COLOURS,118.24000000000001,23,18,3
90177D,DROP DIAMANTE EARRINGS PURPLE,118.06,40,26,9
84510E,SET OF 4 GREEN CAROUSEL COASTERS,117.77,148,28,12
85190,PINK FLOWER HANGING HEART ,117.36,132,18,14
35824C,"HANGING FLOWERS+MIRROR,CLEAR",117.05,235,8,8
22879,NUMBER TILE VINTAGE FONT 0,117.04,74,20,7
23244,STORAGE TIN VINTAGE LEAF,117.0,60,7,7
90002C,FLOWER BURST SILVER RING MIDN'T BLU,116.88,31,20,8
16206B,RED PURSE WITH PINK HEART,116.4,96,16,14
90101,WHITE FRANGIPANI NECKLACE,115.86,46,30,4
22877,"NUMBER TILE COTTAGE GARDEN, 9",115.36,58,6,4
90108,BLUE BLOSSOM HAIR CLIP,115.33000000000001,99,22,12
20896,VINTAGE NOTEBOOK PINK FLOWER,115.05000000000001,39,14,13
20848,ZINC HEART LATTICE CHARGER SMALL,115.05000000000001,39,12,10
84288B,SET/2 BLUE  NOODLE BASKETS,115.05,59,25,20
84462,3 PINK HEN+CHICKS IN BASKET,114.86,100,14,13
84765,SILVER ROCOCO CANDELABRA,114.72999999999999,7,7,4
23185,FRENCH STYLE STORAGE JAR JAM,114.55999999999999,316,31,27
20698,LITTLE PINK MONSTER SOFT TOY,114.44999999999999,47,21,17
23151,ZINC SWEETHEART SOAP DISH,114.33000000000001,61,21,18
84509c,SET OF 4 DOTTY PLACEMATS ,114.3,15,11,0
90018C,SILVER BLACK ORBIT DROP EARRINGS,114.26,27,21,7
23535,WALL ART BICYCLE SAFTEY ,114.15,21,3,3
90030A,SPOTTED WHITE NATURAL SEED NECKLACE,113.76,79,10,8
84510c,SET OF 4 POLKADOT COASTERS,113.75999999999999,46,26,0
22875,"NUMBER TILE COTTAGE GARDEN, 7",113.41,57,3,2
22868,"NUMBER TILE COTTAGE GARDEN, 0 ",113.40999999999998,57,3,2
22870,"NUMBER TILE COTTAGE GARDEN, 2",113.40999999999998,57,3,2
84705B,FAIRY CAKES PHOTO FRAME,113.27,84,3,2
84249A,"GREETING CARD,SQUARE, DOUGHNUTS",113.22,252,34,18
84614A,PINK BAROQUE FLOCK CANDLE HOLDER,112.93,15,11,7
16043,POP ART PUSH DOWN RUBBER ,112.62,1161,15,11
21089,SET/6 GREEN SPRING PAPER CUPS,112.54,323,40,32
44236,PINK/PURPLE CIRCLE CURTAIN,112.32000000000001,64,12,9
71510,SQUARE METAL CANDLEHOLDER BASE,112.05,177,17,11
35916A,YELLOW FELT HANGING HEART W FLOWER,112.03999999999999,129,44,7
71495B,CD WALL TIDY RED FLOWERS,111.57000000000001,294,18,8
35966,FOLKART CHRISTMAS TREE T-LIGHT HOLD,111.34,255,26,20
22873,"NUMBER TILE COTTAGE GARDEN, 5",111.14999999999999,57,3,3
90103,PURPLE FRANGIPANI NECKLACE,110.85,44,30,5
82069,BEECH WOOD P/FRAME,109.85,17,11,2
90048,GREEN WITH METAL BAG CHARM,109.39,21,9,4
22876,"NUMBER TILE COTTAGE GARDEN, 8",109.19999999999999,56,2,2
22874,"NUMBER TILE COTTAGE GARDEN, 6",109.19999999999999,56,2,2
22872,"NUMBER TILE COTTAGE GARDEN, 4",109.19999999999999,56,2,2
22871,"NUMBER TILE COTTAGE GARDEN, 3 ",109.19999999999999,56,2,2
85185F,LION SOCK PUPPET,109.15,37,19,16
90071,RUBY GLASS CLUSTER EARRINGS,108.99,87,73,2
20667,CHERRY BLOSSOM PURSE,108.69,40,24,6
22068, BLACK PIRATE TREASURE CHEST,108.47999999999999,55,22,12
90104,PURPLE FRANGIPANI HAIRCLIP,108.11,129,49,11
23041,PAPER LANTERN 6 POINT SNOW STAR,107.9,26,6,6
72753C,S/3 FLWR FAIRY ROSE CANDLES,107.68,43,6,5
84751B,BLACK MEDIUM GLASS CAKE STAND,107.57,35,21,18
23626,SET 10 CARDS DINKY TREE 17076,107.07000000000001,43,16,0
23455,SMALL PARLOUR FRAME,106.98000000000002,42,2,2
90179C,BLACK FINE BEAD NECKLACE W TASSEL,106.83000000000001,18,17,7
84562B,BLUE/WHITE RIBBED MELAMINE JUG,106.59,10,7,5
48103,DOORMAT KISS MY.......,106.58,22,2,2
35096B,RED VICTORIAN FABRIC HEART BOX,106.49000000000001,293,25,20
90165A,PINK ROSEBUD PEARL EARRINGS,106.49,42,27,2
35840,FLAT GLASS  BAUBLE WHITE FLOCK ,106.28,44,12,5
22445,PENCIL CASE GINGHAM FOREST,106.20000000000002,36,4,4
90168,2 DAISIES HAIR COMB,106.06,36,25,3
72038P,PRICE'S CANDLE PEACH,106.0,1000,10,9
84867A,PINK BABY GIRLS PHOTO ALBUM,105.82000000000001,16,4,3
90051,CRACKED GLAZE NECKLACE RED,105.72,15,11,4
35610A,PINK CHRISTMAS FLOCK DROPLET ,105.43,143,12,8
84458,S/3 RABBIT FLOWER/EGG/CARROT ROPE,105.39999999999999,124,20,17
90003E,GREEN PAIR HEART HAIR SLIDES,105.31,28,23,3
22433,WATERING CAN PINK BUNNY,105.3,54,5,5
17090D,VANILLA INCENSE 40 CONES IN TIN,105.2,88,28,21
16169D,WRAP WINTER FOREST,105.0,250,9,9
90141A,GREEN PENDANT TRIPLE SHELL NECKLACE,104.95,20,17,4
90079,VINTAGE ENAMEL & CRYSTAL NECKLACE,104.77000000000001,21,13,5
21118,SHOPPING BAG DOORSTOP,104.25,69,7,7
21337,SILVER WASHBAG,103.53000000000002,33,12,7
72801c,4 ROSE PINK DINNER CANDLES,103.47,42,26,0
35910A,MULTICOLOUR EASTER RABBIT ,103.35,53,13,12
84968e,S/16 VINTAGE BLACK CUTLERY,101.96,4,4,0
90125C,TURQUOISE BERTIE GLASS BEAD CHARM,101.35,92,10,5
72369A,PINK CLEAR GLASS CANDLE PLATE,101.28999999999999,67,14,8
84921,CREAM AND PINK FLOWERS PONY ,101.25,27,14,13
16248B,BLUE HOLE PUNCH,101.25,81,12,12
85050,FRENCH ENAMEL SOAP DISH WITH LID,100.80000000000001,48,1,1
75172,PAINTED SEA SHELL METAL WINDCHIME,100.31,97,11,11
78027,SEAGRASS S/2 CORNER LAUNDRY ,100.15,6,5,3
23611,SET 10 CARDS RED RIDING HOOD 17214,99.60000000000001,40,16,0
10123G,ARMY CAMO WRAPPING TAPE,99.32,1147,17,12
23464,VINTAGE ZINC WATERING CAN SMALL,99.2,18,8,6
37471,MULTICOLOUR DOTS PLATE,99.02,692,6,2
22736,"RIBBON REEL, MAKING SNOWMEN ",99.0,60,5,5
23466,TUSCAN VILLA DOVECOTE,99.0,12,4,4
23465,TUSCAN VILLA FEEDING STATION,99.0,12,7,7
23191,BUNDLE OF 3 RETRO EXERCISE BOOKS,98.99999999999999,60,5,5
21266,VINTAGE SILVER TINSEL REEL,98.9,23,9,0
22878,"NUMBER TILE COTTAGE GARDEN, No",98.72000000000001,45,5,3
90163B,WHITE ROSEBUD & PEARL NECKLACE,98.45,13,9,2
84705D,CHERRY BLOSSOM PHOTO FRAME ,97.9,22,14,3
84613A,PINK NEW BAROQUE FLOCK CANDLESTICK,97.65,21,11,9
90150,BLUE SHELL+SILVER NECKLACE,97.5,13,8,7
16161G,WRAP BAD HAIR DAY,97.5,975,33,31
84679,CLASSICAL ROSE TABLE LAMP,97.35,13,5,4
90067A,PINK VINTAGE VICTORIAN EARRINGS,97.24000000000001,33,16,8
90059D,DIAMANTE HAIR GRIP PACK/2 PERIDOT,96.83999999999999,58,41,5
20861,GOLD COSMETIC BAG PINK STAR,96.60000000000001,46,16,15
20697,LITTLE GREEN MONSTER SOFT TOY,96.6,40,21,17
84465,15 PINK FLUFFY CHICKS IN BOX,96.51,32,23,18
85132b,CHARLIE AND LOLA TABLE TINS,95.83999999999999,10,10,0
17084J,LOVE POTION MASALA INCENSE,95.76,456,20,17
84559a,3D SHEET OF DOG STICKERS,95.69999999999999,57,40,0
72821,CUPID SCENTED CANDLE IN GLASS,95.69999999999999,58,15,13
90174,BUTTERFLY HAIR BAND,95.52,38,34,4
48103,DOOR MAT KISS MY.......,95.15,13,8,8
84967A,PINK KASHMIRI OCCASIONAL TABLE,94.95,2,4,2
72606A,BROWN ANTIQUE CUBE CANDLE,94.92,226,18,18
21241,GREEN POLKADOT CUP,94.35,111,10,9
20622,VIP PASSPORT COVER ,94.04,43,17,8
23402,HOME SWEEET HOME 3 PEG HANGER ,93.75,25,4,4
90214R,"LETTER ""R"" BLING KEY RING",93.72999999999999,91,50,15
22432,WATERING CAN GREEN DINOSAUR,93.6,48,6,6
90024C,NEW BAROQUE B'FLY NECKLACE GREEN,93.48,11,10,5
90026A,GLASS BEAD HOOP NECKLACE BLACK,93.47,11,9,6
35594,WOODEN CHRISTMAS TREE 3 HANGING,92.98,141,40,19
84575A,PINK DOG CANNISTER,92.85,23,14,13
17084A,TRANQUILITY MASALA INCENSE,92.82,442,18,14
35913B,WHITE/PINK CHICK EASTER DECORATION,92.39,100,21,17
81950B,FLOWER BLUE CLOCK W/SUCKER,92.25,99,27,14
90075,MONTANA DIAMOND CLUSTER NECKLACE,92.17999999999999,10,8,3
84753A,PINK EAU DE COLOGNE BOTTLE,92.16999999999999,97,24,14
90118,PINK DAISY BAG CHARM,92.08999999999999,36,30,3
90089,PINK CRYSTAL SKULL PHONE CHARM,91.89999999999999,104,26,11
85232b,SET OF 3 BABUSHKA STACKING TINS,91.53,9,8,0
90177B,DROP DIAMANTE EARRINGS BLACK DIAMON,91.38000000000001,31,19,5
90177C,DROP DIAMANTE EARRINGS CRYSTAL,91.33,31,25,6
23075,DOUBLE CERAMIC PARLOUR HOOK,91.30000000000001,22,5,5
90112,PINK DOLLY HAIR CLIPS,91.25,84,20,13
84437A,S/6 PINK EASTER DECS IN BOX,90.94999999999999,106,18,17
90214D,"LETTER ""D"" BLING KEY RING",90.82,100,50,11
84539,KNITTED RABBIT DOLL ,90.75,55,11,9
81952V,ROUND PURPLE CLOCK W/SUCKER,90.52,99,22,6
72783,BLACK SIL'T SQU CANDLE PLATE ,90.30000000000001,43,9,7
23574,PACKING CHARGE,90.0,12,16,9
71406C,BLACK ORANGE SQUEEZER,89.92,210,35,21
20816,GOLD FLOWER CUSHION COVER ,89.85,19,8,6
84984C,ORIENTAL BLUE C/COVER ,89.59,13,8,5
79026B,"S/4 ICON COASTER,ELVIS LIVES",89.25,69,37,17
47598,NEW ENGLAND EGG WARMER,89.12,138,32,17
20660,VIP LUGGAGE TAG ,88.75,71,26,22
90162A,ANT SILVER TURQUOISE BOUDICCA RING,88.5,30,11,8
35638A,PINK AND BLACK STRING CURTAIN,88.04999999999998,39,6,6
84721,MANHATTAN CANVAS ART PICTURE,87.8,20,2,2
71495A,CD WALL TIDY BLUE OFFICE,87.53999999999999,224,21,5
84891B,GREEN WIRE GOBLET CANDLEHOLDER,87.45,11,6,5
35822B,"ACRYLIC BEAD CHAIN, BLUE",87.02,229,1,1
20835,FRENCH LATTICE CUSHION COVER ,87.02,80,10,8
37462B,"PET MUG, BUDGIE",86.86,169,33,4
90039C,FIRE POLISHED GLASS BRACELET BLACK,86.65,23,12,3
23614,SET 10 CARDS 12 DAYS WRAP  17058,86.58000000000001,26,11,0
84424A,FOUR PICTURE WHITE GLASS FRAME,86.25,23,10,10
35271S,GOLD PRINT PAPER BAG,85.97,420,20,17
90012B,BLACK DROP CRYSTAL NECKLACE,85.9,17,6,3
84388,WISE MAN STAR SHAPE EGG PAN,85.74,68,24,22
90162D,ANT SILVER PURPLE BOUDICCA RING,85.55000000000001,29,14,7
84454,WOBBLING METAL CHICKEN EASTER,85.53,93,18,11
85099c,JUMBO  BAG BAROQUE BLACK WHITE,85.17,17,10,0
22844,"DOG FOOD CONTAINER , VINTAGE",85.0,10,3,3
35838B,S/6 SILVER ORNAMENETAL CANDLE,85.0,100,23,21
90026D,GLASS BEAD HOOP NECKLACE AMETHYST,85.0,10,8,6
90001D,ANTIQUE OLIVE GREEN FLOWER EARRINGS,84.96000000000001,20,11,7
17027A,INCENSE BAZAAR CANNABIS,84.84,228,2,1
79051A,SMOKEY GREY COLOUR GLASS,84.75999999999999,236,15,10
46775B,BERRIES CHUNKY KNITTED THROW ,84.75,5,4,3
16051,TEATIME PENCIL W STAMP ASST,84.69,941,4,3
90214G,"LETTER ""G"" BLING KEY RING",84.42999999999999,93,50,14
23456,MEDIUM PARLOUR FRAME ,84.1,22,2,2
84251F,"GREETING CARD, RITA",83.97,341,50,26
90141C,TURQ PENDANT TRIPLE SHELL NECKLACE,83.69,16,13,4
90169,DAISY HAIR COMB,83.57,33,24,3
22016,Dotcomgiftshop Gift Voucher £100.00,83.33,1,1,0
23442,12 HANGING EGGS HAND PAINTED,83.2,40,7,7
82605,OLD DOC.RUSSEL METAL SIGN,82.94,41,24,4
90002B,FLOWER BURST SILVER RING ROSE,82.74,22,11,7
90189A,SILVER 2 STRAND NECKLACE-LEAF CHARM,82.64,11,8,5
84251B,"GREETING CARD, STICKY GORDON",82.56,307,62,19
90130A,WHITE STONE/CRYSTAL EARRINGS,82.51,28,16,6
90069,RUBY GLASS CLUSTER NECKLACE,82.5,11,5,5
21699,SET 5 MINI CHOCOLATE FRIDGE MAGNETS,82.44,108,3,2
90183B,AMETHYST DROP EARRINGS W LONG BEADS,81.92999999999999,28,24,0
22566,"FELTCRAFT HAIRBAND S/2, PINK/PURPLE",81.6,96,8,8
22579,WOODEN TREE CHRISTMAS SCANDISPOT,81.6,96,3,3
35610C,WHITE CHRISTMAS FLOCK DROPLET ,81.56,94,8,6
72779,SET/6 BLACK ROSE T-LIGHT CANDLES,81.12,48,15,14
16201B,PASTEL BLUE PHOTO ALBUM,81.1,34,5,2
16011, ANIMAL STICKERS,80.85,385,12,10
22530,MAGIC SLATE DOLLY GIRL ,80.64,192,4,4
22531,MAGIC SLATE CIRCUS PARADE  ,80.64,192,4,4
84596I,WRAP SWEETS LIGHT PINK SMALL BOWL,80.62,72,10,9
17011E,ORIGAMI OPIUM SCENT INCENSE+FLOWER,80.60000000000001,124,1,1
22346,PARTY PIZZA DISH GREEN RETROSPOT,80.50999999999999,89,19,12
DCGS0069,OOH LA LA DOGS COLLAR,80.31,5,5,0
84415B,BLUE FLOCK CUSHION COVER ,80.0,24,7,3
23370,SET 36 COLOUR PENCILS DOILEY,80.0,64,3,3
35265,COLOURFUL FLOWER FRUIT BOWL,80.0,21,16,14
90206A,GOLD DIAMANTE STAR BROOCH,79.60000000000001,16,12,5
90049,IVORY GOLD METAL BAG CHARM,79.59,13,7,3
90125B,AQUA BERTIE GLASS BEAD BAG CHARM,79.57,44,17,6
84795E,RIO PINK STRIPE HAMMOCK,79.5,10,5,3
22649,STRAWBERRY CAKE TEAPOT,79.2,16,4,4
84548,CROCHET BEAR RED/BLUE  KEYRING,79.19999999999999,48,13,11
90038B,GLASS AND PAINTED BEADS BRACELET OL,79.19,21,13,2
90064A,WHITE VINTAGE CRYSTAL EARRINGS,79.14,20,12,4
90039B,FIRE POLISHED GLASS BRACELET MONTAN,78.99,21,11,3
22344,PARTY PIZZA DISH PINK WHITE SPOT ,78.72999999999999,75,19,10
90059E,DIAMANTE HAIR GRIP PACK/2 RUBY,78.41,47,34,5
35931,PINK STAR CHRISTMAS DECORATION,78.12,156,15,14
84455,SET OF 3 RABBIT CARROTS EASTER,77.96,85,20,15
90214H,"LETTER ""H"" BLING KEY RING",77.71,83,53,14
23497,CLASSIC CROME BICYCLE BELL ,77.4,60,2,2
21595,Dad's Cab Electronic Meter,76.95,9,9,0
84247H,PACK/12 DECOUPAGE CARD,76.68,31,21,12
84251C,"GREETING CARD, TWO SISTERS.",76.68,247,53,13
85014b,RED/WHITE DOTS RUFFLED UMBRELLA,76.60000000000001,6,5,0
84425A,WHITE GLASS TV TRIPLE FRAME,76.6,18,9,8
84617, NEW BAROQUE BLACK BOXES,76.5,6,3,3
90100,NECKLACE+BRACELET SET PINK DAISY,76.5,30,12,7
90214N,"LETTER ""N"" BLING KEY RING",76.39999999999999,78,43,11
90020,FILIGREE DIAMANTE CHAIN,76.23,6,4,2
35815P,"ACRYLIC JEWEL SNOWFLAKE, PINK",75.88000000000001,168,7,7
90176D,DIAMANTE NECKLACE PURPLE,75.31,10,8,6
37399,"ASS RETROSPOOF MUGS,SPORTS",75.0,143,6,6
16161E,WRAP BOUDOIR ,75.0,750,9,8
90064B,BLACK VINTAGE  CRYSTAL EARRINGS,75.0,20,13,8
23061,VINTAGE ENGRAVED HEART,75.0,60,4,4
72802a,ROSE SCENT CANDLE IN JEWELLED BOX,74.97,9,4,0
84968d,SET OF 16 VINTAGE RED CUTLERY,74.88,3,3,0
72807a,SET/3 ROSE CANDLE IN JEWELLED BOX,74.78999999999999,9,6,0
84757,ENCHANTED GARDEN WROUGHT IRON TABLE,74.75,5,4,4
23068,ALUMINIUM HEART,74.7,30,6,6
23044,PAPER LANTERN 9 POINT HOLLY STAR 23,74.7,18,5,5
21267,VINTAGE PINK TINSEL REEL ,74.6,24,10,3
90012A,MIDNIGHT BLUE DROP CRYSTAL NECKLACE,74.38,13,7,2
62043B,BLUE CHECK BAG W HANDLE 34X20CM,74.32999999999998,53,11,8
84919,L BLUE C/COVER W PINK/YELLOW FLOWER,74.31,8,4,2
90202C,GREEN ENAMEL FLOWER HAIR TIE,73.76,25,26,4
84593,CROCHET ROSE DES CLOTHES HANGER,73.75,25,7,7
15030,FAN BLACK FRAME ,73.66,254,26,23
90130C,GREEN STONE/CRYSTAL EARRINGS,73.62,25,24,2
79331,PINK FLOCK GLASS CANDLEHOLDER,73.6,60,9,8
90202A,PURPLE ENAMEL FLOWER HAIR TIE,73.2,25,24,3
84447,6 RABBIT CHAIN EASTER,72.42,69,19,7
90214B,"LETTER ""B"" BLING KEY RING",72.33,75,40,13
84427B,BLACK GLASS TV DOUBLE P/FRAME 15X10,72.25,17,5,5
90027D,GLASS BEAD HOOP EARRINGS AMETHYST,72.18,23,16,6
84746,PINK EASTER HENS+FLOWER,72.06,23,16,6
90031,BILI NUT AND WOOD NECKLACE,71.9,52,9,5
21950,SET OF 6 DOTS CHOPSTICKS,71.57999999999998,30,20,3
90038C,GLASS AND BEADS BRACELET IVORY,71.46000000000001,19,9,3
35937,CERISE+GOLD CHRISTMAS STOCKING DEC,71.44,188,17,16
90060D,FIRE POLISHED GLASS NECKL BRONZE,71.4,12,8,6
17007B,S/3 POT POURI CUSHIONS BLUE COLOURS,71.4,34,6,6
84925C,FAIRY CAKES  WALL THERMOMETER,71.39999999999999,28,10,10
84415A,PINK FLOCK SUEDE CUSHION COVER ,71.25,27,6,3
90037B,TINY CRYSTAL BRACELET GREEN,71.17,28,10,5
23413,DECROTIVEVINTAGE COFFEE GRINDER BOX,71.08,12,6,4
90179A,AMBER FINE BEAD NECKLACE W TASSEL,71.0,12,9,5
84905,PINK BUTTERFLY C/COVER ,70.82,10,6,3
90187B,GREEN DROP EARRINGS W BEAD CLUSTER,70.6,21,15,2
20958,PORCELAIN HANGING BELL LARGE,70.5,38,10,9
90059F,DIAMANTE HAIR GRIP PACK/2 LT ROSE,69.97,42,28,5
22950,SET OF 36 VINTAGE CHRISTMAS DOILIES,69.82,37,9,7
90131,PINK/AMETHYST/GOLD NECKLACE,69.62,10,5,4
84918,CREAM C/COVER W YELLOW/GREEN FLOWER,69.5,10,3,3
81952V,ROUND PURPLE CLOCK WITH SUCKER,69.35,365,24,22
72140F,HAPPY ANNIVERSARY CANDLE LETTERS,69.17999999999999,175,14,14
35916B,BLUE FELT HANGING HEART W FLOWER,69.1,57,16,4
23040,PAPER LANTERN 9 POINT SNOW STAR,69.0,12,4,4
37509,NEW ENGLAND MUG W GIFT BOX,68.85,27,15,15
90176A,CLASSIC DIAMANTE NECKLACE JET,68.38,9,8,3
71215,METAL BASE FOR CANDLES,68.1,177,12,10
47420,ASSORTED COLOUR SUCTION CUP HOOK,68.02000000000001,358,31,23
84857A,SILVER MONTE CARLO HANDBAG,68.0,8,3,2
90121B,VINTAGE ROSE BEAD BRACELET BLUE,68.0,16,10,8
DCGS0004,HAYNES CAMPER SHOULDER BAG,67.94,4,4,0
90140,PINK SWEETIE NECKLACE,67.9,9,7,2
84086B,YELLOW/BLUE RETRO RADIO,67.85000000000001,23,13,7
90026C,GLASS BEAD HOOP NECKLACE GREEN,67.82,8,6,5
90026B,GLASS BEAD HOOP NECKLACE MONTANA,67.82,8,7,4
84596e,SMALL LICORICE DES PINK BOWL,67.77,27,17,0
84864A,PINK PAISLEY PHOTO ALBUM,67.71000000000001,7,4,3
90078,PINK/WHITE GLASS DEMI CHOKER,67.64,9,5,4
90024F,NEW BAROQUE B'FLY NECKLACE CRYSTAL,67.61,8,6,2
84926B,SCOTTS ROSES TILE COASTER,67.5,54,10,8
47341B,BLUE TABLE RUN FLOWER,67.5,48,14,13
84907,PINK/YELLOW PATCH CUSHION COVER,67.03999999999999,6,7,4
72045D,ROSES ON BLUE TEACUP CANDLE ,66.89,35,7,3
22949,SET OF 36 DOLLY GIRL PAPER DOILIES,66.75999999999999,43,16,13
22416,SET OF 36 SPACEBOY PAPER DOILIES,66.72,45,9,8
35819P,"ACRYLIC HANGING JEWEL,PINK",66.55,95,7,7
90037A,TINY CRYSTAL BRACELET RED,66.31,26,12,4
90037C,TINY CRYSTAL BRACELET BLUE,66.08,26,13,4
85072,OCCASIONS GIFT CARD ASSORTMENT,66.0,120,1,1
79329,PINK FLOCK GLASS CANDLEHOLDER,65.94,100,7,7
84340,LARGE FIBRE OPTIC CHRISTMAS TREE,65.76,21,11,5
84493,BLUE/PINK NEST STRIPE BOX,65.75999999999999,575,6,5
79406,FROSTED WHITE BASE ,65.62,259,21,14
90088,CRYSTAL KEY+LOCK PHONE CHARM,65.45,76,16,8
90179B,PURPLE FINE BEAD NECKLACE W TASSEL,65.31,11,9,5
72812,LARGE ZINC/GLASS CANDLEHOLDER,65.23,27,9,5
47016,LIGHT DECORATION BATTERY OPERATED,65.10000000000001,31,5,4
84705A,ENGLISH ROSE PHOTO FRAME ,65.10000000000001,14,7,5
16256C,HEARTS PENCIL/RUBBER+5 MINI PENCILS,65.10000000000001,155,11,8
90177E,DROP DIAMANTE EARRINGS GREEN,65.01,22,23,3
90141B,IVORY PENDANT TRIPLE SHELL NECKLACE,64.94,13,9,2
23235,BISCUIT TIN VINTAGE LEAF,64.56,24,3,3
90092,BLUE CRYSTAL BOOT PHONE CHARM,64.56,75,11,6
84551,CROCHET DOG KEYRING,64.35,39,8,6
90074,BLACK DIAMOND CLUSTER NECKLACE,64.09,7,6,4
79534,MULTICOLOUR GLASS PLATE,63.800000000000004,116,16,14
23253,16 PC CUTLERY SET PANTRY DESIGN,63.8,4,1,1
85018A,S/6 PAPER BOXES ROMANTIC IMAGES,63.75,15,10,10
85018B,S/6 PAPER BOXES BLOSSOM IMAGES ,63.75,15,10,10
84617,NEW BAROQUE BLACK BOXES,63.75,5,4,4
84968B,SET OF 16 VINTAGE IVORY CUTLERY,63.75,5,5,4
20905,VINTAGE KEEPSAKE BOX BEAUTY GIRL,63.5,10,4,3
22845,"CAT FOOD CONTAINER , VINTAGE",63.49999999999999,10,3,3
90205A,LARGE MINT DIAMANTE HAIRSLIDE,63.46,38,22,6
37491D,PURPLE/BLUE CERAMIC CANDLE HOLDER,63.28,26,13,5
22987,"WRAP , SUMMER ROSE DESIGN",63.0,150,6,6
72709,IVORY SCULPTED RND CANDLE ,62.9,74,13,10
84529B,BLUE KNITTED KID'S RUCKSACK,62.35,13,5,2
35607B,BLACK FEATHER CHRISTMAS DECORATION,62.3,312,17,15
47348A,FUSCHIA VOILE POINTY SHOE DEC,62.01,103,16,12
90176C,DIAMANTE NECKLACE,62.0,8,8,4
84450B,PINK/YELLOW RABBIT SAT EASTER,61.92,88,29,4
17136A,BLUE STONES ON WIRE FOR CANDLE,61.78,743,34,28
20620,RED SPOTTY PASSPORT COVER,61.76,15,14,1
35817B,"ACRYLIC JEWEL SNOWFLAKE,BLUE",61.3,143,3,2
35973,GERANIUM FOLKART HEART DECORATION,61.25,49,13,11
16151A,FLOWERS HANDBAG blue and orange,61.25,49,3,3
23541,"WALL ART ,PUDDINGS ",61.2,8,2,2
22578,WOODEN STAR CHRISTMAS SCANDISPOT,61.199999999999996,72,2,2
22565,FELTCRAFT HAIRBANDS PINK + WHITE ,61.199999999999996,72,6,6
40002,WHITE BAMBOO RIBS LAMPSHADE,61.199999999999996,72,2,1
35910B,PINK FLOWERS RABBIT EASTER,61.07,29,8,6
22537,MAGIC SLATE DINOSAUR,60.480000000000004,144,3,3
22409,TIN CAN BISCUITS DESIGN,60.0,48,4,4
84875A,PINK SQUARE COMPACT MIRROR,60.0,16,12,10
22619, SET Of 6 SOLDIER SKITTLES,60.0,16,3,3
22953,BIRTHDAY BANNER TAPE,60.0,48,3,3
23629,SET 10 CARDS DRESSING UP 17077,59.760000000000005,24,10,0
90021,LASER CUT MULTI STRAND NECKLACE,59.75,5,4,4
90171,DAISY RING,59.650000000000006,47,27,2
gift_0001_70,Dotcomgiftshop Gift Voucher £70.00,59.57,1,1,0
84582,PINK CROCHET CAT WITH SCARF,59.5,14,11,9
44241C,BLUE BUTTERFLY ON SPRING,59.5,70,8,7
35654,VINTAGE BEAD FILLED PINK CUSHION,59.400000000000006,12,5,4
23537,I LOVE LONDON WALL ART,59.400000000000006,12,2,2
22329,ROUND FOOD CONTAINER S/5 RETROSPOT,59.39999999999999,36,3,3
23325,RUSTIC STRAWBERRY JAMPOT SMALL,59.39999999999999,36,3,3
22973,CHILDRENS CIRCUS PARADE MUG,59.39999999999999,36,3,3
90214P,"LETTER ""P"" BLING KEY RING",59.089999999999996,71,34,14
90011B,BLACK CRYSTAL DROP EARRINGS,59.06,20,15,4
35909A,RABBIT EASTER DECORATION,59.00000000000001,20,5,5
22903,CALENDAR FAMILY FAVORITES,59.0,20,4,4
81985A,"ICON ALARM CLOCK,FUSCHIA  PIN UP",58.64999999999999,23,7,7
90188,DROP EARRINGS W FLOWER & LEAF,58.5,23,20,3
84226,HEN HOUSE W FAMILY IN BARN & NEST,58.31,77,18,17
90059C,DIAMANTE HAIR GRIP PACK/2 MONTANA,58.279999999999994,35,24,6
21343,GOLD JEWELERY BOX,58.10000000000001,18,4,3
35816B,"ACRYLIC JEWEL ANGEL,BLUE",58.07,139,3,2
18094C,WHITE/BLUE RECT CERAMIC OIL BURNER,58.05,33,13,3
17129C,SKY BLUE COLOUR GLASS GEMS IN BAG,57.98,86,11,7
35821B,"JEWELLED DECORATION,BLUE",57.0,150,3,3
72771B,BURG FLOCK GOLD CUP/CANDLE ,56.9,117,8,6
90002E,FLOWER BURST SILVER RING GREEN,56.519999999999996,15,13,7
90050,CRACKED GLAZE NECKLACE IVORY,56.260000000000005,8,7,2
90212C,PURPLE LAS VEGAS BRACELET ROUND,56.25,15,7,5
47344B,BLUE FLOWER DES PURSE,56.16,54,10,10
85023C,PINK LARGE JEWELED PHOTOFRAME,56.099999999999994,22,12,10
90033,IVORY SHELL HEART EARRINGS,55.879999999999995,22,18,2
84803B,WHITE ALLIUM  ARTIFICIAL FLOWER,55.769999999999996,33,13,11
85080,PADDED RED HEART DECORATION,55.76,113,22,19
90214T,"LETTER ""T"" BLING KEY RING",55.57,57,24,9
85151,WELCOME METAL SIGN,55.0,44,8,8
90014A,SILVER M.O.P. ORBIT NECKLACE,54.800000000000004,11,6,3
90135A,ORANGE/FUSCHIA STONES NECKLACE,54.620000000000005,11,4,2
90142D,MOP PENDANT SHELL NECKLACE,54.59,11,5,4
90043,COPPER AND BRASS BAG CHARM,54.510000000000005,10,6,5
90046,WHITE WITH METAL BAG CHARM,54.45,11,8,6
20820,SILVER LOOKING MIRROR,54.45,11,8,6
20953,PORCELAIN CHERUB BELL LARGE,54.449999999999996,33,9,7
46115B,GREEN POP ART MAO CUSHION COVER ,54.34,286,22,19
22345,PARTY PIZZA DISH BLUE WHITE SPOT ,54.28,53,17,8
23389,SPACEBOY MINI RUCKSACK,53.95,13,4,4
85023A,CRYSTAL LARGE JEWELLED PHOTO FRAME,53.55,21,11,9
22252,BIRDCAGE DECORATION MAGIC GARDEN,53.55,21,3,3
84559b,3D SHEET OF CAT STICKERS,53.54,32,25,0
90214I,"LETTER ""I"" BLING KEY RING",53.5,56,28,11
35001B,HAND OPEN SHAPE BLACK,53.43000000000001,15,7,6
84660b,BLACK STITCHED WALL CLOCK,53.18,7,6,0
72798C,SET/4 GARDEN ROSE DINNER CANDLE,53.11,28,15,10
90202B,WHITE ENAMEL FLOWER HAIR TIE,52.79,18,17,3
84030C,KNITTED RAINBOW HOT WATER BOTTLE,52.78,13,8,5
84660a,WHITE STITCHED WALL CLOCK,52.699999999999996,7,5,0
84899E,YELLOW + BROWN BEAR FELT PURSE KIT,52.65,39,15,9
23196,RETO LEAVES MAGNETIC SHOPPING LIST,52.199999999999996,36,3,3
23035,DOORKNOB CERAMIC IVORY,52.199999999999996,36,1,1
84292B,BLUE COL METAL FOLDING CHAIR,51.8,8,5,4
84845D,GERANIUM SQUARE HANDY TIN,51.25,41,11,11
84984B,RED PEONY DES C/COVER ,51.150000000000006,11,7,6
84402B,PURPLE DRESS JEWELLERY STAND,51.14,62,4,4
35071,ASSORTED SANTA CHRISTMAS DECORATION,51.13999999999999,50,7,5
84612B,SET/4 BLACK  BAROQUE FLOCK COASTER,51.0,20,4,4
20964,POLYESTER FILLER PAD 60x40cm,50.99999999999999,20,6,6
84968f,SET OF 16 VINTAGE SKY BLUE CUTLERY,50.98,2,2,0
90001B,ANTIQUE MID BLUE FLOWER EARRINGS,50.870000000000005,12,11,4
22846,"BREAD BIN, DINER STYLE, RED ",50.849999999999994,3,2,2
85035b,CHOCOLATE 3 WICK MORRIS BOX CANDLE,50.82000000000001,6,6,0
85124a,PINK JUICY FRUIT PHOTO FRAME,50.599999999999994,10,9,0
35916B,BLUE FELT HANGING HEART WITH FLOWER,50.57,75,30,1
90034,WHITE SILVER NECKLACE SHELL GLASS,50.48,5,5,2
72083A,STRAWBERY SWIRL FLARE CANDLE,50.400000000000006,24,7,7
72801c,S/4 ROSE PINK DINNER CANDLES,50.199999999999996,20,10,0
22657,HEN & 2 CHICKS IN BASKET,50.15,59,7,7
20870,OPULENT VELVET CANDLE IN BOX,50.1,28,8,5
90141E,ORANGE PENDANT TRIPLE SHELL NECKLAC,50.06,10,5,3
72817,SET/2 CHRISTMAS DECOUPAGE CANDLES,50.0,40,6,6
23603,SET 10 CARD KRAFT REINDEER 17084,49.800000000000004,20,14,0
23197,VEGETABLE MAGNETIC  SHOPPING LIST,49.8,36,3,3
90052,CRACKED GLAZE NECKLACE BROWN,49.58,7,5,1
23015,CORDIAL JUG,49.5,6,2,2
84537B,FAIRY CAKES GIFT BAG,49.14,117,11,10
17013C,ORIGAMI LAVENDER INCENSE IN TUBE,49.14,117,3,2
72129,COLUMBIAN CANDLE ROUND ,49.11000000000001,74,18,16
84984A,GREEN PEONY DES C/COVER,49.07,9,6,4
84845C,CARNATION SQUARE HANDY TIN,48.75,39,15,14
35603C,SET/16 WHITE SHINY & MATT BAUBLES,48.3,83,24,19
37491A,YELLOW/PINK CERAMIC CANDLE HOLDER,48.3,18,13,5
90083,CRYSTAL CZECH CROSS PHONE CHARM,48.08,52,15,6
47591A,CAROUSEL CHILDRENS APRON,47.97,29,12,3
23539,"WALL ART , LOVES' SECRET ",47.6,8,2,2
21347,GOTHIC CARRIAGE LANTERN,47.6,8,4,4
20895,VINTAGE NOTEBOOK FRENCH LETTER ,47.20000000000001,16,4,3
35909B,PINK FLOWERS RABBIT EASTER,47.2,16,6,6
90067B,BROWN VINTAGE VICTORIAN EARRINGS,47.120000000000005,16,6,2
84227,HEN HOUSE W CHICK IN NEST,47.04,112,13,13
90181C,BLACK GLASS/SHELL/PEARL NECKLACE,46.93,5,5,0
84596f,SMALL MARSHMALLOWS PINK BOWL,46.89,19,14,0
20988,TRELLIS FLOWER CHOPSTICKS SET/5,46.8,24,9,8
90001C,ANTIQUE OPAL WHITE FLOWER EARRINGS,46.7,11,10,5
90001A,ANTIQUE RASPBERRY FLOWER EARRINGS,46.6,11,10,3
37489A,YELLOW/PINK FLOWER DESIGN BIG MUG,46.56,46,23,21
81952B,ROUND BLUE CLOCK W/SUCKER,46.56,54,11,6
16050,TEATIME PENCIL WITH RUBBER,46.45,151,8,4
47341A,FUSCHIA TABLE RUN FLOWER ,46.25,29,7,7
23107,WHITE WIRE PLANT POT HOLDER,46.24,16,2,2
90128A,PINK LEAVES AND BEADS PHONE CHARM,46.21,31,10,5
84951b,S/4 BLACK LOVEBIRD COASTERS,46.2,9,4,0
72024U,LILAC VOTIVE CANDLE,46.2,220,11,10
85081,PADDED HOLLY CHRISTMAS DECORATION ,46.17,104,21,20
85132c,CHARLIE AND LOLA FIGURES TINS,46.099999999999994,4,4,0
23047,PAPER LANTERN 5 POINT STUDDED STAR,46.0,8,4,4
84626,CANDY STRIPE ROSE QUILT,45.95,1,1,1
22604,SET OF 4 NAPKIN CHARM CUTLERY,45.9,18,3,3
35611B,BLACK ASSORTED DROPLET DECORATION,45.760000000000005,62,3,2
22406,TIN CAN KINGS CHOICE DESIGN,45.0,36,3,3
72724,SET/6 CHRISTMAS ICICLE T-LIGHTS,45.0,36,10,9
16161C,WRAP SPEED DEMONS ,45.0,450,2,2
22347,PIZZA DISH SLICE ,45.0,36,2,2
23625,SET 6 CARDS SPARKLY REINDEER 17262,44.910000000000004,9,4,0
90135,ORANGE/WHT/FUSCHIA STONES NECKLACE,44.75,9,3,1
37462E,"PET MUG, GOLDFISH",44.6,101,29,9
90197D,AMBER GLASS BRACELET HEART CHARMS,44.550000000000004,9,4,4
72796B,S/3 FRENCH VANILLA SQU CANDLE,44.55,27,12,11
90011A,MIDNIGHT BLUE CRYSTAL DROP EARRINGS,44.28,15,15,2
84586L,"PINK ROSES/GINGHAM PATCH RABBIT 8""",44.25000000000001,15,9,9
35085E,IVORY ROSE LAMPSHADE ,44.25,39,9,7
90084,PINK CRYSTAL GUITAR PHONE CHARM,44.199999999999996,52,10,8
90125E,AMBER BERTIE GLASS BEAD BAG CHARM,44.19,18,17,2
35815B,"ACRYLIC JEWEL SNOWFLAKE,BLUE",43.940000000000005,95,3,2
17014C,ORIGAMI LAVENDER INCENSE CONES,43.75,97,2,1
79063C,"RETRO PILL BOX KEY CHAIN,THE KING",43.65,235,14,13
18097A,PINK TALL PORCELAIN T-LIGHT HOLDER ,43.349999999999994,17,12,10
90042B,FRESHWATER PEARL BRACELET PINK,43.349999999999994,17,6,4
35822P,"ACRYLIC BEAD CHAIN, PINK",43.32,114,1,1
90054,CRACKED GLAZE EARRINGS RED,43.019999999999996,17,17,2
23038,T-LIGHT HOLDER SILVER SAUCER,42.919999999999995,44,8,4
84906,PINK BUTTERFLY CUSHION COVER,42.9,22,6,3
84857B,BLUE MONTE CARLO HANDBAG,42.9,22,2,2
22987,WRAP SUMMER ROSE DESIGN,42.84,102,5,4
79066k,RETRO MOD TRAY,42.71,26,16,0
84993a,75 GREEN PETIT FOUR CASES,42.71,51,30,0
21596,Hypochondriac Pill Stress Ball,42.64,10,9,0
90024A,NEW BAROQUE B'FLY NECKLACE BLACK,42.5,5,4,4
22346,PARTY PIZZA DISH GREEN WHITE SPOT ,42.3,40,15,7
90126C,AMBER BERTIE MOBILE PHONE CHARM,42.1,21,5,2
72771C,BLACK FLOCK GOLD CANDLE,42.08,54,6,4
23231,WRAP  VINTAGE DOILEY ,42.0,100,2,2
20860,GOLD COSMETICS BAG WITH BUTTERFLY,42.0,20,11,10
15060b,FAIRY CAKE DESIGN UMBRELLA,41.81,5,5,0
90152C,BLUE/NAT SHELL NECKLACE W PENDANT,41.650000000000006,7,4,4
90060C,FIRE POLISHED GLASS NECKL SILVER,41.65,7,3,3
35809a,ENAMEL PINK TEA CONTAINER,41.54,10,10,0
23045,PAPER LANTERN 5 POINT STAR MOON 30,41.5,10,5,5
23448,CREAM BUNNY EASTER EGG BASKET,41.24999999999999,25,3,3
90027C,GLASS BEAD HOOP EARRINGS GREEN,41.17,14,12,2
21815, STAR  T-LIGHT HOLDER ,41.16,24,9,4
18096c,WHITE ROUND PORCELAIN TLIGHT HOLDER,41.14,8,6,0
21119,Glow In The Dark Shot Glasses ,41.01,3,3,0
35644,PAIR PINK/BLACK COATHANGERS,40.95,21,7,6
22740,POLKADOT PENS,40.8,48,1,1
84798C,WHITE FOXGLOVE ARTIIFCIAL FLOWER,40.8,16,3,3
44228,CANNABIS LEAF BEAD CURTAIN,40.8,48,3,3
23148,MINITURE ANTIQUE ROSE HOOK IVORY,40.8,48,4,4
90136,PALE PINK/AMETHYST STONE NECKLACE,40.47,4,3,2
90152A,SILVER/NAT SHELL NECKLACE W PENDANT,40.34,7,7,4
22532,MAGIC SLATE LEAP FROG ,40.32,96,2,2
22529,MAGIC SLATE GO TO THE FAIR ,40.32,96,2,2
20994,JAZZ HEARTS SPIRAL NOTEPAD,39.949999999999996,47,12,12
23462,ROCOCO WALL MIROR,39.9,2,1,1
47013A,WINE BOTTLE DRESSING LT.BLUE,39.87,141,25,21
37468,HARDMAN MUG 3 ASSORTED,39.81,65,14,11
47013C,WINE BOTTLE DRESSING DARK BLUE,39.08,135,28,18
22853,"CAT BOWL, ENAMEL , CREAM COLOUR",39.0,12,2,2
82545A,COGNAC AUX OEUFS METAL 1 HOOK,38.75,31,11,11
47567b,TEA TIME KITCHEN APRON,38.72,3,3,0
35963,FOLKART ZINC CLIP ON ANGEL WINGS,38.38,101,11,10
85184B,SET 4 EASTER DECOUPAGE OVAL BOXES,38.35,13,8,8
90130D,RED STONE/CRYSTAL EARRINGS,38.31,13,8,1
90027B,GLASS BEAD HOOP EARRINGS MONTANA,38.28,13,10,3
90183C,BLACK DROP EARRINGS W LONG BEADS,38.12,13,13,2
90182C,BLACK 3 BEAD DROP EARRINGS,38.04,13,14,2
81952B,ROUND BLUE CLOCK WITH SUCKER,38.0,200,9,9
90177A,CLASSIC DIAMANTE EARRINGS JET,37.99,13,15,2
47518f,ICON PLACEMAT POP ART ELVIS,37.75,9,9,0
72801d,S/4 SKY BLUE DINNER CANDLES,37.65,15,10,0
90176B,DIAMANTE NECKLACE BLACK ,37.620000000000005,5,4,2
85115B,S/4 BLACK DISCO PARTITION PANEL,37.62,6,2,1
90039A,FIRE POLISHED GLASS BRACELET RED,37.61,10,5,2
23043,PAPER LANTERN 9 POINT HOLLY STAR 40,37.5,6,3,3
37112,YELLOW BIRDS FELT DES FOODCOVER,37.5,10,5,4
37477B,"FLOWER FAIRY MUG+COASTER,LAVENDER",37.5,10,9,6
79413,GLASS WINE GLASS DECORATIONS,37.5,30,9,7
35233,PASTA ENAMEL/BRASS CONTAINER,37.5,10,8,8
84509b,SET OF 4 FAIRY CAKE PLACEMATS,37.3,5,4,0
84705F,RED PEONY PHOTO FRAME ,37.2,8,5,4
90126A,PINK BERTIE MOBILE PHONE CHARM,37.14,20,5,3
84251J,"GREETING CARD, THE BLACK CAT",37.04,74,17,4
16162M,THE KING GIFT BAG 25x24x12cm,36.96,88,13,10
72715,SPHERICAL IVORY CANDLE ,36.96,88,13,8
22407,MONEY BOX FIRST AID DESIGN,36.78,44,11,9
17014E,ORIGAMI OPIUM INCENSE CONES,36.599999999999994,95,6,4
90141D,ROSE PENDANT TRIPLE SHELL NECKLACE,36.33,7,5,1
90214F,"LETTER ""F"" BLING KEY RING",36.28,44,27,11
90037D,TINY CRYSTALS BRACELET BLACK,35.87,14,8,1
90060B,FIRE POLISHED GLASS NECKL GOLD,35.7,6,4,4
90132,LIGHT TOPAZ TEAL/AQUA COL NECKLACE,35.63,7,7,0
47504J,ENGLISH ROSE SET/3 GARDEN TOOLS,35.449999999999996,1,6,3
90011C,GREEN CRYSTAL DROP EARRINGS,35.33,12,7,1
90152B,BLUE/GREEN SHELL NECKLACE W PENDANT,35.26,6,5,4
79063D,"RETRO PILL BOX , REVOLUTIONARY",35.14,189,11,9
84510e,SET OF 4 GREEN CAROUSEL COASTERS,35.089999999999996,14,6,0
82613b,"METAL SIGN,CUPCAKE SINGLE HOOK",35.04,14,11,0
90059B,DIAMANTE HAIR GRIP PACK/2 BLACK DIA,34.97,21,17,4
84745B,BLUE HANGING GINGHAM EASTER HEN,34.86,83,17,15
DCGS0058,MISO PRETTY  GUM,34.82,42,30,0
23196,LEAVES MAGNETIC  SHOPPING LIST,34.8,24,2,2
37482p,CUBIC MUG PINK POLKA DOT,34.7,2,2,0
90081B,LILY BROOCH WHITE/SILVER COLOUR,34.650000000000006,7,3,2
84546,CROCHET POODLE KEYRING,34.64999999999999,21,3,3
35955,SMALL FOLKART CHRISTMAS TREE DEC,34.620000000000005,135,4,4
44265,M/COLOUR POM-POM CURTAIN,34.0,8,4,4
22852,"DOG BOWL, ENAMEL , CREAM COLOUR",34.0,8,2,2
22200,FRYING PAN PINK RETROSPOT,33.97,7,3,2
90066A,PINK VINTAGE VICTORIAN CHOKER,33.75,5,2,2
81950B,FLOWER BLUE CLOCK WITH SUCKER,33.64,116,8,8
47591b,SCOTTIES CHILDRENS APRON,33.6,8,4,0
23390,DOLLY GIRL MINI RUCKSACK,33.2,8,2,2
DCGS0003,BOXED GLASS ASHTRAY,32.589999999999996,13,13,0
82613c,"METAL SIGN,CUPCAKE SINGLE HOOK",32.48,13,12,0
85079,EMBROIDERED REINDEER DECORATION,32.25,23,8,6
84608,ORNATE EDWARDIAN CANDLE HOLDER,31.799999999999997,4,5,5
20952,PORCELAIN CHERUB BELL SMALL,31.560000000000002,69,26,20
90214O,"LETTER ""O"" BLING KEY RING",31.419999999999998,36,18,11
85131D,BEADED CRYSTAL HEART PINK\ON STICK,31.299999999999997,20,11,8
23366,SET 12 COLOUR PENCILS DOILEY,31.200000000000003,48,3,3
23632,SET 10 CARDS CHEERFUL ROBIN 17065,31.200000000000003,15,10,0
44091C,MULTICOLOUR CRUSOE CHECK LAMPSHADE,30.66,61,17,10
37348,SET OF 4 PASTEL STACKING MUGS,30.6,12,9,5
22937,BAKING MOULD CUPCAKE CHOCOLATE,30.599999999999998,12,1,1
22641,SET OF 4 NAPKIN CHARMS INSTUMENT   ,30.599999999999998,12,2,2
22577,WOODEN HEART CHRISTMAS SCANDISPOT,30.599999999999998,36,1,1
22937,BAKING MOULD CHOCOLATE CUP CAKES,30.599999999999998,12,2,2
21919,Electronic Talking Breath-A-Loser,30.47,6,5,0
90076,MONTANA DIAMOND CLUSTER EARRINGS,30.45,11,8,1
37471,MULTICOLOUR POLKADOT PLATE,30.43,29,5,3
37489B,BLUE/YELLOW FLOWER DESIGN BIG MUG,30.419999999999998,38,17,17
84745A,PINK HANGING GINGHAM EASTER HEN,30.240000000000002,72,15,13
90025F,BAROQUE BUTTERFLY EARRINGS CRYSTAL,30.23,8,8,2
18010,ASSORTED FRAGRANCE BATH CONFETTI,30.16,64,9,6
37491B,BLUE/YELLOW CERAMIC CANDLE HOLDER,30.08,14,8,5
23250,ENAMEL BOWL PANTRY,30.0,24,2,2
23252,ENAMEL JUG PANTRY,30.0,8,2,2
22771,DRAWER KNOB ACRYLIC EDWARDIAN CLEAR,30.0,24,1,1
22775,DRAWERKNOB ACRYLIC EDWARDIAN PURPLE,30.0,24,1,1
22772,DRAWER KNOB ACRYLIC EDWARDIAN PINK,30.0,24,1,1
22773,DRAWER KNOB ACRYLIC EDWARDIAN GREEN,30.0,24,1,1
22405,TIN CAN POCKET MONEY DESIGN,30.0,24,2,2
23437,GIFT BAG LARGE 50'S CHRISTMAS,30.0,24,2,2
47563B,WAVELINE SURF IRONING BOARD COVER,30.0,8,6,6
23396,BUTTERFLY CUSHION COVER,30.0,8,2,2
22410,TIN CAN HOUSEKEEPING DESIGN,30.0,24,2,2
90176E,DIAMANTE NECKLACE GREEN,29.98,4,3,2
21767,FRENCH STYLE WIRE DOOR CABINET ,29.95,1,1,1
21685,MEDINA STAMPED METAL TRAY ,29.9,2,3,3
79065A,TEATIME ROUND CAKE TINS ,29.849999999999998,3,2,2
22351,DOTCOMGIFTSHOP TEA TOWEL,29.809999999999995,15,3,1
84985a,SET OF 72 GREEN PAPER DOILIES,29.8,10,8,0
22472,"TRAY FOR TV DINNER , DOLLY GIRL",29.700000000000003,6,1,1
23530,"WALL ART,ONLY ONE PERSON ",29.700000000000003,6,1,1
22474,"TRAY FOR TV DINNER ,SPACEBOY",29.700000000000003,6,1,1
35598A,DUSTY PINK CHRISTMAS TREE 60CM,29.500000000000004,10,3,3
10138,ASSORTED COLOUR JUMBO PEN,29.32,67,25,17
78034B,BLUE NETTING STORAGE HANGER,29.25,15,9,9
90214V,"LETTER ""V"" BLING KEY RING",28.98,38,24,7
46776f,WOVEN ROSE GARDEN CUSHION COVER ,28.91,7,1,0
37489D,PINK/GREEN FLOWER DESIGN BIG MUG,28.86,46,20,20
44089C,LILAC GAUZE BUTTERFLY LAMPSHADE,28.56,68,18,14
23380,PACK OF 12 DOILEY TISSUES,28.08,72,2,2
40005B,BLUE ORGANDY ROUND LAMPSHADE W BEA,28.05,33,13,11
17091F,SANDALWOOD INCENSE IN TIN,27.71,19,8,6
23637,SET 10 CARDS OUT OF ORDER 17216,27.39,11,9,0
23613,SET 10 XMAS CARDS & BADGES 17070,27.39,11,6,0
21097,SET/6 GREEN SPRING  PAPER PLATE,27.2,32,7,5
84867b,BLUE BABY BOY'S PHOTO ALBUM,27.14,2,1,0
90187A,BLUE DROP EARRINGS W BEAD CLUSTER,27.04,8,7,1
23702,High Resolution Image,27.0,4,3,3
44235,ASSORTED COLOURED CIRCLE MOBILE ,26.88,64,7,6
17013F,ORIGAMI SANDLEWOOD INCENSE IN TUBE,26.7,62,5,4
90027A,GLASS BEAD HOOP EARRINGS BLACK,26.52,9,6,3
90025E,BAROQUE BUTTERFLY EARRINGS MONTANA,26.5,7,7,3
22232,3 PIECE JIGSAW TOADSTOOLS,26.4,16,2,2
23636,SET 10 CARDS WISHING TREE 17116,26.19,9,7,0
90182A,AMBER 3 BEAD DROP EARRINGS,26.16,9,9,0
37489C,GREEN/BLUE FLOWER DESIGN BIG MUG,26.06,27,12,10
85164b,BLACK BAROQUE CUCKOO CLOCK,26.04,1,1,0
90041,PEARL AND CHERRY QUARTZ BRACLET,25.67,7,6,2
20954,*USB Office Mirror Ball,25.590000000000003,3,3,0
22168,"ORGANISER WOOD, ANTIQUE WHITE ",25.5,3,2,2
84968d,S/16 VINTAGE RED CUTLERY,25.49,1,1,0
84968b,SET OF 16 VINTAGE IVORY CUTLERY,25.49,1,1,0
84968b,S/16 VINTAGE IVORY CUTLERY,25.49,1,1,0
84968a,S/16 VINTAGE ROSE CUTLERY,25.49,1,1,0
90142A,GREEN PENDANT SHELL NECKLACE,25.45,5,4,0
DCGS0070,CAMOUFLAGE DOG COLLAR,25.44,2,2,0
85035a,GARDENIA 3 WICK MORRIS BOXED CANDLE,25.410000000000004,3,3,0
84997c,BLUE 3 PIECE MINI DOTS CUTLERY SET,25.410000000000004,3,2,0
90214Y,"LETTER ""Y"" BLING KEY RING",25.339999999999996,68,10,4
35597D,PINK/WHITE CHRISTMAS TREE 30CM,25.28,58,7,7
90055,CRACKED GLAZE EARRINGS BROWN,25.28,10,10,1
90053,CRACKED GLAZE EARRINGS IVORY,25.23,10,10,0
84596b,SMALL DOLLY MIX DESIGN ORANGE BOWL,25.099999999999998,10,8,0
84510c,SET OF 4 POLKADOTS COASTERS,25.099999999999998,10,8,0
90128C,GREEN LEAVES AND BEADS PHONE CHARM,25.04,17,6,3
23104,IVORY PANTRY HANGING LAMP ,25.0,2,1,1
22719,"GUMBALL COATHOOK., BLACK & WHITE ",25.0,20,4,4
23214,BELL HEART ANTIQUE GOLD,24.96,12,1,1
23240,SET OF 4 KNICK KNACK TINS  DOILEY ,24.900000000000002,6,1,1
23620,SET 10 CARDS PERFECT POST 17090,24.900000000000002,10,7,0
85034a,3 GARDENIA MORRIS BOXED CANDLES,24.869999999999997,3,3,0
84550,CROCHET LILAC/RED BEAR KEYRING,24.749999999999996,15,5,4
35633B,BLUE TINSEL GARLAND ,24.7,130,12,12
35596,WOOD XMAS TREE 9 FIG SHELVES,24.65,29,4,4
10124A,SPOTS ON RED BOOKCOVER TAPE,24.36,58,18,18
37494a,FAIRY CAKE CERAMIC BUTTER DISH,24.16,4,3,0
72801E,4 FESTIVE GREEN DINNER CANDLES,23.91,51,2,2
84575B,BROWN DOG CANNISTER W BONE,23.8,4,3,3
84611B,BLACK NEW BAROQUE FLOCK BOX,23.8,4,6,4
85184c,S/4 VALENTINE DECOUPAGE HEART BOX,23.77,4,4,0
79302m,"ART LIGHTS,FUNK MONKEY",23.77,4,4,0
90128B,BLUE LEAVES AND BEADS PHONE CHARM,23.759999999999998,18,6,5
17014F,ORIGAMI SANDLEWOOD INCENSE CONES,23.699999999999996,61,4,4
47556b,TEA TIME TEA TOWELS ,23.64,4,4,0
90011E,AMBER CRYSTAL DROP EARRINGS,23.61,8,8,1
85040b,SET/4 BLUE FLOWER CANDLES IN BOWL,23.519999999999996,7,3,0
22889,"NUMBER TILE VINTAGE FONT, No ",23.400000000000002,10,4,2
23244,CANNISTER VINTAGE LEAF DESIGN,23.4,12,2,2
23623,SET 10 CARD CHRISTMAS WELCOME 17112,23.28,8,6,0
23236,STORAGE TIN VINTAGE DOILEY ,23.13,7,2,1
23106,ZINC PLANT POT HOLDER,23.12,8,1,1
84509E,CAROUSEL PLACEMATS ,23.060000000000002,4,3,2
84456,SET OF 3 RABBIT EGG EASTER,22.95,25,17,12
90095,NECKLACE+BRACELET SET PINK BLOSSOM,22.909999999999997,8,3,2
23145,ZINC T-LIGHT HOLDER STARS LARGE,22.799999999999997,24,2,2
84450B,YELLOW RABBIT SAT EASTER,22.63,51,6,3
90025C,BAROQUE BUTTERFLY EARRINGS GREEN,22.56,6,6,2
84876C,SILVER HEART COMPACT MIRROR,22.5,6,5,5
37477C,"FLOWER FAIRY MUG+COASTER,ROSE",22.5,6,1,1
84450A,PINK RABBIT SITTING EASTER,22.5,48,6,4
85225,BLING KEY RING STAND,22.5,19,11,10
90189B,GOLD 2 STRAND NECKLACE-LEAF CHARMS,22.5,3,2,2
23640,SET 10 CARDS SCOTTIE DOG 17211,22.410000000000004,9,8,0
23645,SET 10 CHRISTMAS CARDS HOHOHO 16956,22.410000000000004,9,4,0
35652,VINTAGE BEAD CHAISE LONG JEWEL BOX,21.5,18,2,2
90214Z,"LETTER ""Z"" BLING KEY RING",21.49,31,18,5
84387A,BIRD ON BRANCH CANVAS SCREEN,21.45,11,1,1
35591T,TURQUOISE CHRISTMAS TREE ,21.25,17,9,9
21387,IVORY HANGING DECORATION  RABBIT,21.25,25,4,4
90128D,PURPLE LEAVES AND BEADS PHONE CHAR,21.24,13,7,2
22201,FRYING PAN BLUE RETROSPOT,21.22,4,3,2
21594,Dr. Jam's Arouzer Stress Ball,21.06,5,5,0
23691,KEEP CALM BIRTHDAY WRAP,21.0,50,2,2
23692,WRAP A PRETTY THANK YOU,21.0,50,2,2
84868B,BLUE BABY BOY'S MEMORY BOX,20.85,3,5,5
23388,WOODLAND MINI RUCKSACK ,20.75,5,2,2
DCGS0072,CAT CAMOUFLAGUE COLLAR,20.68,4,3,0
46776a,WOVEN BUBBLE GUM CUSHION COVER,20.65,5,1,0
10002R,ROBOT PENCIL SHARPNER,20.57,4,3,0
22418,"PEN, 10 COLOURS - SPACEBOY",20.4,24,1,1
22345,PARTY PIZZA DISH BLUE+WHITE SPOT ,20.4,24,2,2
22344,PARTY PIZZA DISH PINK+WHITE SPOT ,20.4,24,2,2
79172D,PURPLE TINT ACRYLIC FLOWER VASE,20.4,24,4,4
85232a,SET/3 POLKA DOT STACKING TINS,20.34,2,2,0
22533,MAGIC SLATE BAKE A CAKE ,20.16,48,1,1
47552A,DOTS IRONING BOARD COVER,20.1,10,12,12
72801g,4 BURGUNDY WINE DINNER CANDLES,20.08,8,1,0
84899E,YELLOW BROWN BEAR FELT PURSE KIT,20.03,13,7,3
84536a,ENGLISH ROSE NOTEBOOK A7 SIZE,19.970000000000002,25,12,0
90082C,DIAMANTE BOW BROOCH WHITE COLOUR,19.93,3,3,1
90127A,PINK BEADS+HAND PHONE CHARM,19.92,14,2,1
23616,SET 10 CARDS JINGLE BELLS 17217,19.92,8,7,0
23646,SET 10 CARDS JINGLE BELLS 16957,19.92,8,5,0
23601,SET 10 CARDS SNOWY SNOWDROPS  17100,19.92,8,4,0
84570B,WHITE SATIN DRESS JEWEL STAND,19.8,4,2,2
23029,DOORKNOB CRACKED GLAZE GREEN,19.799999999999997,12,2,2
23031,DOORKNOB CRACKED GLAZE PINK,19.799999999999997,12,2,2
23249,ENAMEL DINNER PLATE PANTRY,19.799999999999997,12,1,1
37487B,YELLOW/ORANGE FLOWER DESIGN PLATE,19.72,68,2,2
44092C,PURPLE/COPPER HANGING LAMPSHADE,19.55,23,10,6
20680,PINK FLOWERS CHILDS UMBRELLA,19.5,6,4,4
79062D,"RETRO TIN ASHTRAY,REVOLUTIONARY",19.4,52,4,4
22963,JAM JAR WITH BLUE LID,18.98,26,2,2
23056,CRYSTAL CHANDELIER T-LIGHT HOLDER,18.75,3,1,1
84030B,KNITTED POM POM HOT WATER BOTTLE,18.75,5,3,2
90025D,BAROQUE BUTTERFLY EARRINGS PINK,18.69,5,5,2
84732B,CUTE BIRD CEATURE SCREEN,18.48,28,6,6
84311,CAMOFLAGE CUSHION COVER,18.15,11,1,1
72796A,S/3 ENGLISH LAVENDER SQU CANDLE,18.15,11,5,5
23079, TOADSTOOL BEDSIDE LIGHT ,17.9,2,1,1
84986b,SET OF 36 SILVER PAPER DOILIES,17.88,6,5,0
84614C,BLUE BAROQUE FLOCK CANDLE HOLDER,17.85,3,1,1
71050,SMALL SINGLE FLAME CANDLE HOLDER,17.849999999999998,51,8,7
18097B,BLUE TALL PORCELAIN T-LIGHT HOLDER,17.849999999999998,7,3,3
21450,DISTRESSED CANDLE STICK WHITE,17.849999999999998,3,4,3
21249,WOOD ANIMALS HEIGHT CHART STICKERS ,17.700000000000003,6,1,1
90182B,AMETHYST 3 BEAD DROP EARRINGS,17.53,6,6,0
23627,SET 10 CARDS XMAS GRAPHIC  17218,17.43,7,2,0
22887,"NUMBER TILE VINTAGE FONT, 8",17.36,8,1,1
22882,"NUMBER TILE VINTAGE FONT, 3",17.36,8,1,1
22885,"NUMBER TILE VINTAGE FONT, 6 ",17.36,8,1,1
22886,"NUMBER TILE VINTAGE FONT, 7",17.36,8,1,1
22883,"NUMBER TILE VINTAGE FONT, 4",17.36,8,1,1
22881,"NUMBER TILE VINTAGE FONT, 2",17.36,8,1,1
22879,"NUMBER TILE VINTAGE FONT, 0",17.36,8,1,1
22880,"NUMBER TILE VINTAGE FONT, 1",17.36,8,1,1
22884,"NUMBER TILE VINTAGE FONT, 5",17.36,8,1,1
37482b,CUBIC MUG BLUE POLKA DOT,17.35,1,1,0
DCGS0066N,NAVY CUDDLES DOG HOODIE,17.3,2,2,0
84796b,BLUE SAVANNAH PICNIC HAMPER FOR 2,17.12,2,2,0
DCGS0068,DOGS NIGHT COLLAR,17.12,2,2,0
22777,GLASS BELL JAR LARGE,17.0,2,1,1
23342,MINT DINER CLOCK,17.0,2,1,1
84993b,75 BLACK PETIT FOUR CASES,16.99,20,13,0
21120,*Boombox Ipod Classic,16.98,1,1,0
85036b,CHOCOLATE 1 WICK MORRIS BOX CANDLE,16.94,2,2,0
85035c,ROSE 3 WICK MORRIS BOX CANDLE,16.94,2,2,0
72805,VANILLA CANDLE IN EMBOSSED ZINC POT,16.9,10,3,3
47591c,BLUE FAIRY CAKE CHILD'S APRON,16.84,4,3,0
37488A,YELLOW PINK FLOWER DESIGN BIG BOWL,16.82,30,6,5
72785A,S/4 CONTEMPORY PINK ROSEBUD CANDLES,16.8,8,4,4
44089A,PINK GAUZE BUTTERFLY LAMPSHADE,16.8,40,13,11
21750, LARGE SKULL WINDMILL,16.8,8,2,2
21511,VINTAGE COLLAGE  GREETING  CARD ,16.8,40,2,1
23644,SET 10 CARDS CHRISTMAS TREE 16955,16.65,5,5,0
84031a,CHARLIE+LOLA RED HOT WATER BOTTLE ,16.63,1,1,0
84031b,CHARLIE LOLA BLUE HOT WATER BOTTLE ,16.63,1,1,0
85036a,GARDENIA 1 WICK MORRIS BOXED CANDLE,16.58,2,1,0
22384,LUNCH BAG PINK POLKADOTS,16.5,10,1,1
23502,PLAYING CARDS VINTAGE DOILEY ,16.25,13,2,2
47503J ,SET/3 FLORAL GARDEN TOOLS IN BAG,16.13,1,1,0
85160b,BLACK BIRD GARDEN DESIGN MUG,16.13,1,1,0
90102,WHITE FRANGIPANI HAIR CLIP,16.11,19,4,3
62074B,ELEPHANT CLIP W SUCTION CUP,15.96,38,12,8
84250M,"GREETING CARD, BLACKPOOL ROCK",15.9,28,13,1
84630,FLOWERS AND BIRDS WALL PLAQUE,15.9,2,1,1
22778,GLASS BELL JAR SMALL,15.8,4,1,1
35932,PINK CHRISTMAS TREE DECORATION,15.63,37,10,10
84509a,ENGLISH ROSE PLACEMATS,15.56,2,1,0
84912a,PINK ROSE WASHBAG,15.56,2,1,0
21560,TOADSTOOL  LUNCHBOX WITH CUTLERY,15.44,4,4,0
21853,GUMBALL CUSTOM CARS TOP TRUMPS GAME,15.399999999999999,3,3,0
22932,BAKING MOULD TOFFEE CUP  CHOCOLATE,15.299999999999999,6,1,1
37481,CUBIC MUG TEATIME CAKES,15.299999999999999,12,2,1
17107D,FLOWER FAIRY 5 SUMMER DRAW LINERS,15.299999999999999,6,1,1
84509e,SET OF 4 CAROUSEL PLACEMATS ,15.24,2,1,0
85124c,GREEN JUICY FRUIT PHOTO FRAME,15.18,3,2,0
17174,ASSTD RASTA KEY-CHAINS,15.120000000000001,36,7,7
m,Manual,15.049999999999999,5,4,0
84206A,3 BLACK CATS W HEARTS BLANK CARD,15.010000000000002,79,9,9
22408,TIN CAN CONFECTIONERY DESIGN,15.0,12,1,1
90068,"RUBY GLASS NECKLACE 42""",15.0,2,2,0
22954,HEN PARTY BANNER TAPE,15.0,12,1,1
23251,ENAMEL MUG PANTRY,15.0,12,1,1
23212,PAINTED HEART WREATH WITH BELL,15.0,12,1,1
23449,SET OF 6 EASTER RAINBOW CHICKS,15.0,12,1,1
23621,SET 10 CARDS DAVID'S MADONNA 17074,14.940000000000001,6,4,0
23281,FOLDING MIRROR RED  ,14.939999999999998,18,2,2
23282,FOLDING MIRROR IVORY ,14.939999999999998,18,2,2
84509g,SET OF 4 FAIRY CAKE PLACEMATS ,14.92,2,2,0
35650,VINTAGE BEAD PINK JEWEL STAND,14.850000000000001,3,3,3
22139,11 PC CERAMIC TEA SET POLKADOT,14.850000000000001,3,1,1
84567,FROSTED GLASS WITH SILVER SURROUND,14.85,9,1,1
SP1002,KID'S CHALKBOARD/EASEL,14.75,5,2,2
90011D,PURPLE CRYSTAL DROP EARRINGS,14.75,5,5,0
23634,SET 10 CARDS XMAS CHOIR 17068,14.55,5,5,0
81950V,FLOWER PURPLE CLOCK W/SUCKER,14.45,17,7,7
48195,DOORMAT GREEN PAISLEY ,14.43,1,1,0
90077,BLACK DIAMOND CLUSTER EARRINGS,14.399999999999999,5,5,1
10124G,ARMY CAMO BOOKCOVER TAPE,14.28,33,10,9
71143,ANTIQUE SILVER BOOK MARK WITH BEADS,14.11,17,3,0
84868A,PINK BABY GIRL'S MEMORY BOX,13.9,2,2,2
21852,EMPIRE TEDDY,13.9,2,2,1
23540,"WALL ART , THE MAGIC FOREST ",13.9,2,1,1
84406b,CREAM CUPID HEARTS COAT HANGER,13.82,2,2,0
16245A,PINK MINI STATIONERY SET W CASE,13.75,11,7,7
35936,CERISE+GOLD CHRISTMAS TREE DEC,13.68,36,9,8
84814B,RHOMBUS CRYSTAL PERFUME BOTTLE,13.65,7,3,2
35443,RASTA IN BATH W SPLIFF ASHTRAY,13.6,16,10,9
79342b,BROWN FLOWER LIGHTS,13.57,1,1,0
84867a,PINK BABY GIRLS PHOTO ALBUM,13.57,1,1,0
85039b,S/4 IVORY MINI ROSE CANDLE IN BOWL,13.44,4,1,0
62097B,BLUE STRIPES SHOULDER BAG,13.37,11,4,3
90014C,SILVER AND BLACK ORBIT NECKLACE,13.350000000000001,2,2,1
23639,SET 10 CARDS MAGICAL TREE 17086,13.32,4,4,0
23607,SET 10 CARDS HATS & STOCKINGS 17081,13.28,8,7,0
23271,CHRISTMAS TABLE CANDLE SILVER SPIKE,13.28,16,1,1
35004s,SET OF 3 SILVER FLYING DUCKS,13.0,1,1,0
85159b,"WHITE TEA,COFFEE,SUGAR JARS",13.0,1,1,0
16192,PINK BALLET OPENING CUBE BOX ,12.899999999999999,3,1,0
78056,CAMOUFLAGE BACKPACK ON WHEELS,12.849999999999998,1,4,3
84989b,75 BLACK FAIRY CAKE CASES,12.8,10,6,0
84247J,PACK/12 RUSSIAN DOLL CARDS,12.780000000000001,10,9,2
21772,VINTAGE METAL CAKE STAND CREAM ,12.75,1,1,1
44092B,BLUE WHITE PLASTIC RINGS LAMPSHADE,12.75,15,6,4
72752B,"F.FAIRY,CANDLE IN GLASS,LAVENDER",12.75,3,2,2
20812,EMBOSSED FLOWER TRELLIS PHOTO FRAME,12.75,5,3,3
84648,NEW BAROQUE WALL MIRROR,12.75,1,1,1
DCGS0075,CAMOUFLAGUE DOG LEAD,12.72,1,1,0
35004p,SET OF 3 PINK FLYING DUCKS,12.72,1,1,0
DCGS0037,KEY-RING CORKSCREW,12.72,1,1,0
85157,SET OF 2 CHESTS CHOCOLAT AU LAIT,12.72,1,1,0
21185,HOME SWEET HOME  BLACKBOARD,12.7,2,4,4
35751C,PURPLE CURRENT CANDLE RING,12.61,31,2,2
72801e,S/4 FESTIVE GREEN DINNER CANDLES,12.549999999999999,5,3,0
35597A,DUSTY PINK CHRISTMAS TREE 30CM,12.5,10,4,4
23071,MARIE ANTOIENETT TRINKET BOX GOLD,12.5,1,1,1
23635,SET 10 CARDS CHRISTMAS HOLLY  17259,12.48,3,3,0
23654,SET 10 CARD SNOWMAN 16965,12.450000000000001,5,4,0
84596g,SMALL CHOCOLATES PINK BOWL,12.399999999999999,5,2,0
90000C,OPAL WHITE/SILVER FLOWER NECKLACE,12.32,2,2,1
79149B,SILICON STAR BULB  BLUE,12.18,29,12,11
44242A,LILAC FEATHERS CURTAIN,11.98,14,2,2
22206,"MUG , DOTCOMGIFTSHOP.COM ",11.82,14,10,0
85179a,GREEN BITTY LIGHT CHAIN,11.780000000000001,2,2,0
23605,SET 10 CARDS 12 DAYS OF XMAS 17059,11.64,4,1,0
23608,SET 10 CARDS RUDOLPHS NOSE 17097,11.64,4,3,0
85184c,SET 4 VALENTINE DECOUPAGE HEART BOX,11.58,2,2,0
90025B,BAROQUE BUTTERFLY EARRINGS RED,11.29,3,3,1
79070b,ENGLISH ROSE SQUARE CAKE TINS,11.26,1,1,0
84743C,ORANGE FELT VASE + FLOWERS,11.25,9,5,5
35918B,BLUE FLORIBUNDA EGG WARMER,11.25,9,6,6
84366,VENDETTA CANVAS PICTURE,11.25,3,3,2
16151A,FLOWER DES BLUE HANDBAG/ORANG HANDL,11.25,3,2,2
51012L,"FEATHER DUSTER, LIGHT PINK",11.25,9,7,6
23299,"FOOD COVER WITH BEADS , SET 2 SIZES",11.25,3,1,1
17011B,ORIGAMI JASMINE INCENSE+FLOWER ,11.100000000000001,19,2,2
47590a,BLUE HAPPY BIRTHDAY BUNTING,11.02,1,1,0
72785B,S/4 CONTEMPORY RED ROSEBUD CANDLES,10.9,9,3,3
84732D,CUTE RABBIT CEATURE SCREEN ,10.89,15,6,6
16169G,WRAP ROMANTIC DECOUPAGE,10.5,25,1,1
17084G,MOON INCENSE,10.5,50,2,2
16169A,WRAP CHRISTMAS DECOUPAGE,10.5,25,1,1
22959,"WRAPPING PAPER, XMAS VILLAGE",10.5,25,1,1
21857,STAR WARS TOP TRUMPS GAME,10.23,2,2,0
85124b,BLUE JUICY FRUIT PHOTO FRAME,10.23,2,2,0
21858,HIGH SCHOOL MUSICAL 3 TOP TRUMPS ,10.23,2,2,0
22196,HEART MEASURING SPOONS SMALL,10.2,12,1,1
20939,ORANGE CANDLE,10.2,12,1,1
22346,PARTY PIZZA DISH GREEN+WHITE SPOT ,10.2,12,1,1
22343,PARTY PIZZA DISH RED+WHITE SPOT ,10.2,12,1,1
85232d,SET/3 DECOUPAGE STACKING TINS,10.17,1,1,0
90214W,"LETTER ""W"" BLING KEY RING",10.17,19,8,3
84661c,PINK SQUARE TABLE CLOCK,10.12,2,2,0
84661a,WHITE SQUARE TABLE CLOCK,10.02,2,2,0
23086,ZINC STAR T-LIGHT HOLDER ,10.0,8,1,1
23615,SET 10 CARDS PRINTED GRAPHIC 17219,9.96,4,4,0
23619,SET 10 CARDS POINSETTIA 17093,9.96,4,2,0
23650,SET 10 CARDS FILIGREE BAUBLE 16961,9.96,4,4,0
23624,SET 10 CARD PERFECT NATIVITY 17089,9.96,4,4,0
84971s,SMALL HEART FLOWERS HOOK ,9.959999999999999,6,3,0
22829,BROCANTE SHELF WITH HOOKS,9.95,1,1,1
85049b,LUSH GREENS RIBBONS,9.94,4,3,0
85231g,ORANGE SCENTED SET/9 T-LIGHTS,9.78,6,6,0
81953P,ROUND ARTICULATED PINK CLOCK W/SUCK,9.57,33,6,5
23441,HAND PAINTED HANGING EASTER EGG,9.24,22,3,3
72708,SCULPTED ROUND IVORY CANDLE ,9.24,44,5,5
90184c,BLACK CHUNKY BEAD BRACELET W STRAP,9.15,1,1,0
62097A,PINK STRIPES SHOULDER BAG,8.850000000000001,3,3,1
35598C,WHITE CHRISTMAS TREE 60CM,8.850000000000001,3,3,3
20882,MODERN CHRISTMAS TREE CANDLE,8.850000000000001,3,2,1
18098B,BLUE PORCELAIN B'FLY OIL BURNER,8.850000000000001,3,3,3
71496B,A4 WALL TIDY RED FLOWERS,8.67,15,6,6
20739,*USB Office Glitter Lamp,8.65,1,1,0
21406,SPOTTY CAT DOORSTOP ,8.65,1,1,0
90013E,AMBER VINTAGE EARRINGS ,8.57,2,2,0
79323B,BLACK CHERRY LIGHTS,8.500000000000028,-6,109,69
84572,6 HOOK JEWEL STAND LILAC DRESS,8.49,1,1,1
90126B,BLUE BERTIE MOBILE PHONE CHARM,8.48,3,3,0
72803b,OCEAN SCENT CANDLE JEWELLED DRAWER,8.47,1,1,0
84030b,KNITTED POM POM HOT WATER BOTTLE,8.46,1,1,0
84534b,FAIRY CAKE NOTEBOOK A5 SIZE,8.3,5,4,0
23612,SET 10 MINICARDS CUTE SNOWMAN 17071,8.299999999999999,5,2,0
85034b,3 WHITE CHOC MORRIS BOXED CANDLES,8.29,1,1,0
72802c,VANILLA SCENT CANDLE JEWELLED BOX,8.29,1,1,0
47591C,BLUE FAIRY CAKE CHILDRENS APRON,7.8,4,4,4
84029c,BROWN FURRY HOT WATER BOTTLE,7.78,1,1,0
84509c,DOTTY PLACEMATS ,7.78,1,1,0
84997d,PINK 3 PIECE MINI DOTS CUTLERY SET,7.62,1,1,0
44091A,BLUE CRUSOE CHECK LAMPSHADE,7.56,18,6,6
82011E,"BATHROOM SCALES, FAG BREAK",7.5,2,2,2
90025A,BAROQUE BUTTERFLY EARRINGS BLACK,7.5,2,2,2
46037A,PINK CANVAS DES CUSHION COVER ,7.5,6,2,2
82613a,"METAL SIGN,CUPCAKE SINGLE HOOK",7.4799999999999995,3,3,0
23633,SET 10 CARDS WORLD CHILDREN 17067,7.470000000000001,3,3,0
84201B,HAPPY BIRTHDAY CARD STRIPEY TEDDY,7.41,39,8,6
90111,BLUE HIBISCUS  HAIR CLIP,7.35,7,6,6
85230D,VANILLA SCENTED VOTIVE CANDLE,6.959999999999999,24,1,1
85230C,ROSE SCENTED VOTIVE CANDLE,6.959999999999999,24,1,1
84705b,FAIRY CAKES PHOTO FRAME,6.86,2,2,0
48173A,DOOR MAT BLUE FLOCK,6.75,1,1,1
37484,ENGLISH ROSE TEA FOR ONE GIFT BOX,6.75,1,1,1
22843,"BISCUIT TIN, MINT,IVORY, VINTAGE",6.75,1,1,1
85185E,DUCK SOCK PUPPET,6.700000000000002,2,3,3
23604,SET 10 MINI SANTA & SNOWMAN  17087,6.64,4,2,0
20858,SILVER PURSE GOLD PINK BUTTERFLY,6.6,4,1,1
20678,LARGE BLACK DIAMANTE HAIRSLIDE,6.6,4,1,1
85231b,CINAMMON SET OF 9 T-LIGHTS,6.58,4,4,0
84536b,FAIRY CAKES NOTEBOOK A7 SIZE,6.48,8,4,0
47592B,SCOTTIE DOGS CHILDRENS OVERALL,6.300000000000001,3,1,1
20884,MODERN CHRISTMAS TREE CANDLE ,6.300000000000001,3,3,2
79140,ASS WINDPROOF MARIJUANA LIGHTERS,6.3,15,2,2
20673,STRAWBERRIES PRINT BOWL,6.25,5,2,2
37408,ASSORTED DESIGN GEISHA GIRL MUGS,6.25,5,1,1
20942,SET/6 GINGERBREAD TREE T-LIGHTS,6.25,5,5,4
82072,WHITE WOOD SINGLE P/FRAME,6.25,5,3,3
23610,SET 10 CARDS CHRISTMAS ROBIN 17095,6.24,3,3,0
85123b,ZINC HANGING HEART T-LITE HLDR,6.04,1,1,0
79051a,SMOKEY GREY COLOUR D.O.F. GLASS,6.04,1,1,0
72751C,"F.FAIRY S/3 SML CANDLE, ROSE",5.95,1,1,1
72751A,"F.FAIRY S/3 SML CANDLE,LILY/VALLEY",5.95,1,1,1
72751B,"F.FAIRY S/3 SML CANDLE, LAVENDER",5.95,1,1,1
85077,KISSING REINDEER TABLE RUNNER,5.95,1,1,0
37409,ASSORTED DESIGN FLOWER MUGS,5.949999999999999,7,3,3
85184d,S/4 BLUE ROUND DECOUPAGE BOXES,5.91,1,1,0
35821P,"JEWELLED DECORATION,PINK",5.9,2,2,2
35823P,"ACRYLIC BEAD GARLAND,PINK",5.9,2,2,2
18098A,PINK PORCELAIN B'FLY OIL BURNER,5.9,2,2,2
90014B,GOLD M.O.P. ORBIT NECKLACE,5.9,2,2,2
79303A,WHITE ROHMBIC BLOCK TABLE LAMP,5.9,2,1,1
84228,HEN HOUSE WITH CHICK STANDING,5.88,14,3,3
35051B,PINK BEADED CONE CHRISTMAS,5.88,14,2,2
85186B,BUNNY BUNCH OF FLOWERS,5.88,14,2,2
23652,SET 10 CARD CHRISTMAS STAMPS 16963,5.82,2,1,0
23617,SET 10 CARDS SWIRLY XMAS TREE 17104,5.82,2,1,0
23638,SET 10 CARDS ROBIN WATERPUMP  17096,5.82,2,2,0
35537,CANDLE RING W/CLEAR BEADS,5.46,13,3,3
21838,DADDY MOUSE RED GINGHAM BOW TIE,5.45,1,1,1
35751D,PINK CURRENT CANDLE RING,5.32,28,1,1
16215,FUNKY GIRLZ MAGNETIC TO DO LIST ,5.2,8,3,3
21854,EURO FOOTBALL STARS TOP TRUMPS GAME,5.17,1,1,0
21860,DR WHO TOP TRUMPS GAME,5.17,1,1,0
71101A,ANGEL ON KNEES METAL POLE 100CM H,5.1,6,1,1
71434B,"BLACK RND BULLET""KEEP CLEAN"" BIN",5.1,2,2,1
90142B,IVORY PENDANT SHELL NECKLACE,5.09,1,1,0
90142C,ROSE PINK PENDANT SHELL NECKLACE,5.09,1,1,0
84942,KASHMIR FOLKART HEART DISHES,5.07,3,3,3
72740B,LARGE WHITE CHOCOLATE CANDLE,5.06,1,1,0
DCGS0041,HAYNES MINI-COOPER PLAYING CARDS,5.06,1,1,0
84951b,SET OF 4 BLACK LOVEBIRD COASTERS,5.06,1,1,0
20877,MODERN CHRISTMAS BAUBLE CANDLE ,5.04,12,5,3
84596j,MIXED NUTS LIGHT GREEN BOWL,5.02,2,2,0
72801e,4 FESTIVE GREEN DINNER CANDLES,5.02,2,1,0
72801g,S/4 BURGUNDY WINE DINNER CANDLES,5.02,2,2,0
23649,SET 10 CARDS DECK THE HALLS 16960,4.98,2,2,0
47593b,SCOTTIE DOGS BABY BIB,4.9799999999999995,6,1,0
84661b,BLACK SQUARE TABLE CLOCK,4.96,1,1,0
85232C,RUSSIAN FOLKART STACKING TINS,4.95,1,1,1
85049d,BRIGHT BLUES RIBBONS ,4.92,2,2,0
84971l,LARGE HEART FLOWERS HOOK   ,4.92,2,1,0
90214U,"LETTER ""U"" BLING KEY RING",4.7299999999999995,13,2,2
45014,FOLDING SHIRT TIDY,4.65,1,1,1
79151B,"SILICON CUBE 25W, BLUE",4.62,11,2,2
37326,FAIRY DESIGN MUGS,4.609999999999999,2,2,1
35817P,PINK ACRYLIC JEWEL SNOWFLAKE,4.5600000000000005,12,1,1
81950V,FLOWER PURPLE CLOCK WITH SUCKER,4.35,15,3,3
72529w,WHITE ADVENT CANDLE,4.3,1,1,0
79157V,UBO-LIGHT TRIOBASE PURPLE,4.25,5,3,3
21409,SPOTTY COCKEREL DOORSTOP,4.25,1,1,1
72752A,"F.FAIRY,CANDLE IN GLASS,LILY/VALLEY",4.25,1,1,1
79157B,UBO-LIGHT TRIOBASE BLUE,4.25,5,3,3
47594a,CAROUSEL DESIGN WASHBAG,4.21,1,1,0
84255A,PINK GLASS COCKTAIL LAMP,4.2,2,2,2
23391, I LOVE LONDON MINI RUCKSACK,4.15,1,1,1
46776e,WOVEN CANDY CUSHION COVER ,4.13,1,1,0
46776b,WOVEN BERRIES CUSHION COVER ,4.13,1,1,0
37432,MUG PINK AND PURPLE ARABIC DESIGN,3.9000000000000004,6,1,1
72084B,CHOCOLATE ICE CREAM CANDLE,3.9,2,1,1
16010,FOLDING CAMPING SCISSOR W/KNIF & S,3.84,32,4,4
35995,SET/6 BLACK GLITTER REINDEER CANDLE,3.7800000000000002,5,5,4
90004A,JADE GREEN PAIR ENAMEL HAIR SLIDES,3.75,1,1,1
40046C,PINK BUTTERFLY PAPER LAMPSHADE,3.75,3,3,3
37438,FUNKY FLOWER COFFEE POT,3.75,1,1,1
35974,S/6 CHRISTMAS TREE PLACE SETTING,3.75,1,1,1
84731,3 BIRDS CANVAS SCREEN,3.69,3,3,3
35001P,HAND OPEN SHAPE PINK,3.49,1,3,2
35818C,"ACRYLIC JEWEL ICICLE, CLEAR ",3.43,1,1,0
21081,SET/20 POSIES PAPER NAPKINS,3.4,4,4,4
84559d,3D SHEET OF SEA WORLD STICKERS,3.38,2,1,0
23643,SET 10 CARDS CHRISTMAS BAUBLE 16954,3.33,1,1,0
20683,RAIN GIRL CHILDS UMBRELLA,3.25,1,1,1
84985b,SET OF 72 BLACK PAPER DOILIES ,2.98,1,1,0
23602,SET 10 CARDS 3 WISE MEN 17107,2.91,1,1,0
23628,SET 10 CARDS TRIANGLE ICONS  17220,2.91,1,1,0
23609,SET 10 CARDS SNOWY ROBIN 17099,2.91,1,1,0
90183c,BLACK DROP EARRINGS W LONG BEADS,2.9,1,1,0
DCGS0044,HANDZ-OFF CAR FRESHENER,2.57,1,1,0
35999,S/6 SCANDINAVIAN HEART T-LIGHT,2.55,1,1,1
85171,S/2 HYACINTH BULB CANDLES,2.55,1,1,1
20881,MODERN CHRISTMAS TREE CANDLE,2.55,3,2,1
21493,VINTAGE DESIGN GIFT TAGS,2.55,3,2,2
81953B,ROUND ARTICULATED BLUE CLOCK W/SUCK,2.55,3,3,3
47556,SET/2 SPOTTY + ROSE TEA TOWELS ,2.55,1,1,1
21036,SET/2 TEA TOWELS MODERN VINTAGE,2.55,1,1,1
90091,CRYSTAL DRAGONFLY PHONE CHARM,2.55,3,2,2
47554,S/3 COLOURS FLOCK TEA TOWELS,2.55,1,1,1
17028J,INCENSE BAZAAR PEACH,2.52,6,1,1
21008,ETCHED GLASS HEART TREE DECORATION,2.51,1,1,0
47593a,CAROUSEL DESIGN BABY BIB,2.51,1,1,0
DCGS0062,ROAD-RAGE CAR FRESHENER,2.51,1,1,0
21225,POCKET MIRROR BUTTERFLY ,2.5,2,2,2
90127B,BLUE BEADS+HAND PHONE CHARM,2.5,2,2,2
21290,LARGE SPOTTY CHOCOLATE GIFT BAG,2.5,2,1,0
23630,SET 10 CARDS HANGING BAUBLES 17080,2.49,1,3,1
85049c,ROMANTIC PINKS RIBBONS ,2.46,1,1,0
84596l,BISCUITS SMALL BOWL LIGHT BLUE,2.46,1,1,0
84510b,SET OF 4 FAIRY CAKES COASTERS ,2.15,1,1,0
81953B,ROUND BLUE CLOCK WITH SUCKER,2.09,11,3,2
17061,ASSORTED SHAPED STENCIL FOR HENNA,2.08,52,1,1
85192S,HANGING SPRING FLOWER HEART SMALL,1.9500000000000002,3,2,2
35945,GOLD CHRISTMAS STOCKING DECORATION,1.95,1,1,1
84814A,HEXAGONAL CRYSTAL PERFUME BOTTLE,1.95,1,1,1
46138D,GREEN CHENILLE SHAGGY C/COVER,1.95,1,1,1
84201C,HAPPY BIRTHDAY CARD TEDDY/CAKE,1.9,10,3,3
84206C,CHAMPAGNE TRAY BLANK CARD,1.9,10,4,4
35837,SET OF SIX SILVER+RED FLOCK BAUBLES,1.7,2,1,1
20737,RED MINI TAPE MEASURE ,1.7,1,1,0
30086C,ASSORTED FRUIT STRAWS,1.7,1,1,0
72754D,F FAIRY POTPOURRI CUSHIONS SUMMER,1.69,1,1,1
10109,BENDY COLOUR PENCILS,1.68,4,1,1
85231e,STRAWBERRY SCENTED SET/9 T-LIGHTS,1.66,1,1,0
72796C,S/3 ROSE GARDEN SCENT SQU CANDLE,1.65,1,1,1
85024A,CRYSTAL SMALL JEWELLED PHOTOFRAME,1.65,1,1,1
21585,SWALLOW SMALL TUBE MATCHES,1.65,1,1,1
23664,FLOWER SHOP DESIGN MUG,1.65,1,1,1
35980B,RED TOP SCANDINAVIAN HEART ,1.52,4,2,2
84845A,HOLLYHOCK SQUARE HANDY TIN,1.25,1,1,1
35950,FOLKART HEART CHRISTMAS DECORATIONS,1.25,1,1,1
23370,SET 36 COLOURING PENCILS DOILEY,1.25,1,1,1
TEST002,This is a test product.,1.0,1,1,1
84206B,CAT WITH SUNGLASSES BLANK CARD,0.95,5,1,1
20721,OWLS CHARLOTTE BAG,0.85,1,1,1
51014c,"FEATHER PEN,COAL BLACK",0.83,1,1,0
84206B,CAT W SUNGLASSES BLANK CARD,0.76,4,1,1
23366,SET 12 COLOURING PENCILS DOILEY,0.65,1,1,1
84205C,HAPPY BIRTHDAY GINGER CAT CARD,0.38,2,1,1
35930,PINK HEART CHRISTMAS DECORATION,0.38,1,1,1
22850,BREAD BIN DINER STYLE BLACK,7.105427357601002e-15,0,2,1
DCGS0006,,0.0,-1,1,0
10133,damaged,0.0,-82,1,0
23462,damages,0.0,-34,1,0
20734,,0.0,73,6,0
20735,,0.0,-472,1,0
20736,,0.0,194,2,0
DCGS0053,,0.0,-2,1,0
DCGS0055,,0.0,-1,1,0
DCGS0056,,0.0,-4,1,0
10002,,0.0,177,2,0
21364,,0.0,-39,1,0
16010,,0.0,-7,1,0
DCGS0072,,0.0,-1,1,0
DCGS0073,ebay,0.0,-4,1,0
DCGS0074,,0.0,-1,1,0
84684,,0.0,31,2,0
gift_0001_90,,0.0,12,2,0
84686,,0.0,-10,3,0
84688,,0.0,-13,2,0
84689,,0.0,5,1,0
20888,,0.0,-41,1,0
22854,,0.0,-40,1,0
22855,,0.0,-4,1,0
22856,sold as set on dotcom,0.0,-30,1,0
84690,,0.0,-9,2,0
84691,damages,0.0,-79,1,0
84691,,0.0,85,2,0
84699,,0.0,-2,1,0
84715,,0.0,-46,2,0
84718,,0.0,-95,1,0
22838,,0.0,-5,2,0
20880,,0.0,17,1,0
20881,,0.0,-13,1,0
84746,,0.0,4,4,0
20665,adjustment,0.0,-15,1,0
20665,dotcom,0.0,21,1,0
20665,,0.0,-49,1,0
20666,,0.0,-16,2,0
20668,,0.0,-1040,3,0
20669,,0.0,-65,2,0
20886,,0.0,-55,2,0
20887,,0.0,15,2,0
84775,,0.0,-9,1,0
84789,,0.0,-1,2,0
84791,,0.0,10,3,0
22827,,0.0,-4,2,0
22847,,0.0,-9,2,0
22848,AMAZON,0.0,1,1,0
20670,,0.0,-21,1,0
20671,,0.0,-139,2,0
84748,,0.0,-52,1,0
84754,,0.0,-242,1,0
84757,,0.0,6,2,0
84761,,0.0,-11,1,0
84763,Display,0.0,-150,1,0
84763,,0.0,-5,1,0
84807,display,0.0,-180,1,0
84816,damages,0.0,-21,1,0
84818,damages,0.0,-70,1,0
84823,,0.0,-2,2,0
20893,damages,0.0,-55,1,0
20882,,0.0,-22,1,0
20883,,0.0,-35,1,0
20884,,0.0,5,2,0
20885,BOX OF 3 PEBBLE CANDLES,0.0,0,2,1
20885,,0.0,-19,1,0
84765,,0.0,-27,2,0
84766,,0.0,-37,1,0
84767,,0.0,-11,2,0
84770,,0.0,-34,2,0
84773,,0.0,-13,2,0
84837,,0.0,-39,3,0
84838,,0.0,-5,1,0
84839,damaged,0.0,-26,1,0
84839,,0.0,-15,1,0
84840,,0.0,-46,4,0
22829,,0.0,5,2,0
22830,,0.0,1,2,0
22833,,0.0,0,2,0
22837,?,0.0,-106,1,0
22837,Found,0.0,26,1,0
22837,,0.0,-9,4,0
22812,check,0.0,48,1,0
84340,,0.0,-61,1,0
84344,,0.0,-8,1,0
84347,21494,0.0,-720,1,0
22925,check,0.0,1,1,0
22925,,0.0,-20,1,0
22926,,0.0,-48,1,0
22927,?,0.0,-40,1,0
84367,crushed,0.0,-24,1,0
84371,,0.0,-6,1,0
84375,,0.0,-81,2,0
84388,,0.0,6,1,0
84389,,0.0,-47,1,0
84394,,0.0,-11,1,0
84395,,0.0,-4,1,0
22812,,0.0,59,3,0
22823,test,0.0,0,2,0
84799,,0.0,-346,1,0
84807,damages,0.0,-40,1,0
22797,damages,0.0,-27,2,0
20889,,0.0,-37,1,0
20890,,0.0,-30,1,0
20891,,0.0,-85,1,0
20892,,0.0,-34,3,0
20893,damages/display,0.0,-197,1,0
20895,,0.0,-34,1,0
20896,,0.0,-20,2,0
22804,Wrongly mrked had 85123a in box,0.0,-256,1,0
22810,check,0.0,-25,1,0
22810,,0.0,33,1,0
22812,?,0.0,-270,1,0
84824,,0.0,-4,1,0
84825,,0.0,-2,1,0
84830,,0.0,-3,3,0
22784,Incorrectly entered. should be 2279,0.0,-720,1,0
22784,damages,0.0,-25,1,0
22784,,0.0,-14,1,0
22785,broken zips,0.0,-9,1,0
22786,broken zips,0.0,-10,1,0
84841,,0.0,-54,1,0
84842,,0.0,-11,1,0
84847,,0.0,-14,3,0
84854,,0.0,-65,4,0
84855,MIA,0.0,-108,1,0
84855,,0.0,22,3,0
84865,damaged,0.0,-7,1,0
84865,,0.0,-17,1,0
84866,,0.0,-12,1,0
22795,,0.0,-3,1,0
22796,Not rcvd in 10/11/2010 delivery,0.0,-360,1,0
84917,,0.0,-57,3,0
84918,damages,0.0,-23,1,0
84918,,0.0,9,2,0
84869,damages,0.0,-13,1,0
84871,,0.0,-13,1,0
84879,Dotcom multiples,0.0,-441,1,0
84879,damaged,0.0,-160,1,0
84880,,0.0,-5,1,0
84881,,0.0,-11,1,0
84886,,0.0,4,3,0
84893,,0.0,-17,1,0
84901,,0.0,-20,1,0
22778,check,0.0,-10,1,0
22783,,0.0,2,1,0
20905,,0.0,-12,1,0
22775,,0.0,-40,1,0
22777,,0.0,-35,3,0
22791,,0.0,-70,1,0
22792,damages,0.0,-73,1,0
84902,,0.0,-61,2,0
84904,,0.0,-6,1,0
84905,,0.0,-5,2,0
84906,,0.0,1,3,0
84907,,0.0,-21,2,0
84916,,0.0,-32,1,0
84942,,0.0,-7,1,0
84944,?sold individually?,0.0,486,1,0
84944,found,0.0,37,1,0
84944,michel oops,0.0,22,1,0
84944,,0.0,133,4,0
84919,,0.0,-17,1,0
84920,,0.0,-30,2,0
84921,,0.0,34,5,0
84922,,0.0,31,5,0
84928,,0.0,1,1,0
20899,,0.0,4,2,0
84270,?,0.0,-3000,1,0
84270,Damaged,0.0,-411,1,0
84270,,0.0,7,1,0
84448,,0.0,-11,1,0
84449,,0.0,-12,1,0
84452,,0.0,-45,2,0
20860,,0.0,-25,3,0
20861,,0.0,-14,2,0
84292,,0.0,31,3,0
84306,,0.0,-24,3,0
84311,,0.0,-22,1,0
20900,,0.0,-11,1,0
20902,check,0.0,-3,1,0
20903,,0.0,-33,1,0
20904,,0.0,-27,1,0
20897,,0.0,-38,2,0
20898,check,0.0,-10,1,0
84929,code mix up? 84930,0.0,-967,1,0
84929,found,0.0,600,1,0
84934,missing,0.0,-1782,1,0
84934,,0.0,-160,2,0
84937,Amazon sold as set,0.0,-70,1,0
84937,Dotcom sold as set,0.0,-420,1,0
84937,,0.0,-254,2,0
84938,,0.0,-3,1,0
84940,,0.0,10,1,0
22756,,0.0,0,2,0
22757,,0.0,0,2,0
22758,,0.0,0,2,0
22759,check,0.0,-310,2,0
22759,found,0.0,96,1,0
84945,dotcom,0.0,-48,1,0
84945,,0.0,2,2,0
84947,,0.0,24,1,0
84948,,0.0,-30,1,0
84950,dotcom,0.0,-48,1,0
84962,,0.0,-2,1,0
84969,check,0.0,-50,1,0
84975,,0.0,189,3,0
22765,,0.0,-1,1,0
22769,,0.0,-6,1,0
20913,,0.0,-151,3,0
20914,damages,0.0,-40,1,0
20933,,0.0,-8,2,0
20934,,0.0,-31,3,0
22752,,0.0,0,2,0
20898,,0.0,-24,1,0
84976,,0.0,-66,1,0
84977,,0.0,47,6,0
84978,damages,0.0,-400,1,0
84988,?,0.0,3000,1,0
20657,,0.0,-16,1,0
20658,,0.0,-78,1,0
20659,,0.0,-67,1,0
20660,,0.0,-39,2,0
22755,,0.0,0,2,0
85047,,0.0,-124,3,0
85050,,0.0,19,2,0
85051,,0.0,-2,1,0
85053,,0.0,-45,3,0
22759,,0.0,0,2,0
22764,,0.0,3,1,0
20663,,0.0,-18,1,0
20664,,0.0,9,1,0
84990,?,0.0,-575,1,0
84990,,0.0,68,12,0
85006,,0.0,-54,2,0
85007,,0.0,-13,1,0
85008,,0.0,-16,3,0
20910,,0.0,-13,2,0
20911,,0.0,2,1,0
85065,damaged,0.0,-31,1,0
85065,,0.0,33,4,0
85066,,0.0,-3,1,0
85067,,0.0,-9,2,0
85068,,0.0,-4,1,0
85069,,0.0,-2,1,0
22753,,0.0,0,2,0
22754,,0.0,0,2,0
85016,,0.0,-41,2,0
85030,,0.0,-9,1,0
85037,,0.0,-21,1,0
85041,,0.0,12,1,0
85042,,0.0,-165,2,0
85043,,0.0,1,1,0
85044,,0.0,-63,3,0
85045,,0.0,22,2,0
20943,,0.0,-26,2,0
20944,,0.0,-26,1,0
22740,?,0.0,-1060,1,0
22740,adjustment,0.0,89,1,0
22740,,0.0,-36,1,0
85054,check,0.0,-39,1,0
85054,found,0.0,27,1,0
85056,,0.0,-2,1,0
85057,,0.0,-1,1,0
85060,damaged,0.0,-88,1,0
85060,damaged/dirty,0.0,-408,1,0
85060,,0.0,-4,1,0
85063,damaged,0.0,-16,1,0
85064,,0.0,-101,4,0
84675,,0.0,-97,2,0
84676,,0.0,-7,1,0
84678,,0.0,-33,1,0
84680,damages?,0.0,-46,1,0
84680,,0.0,3,2,0
84721,,0.0,-42,1,0
84723,,0.0,7,1,0
84725,,0.0,-8,1,0
84726,,0.0,-14,1,0
22864,,0.0,-6,1,0
22865,,0.0,-9,2,0
22866,,0.0,-56,5,0
22867,,0.0,-96,2,0
84682,,0.0,-17,2,0
84683,,0.0,-8,2,0
85081,checked,0.0,-38,1,0
85083,,0.0,7,1,0
85084,Damages,0.0,-15,1,0
85084,,0.0,-30,3,0
85087,,0.0,-16,1,0
22734,amazon adjustment,0.0,16,1,0
85070,for show,0.0,-1,1,0
85070,,0.0,3,1,0
85073,,0.0,-599,1,0
85074,,0.0,-120,1,0
85077,,0.0,-2,1,0
20942,,0.0,-8,1,0
20940,,0.0,-44,2,0
20941,,0.0,-4,2,0
85089,,0.0,-23,1,0
85090,,0.0,-108,1,0
85092,,0.0,-9,1,0
85096,label mix up,0.0,-59,1,0
85096,,0.0,48,1,0
85103,stock creditted wrongly,0.0,-32,1,0
20906,,0.0,-107,2,0
85078,missing,0.0,-3140,2,0
85078,,0.0,2300,1,0
85079,,0.0,-12,1,0
85080,checked,0.0,-61,1,0
85080,,0.0,6,2,0
22719,sold as 22467,0.0,-25,1,0
22719,wrong barcode (22467),0.0,-178,1,0
22719,wrong code,0.0,-110,1,0
22719,,0.0,1782,5,0
22720,,0.0,-50,4,0
22722,,0.0,-20,2,0
22726,,0.0,-4,2,0
22729,,0.0,7,1,0
22734,amazon sales,0.0,20,1,0
22734,amendment,0.0,20,1,0
22734,,0.0,211,5,0
20935,,0.0,-37,1,0
20937,,0.0,-170,1,0
20938,,0.0,-109,1,0
20939,,0.0,-17,1,0
85113,,0.0,-56,3,0
85117,,0.0,-73,2,0
85118,,0.0,-41,2,0
85119,,0.0,-52,3,0
85120,,0.0,-24,1,0
85125,check,0.0,-64,1,0
85125,,0.0,3,1,0
22692,,0.0,11,2,0
85104,????damages????,0.0,-355,1,0
85105,,0.0,-3,1,0
85106,,0.0,-542,3,0
85107,check?,0.0,374,1,0
85107,,0.0,65,1,0
85109,,0.0,-166,2,0
85110,,0.0,-34,2,0
85111,check,0.0,-117,1,0
85142,?????,0.0,-98,1,0
85144,,0.0,-38,1,0
85145,,0.0,9,1,0
85146,,0.0,8,1,0
85147,,0.0,-12,1,0
85148,,0.0,-4,1,0
85150,?,0.0,-160,1,0
22734,Carton qnty was 216 not 144 as stat,0.0,-900,1,0
22734,FOUND,0.0,8,1,0
22734,amazon,0.0,80,3,0
22712,,0.0,-20,1,0
84050,check,0.0,14,1,0
84050,counted,0.0,-310,1,0
84081,,0.0,0,2,0
84192,,0.0,-130,1,0
84347,,0.0,93,4,0
84352,Damages/samples,0.0,-52,1,0
84356,damaged,0.0,-14,1,0
84219,,0.0,9,3,0
84224,,0.0,-69,1,0
84226,,0.0,-34,1,0
84227,,0.0,112,4,0
84228,crushed,0.0,-4,1,0
22719,22467,0.0,-2,1,0
85112,damaged,0.0,-38,1,0
85112,,0.0,-338,1,0
20954,,0.0,-4,2,0
20955,,0.0,-6,1,0
20956,?,0.0,-723,1,0
20956,check,0.0,-152,1,0
20956,,0.0,288,1,0
22688,,0.0,-25,3,0
22689,?,0.0,-36,1,0
22696,,0.0,6,1,0
22698,,0.0,-111,2,0
22700,smashed,0.0,-48,1,0
85126,,0.0,-40,3,0
85127,found,0.0,6,1,0
85127,,0.0,-6,1,0
85128,,0.0,-11,1,0
85141,,0.0,-4,2,0
85161,damaged,0.0,-7,1,0
85161,samples/damages,0.0,-20,1,0
85165,damages,0.0,-1,1,0
85165,,0.0,-6,1,0
85171,,0.0,-2,1,0
85172,?sold as sets?,0.0,-600,1,0
20620,,0.0,-46,2,0
20621,,0.0,164,2,0
20652,check,0.0,-37,1,0
20652,,0.0,-40,1,0
20952,,0.0,357,3,0
20953,,0.0,-7,1,0
85175,,0.0,20,1,0
22687,adjustment,0.0,1,1,0
22687,amazon adjustment,0.0,2,1,0
22687,had been put aside,0.0,20,1,0
22687,,0.0,-19,3,0
20946,,0.0,-9,1,0
20950,,0.0,-15,2,0
20951,,0.0,-352,1,0
22689,had been put aside,0.0,40,1,0
22689,,0.0,13,6,0
22690,,0.0,7,2,0
20653,,0.0,-14,1,0
85150,,0.0,-112,3,0
85151,,0.0,12,1,0
85152,,0.0,-319,3,0
20960,,0.0,-118,4,0
20964,,0.0,2,1,0
20965,,0.0,-27,1,0
20966,,0.0,-193,4,0
20967,Amazon Adjustment,0.0,1,1,0
20967,,0.0,-77,1,0
22659,LUNCHBOX I LOVE LONDON,0.0,0,2,1
85172,Dotcom set,0.0,-675,1,0
85172,check,0.0,-145,1,0
85172,wrongly sold as sets,0.0,-600,1,0
85175,? sold as sets?,0.0,-1200,1,0
85175,Amazon sold sets,0.0,-210,1,0
85175,check,0.0,-42,1,0
85175,dotcom sold sets,0.0,-345,1,0
85175,wrongly sold sets,0.0,-975,1,0
85215,Damaged,0.0,-29,1,0
85215,sold as set/6 on dotcom,0.0,-490,1,0
85215,,0.0,120,1,0
85216,DOTCOM SETS,0.0,-569,1,0
85216,,0.0,80,1,0
85217,Dotcom multiple,0.0,-170,1,0
85217,,0.0,-55,2,0
85218,No Stock,0.0,-451,1,0
85189,,0.0,-82,4,0
85190,,0.0,-163,1,0
85195,,0.0,-24,3,0
85196,,0.0,-317,2,0
85197,,0.0,-42,4,0
85198,,0.0,-211,2,0
85200,,0.0,-46,3,0
22655,damages/showroom etc,0.0,-11,1,0
22655,,0.0,17,4,0
22656,,0.0,3,5,0
22657,,0.0,65,2,0
20957,,0.0,45,1,0
20958,,0.0,-101,2,0
20959,,0.0,5,1,0
22665,,0.0,-24,1,0
22667,damaged,0.0,-30,1,0
85204,lost??,0.0,-1131,1,0
82609,,0.0,-9,1,0
82615,,0.0,-27,2,0
84007,,0.0,-96,2,0
84010,,0.0,-38,1,0
20857,,0.0,-48,2,0
20858,,0.0,-28,1,0
20859,,0.0,15,1,0
22939,,0.0,0,2,0
22943,check,0.0,-33,2,0
22943,,0.0,24,1,0
84016,Ebay sales by the box.,0.0,-7100,1,0
84016,ebay sales,0.0,-13500,3,0
84016,invoice 506647,0.0,-299,1,0
85208,check,0.0,-22,1,0
85211,,0.0,-41,4,0
85213,,0.0,90,3,0
85214,,0.0,-30,4,0
85219,,0.0,-118,1,0
85220,,0.0,-276,1,0
85221,?,0.0,-1120,1,0
85221,,0.0,-31,1,0
22643,,0.0,0,2,0
22652,check,0.0,-111,1,0
20973,,0.0,17,4,0
20975,,0.0,-204,4,0
20976,,0.0,-12,3,0
20977,,0.0,-204,2,0
22638,,0.0,0,2,0
22639,,0.0,0,2,0
22640,,0.0,6,3,0
22641,,0.0,0,2,0
85222,,0.0,-1157,2,0
85223,,0.0,-129,1,0
85224,?,0.0,-500,1,0
22944,sold as set on dotcom,0.0,-42,1,0
22945,sold as set on dotcom,0.0,-618,1,0
22946,check,0.0,-21,1,0
22947,,0.0,5,1,0
84195,,0.0,-201,1,0
84199,,0.0,960,2,0
84200,,0.0,-21,1,0
84218,,0.0,-2,1,0
22952,,0.0,0,2,0
82597,,0.0,221,3,0
82599,?,0.0,-290,1,0
82599,,0.0,-9,2,0
82600,check,0.0,3,1,0
82600,historic computer difference?....se,0.0,-458,1,0
82605,,0.0,2,2,0
85224,,0.0,4,2,0
90080,,0.0,-11,1,0
90084,,0.0,4,6,0
90085,,0.0,-123,1,0
90087,,0.0,39,1,0
90057,crushed boxes,0.0,-380,1,0
20968,,0.0,-115,2,0
90092,,0.0,-123,1,0
20980,,0.0,-17,2,0
20984,damaged,0.0,-46,1,0
20984,found,0.0,120,1,0
20984,,0.0,58,1,0
22631,CIRCUS PARADE LUNCHBOX ,0.0,0,2,1
22632,,0.0,-79,2,0
22633,,0.0,-53,1,0
22637,damages,0.0,-65,1,0
22642,,0.0,0,2,0
82582,,0.0,2,1,0
82583,?,0.0,-846,2,0
82583,FBA,0.0,160,1,0
20672,,0.0,-77,3,0
20862,,0.0,11,2,0
20863,,0.0,-56,3,0
20864,,0.0,-17,2,0
20865,,0.0,-25,1,0
20679,,0.0,-120,1,0
82583,amazon,0.0,64,2,0
82583,,0.0,2,4,0
82585,,0.0,-98,3,0
82587,,0.0,-78,2,0
82595,,0.0,-11,1,0
82597,?,0.0,-410,1,0
90100,,0.0,-29,2,0
90102,,0.0,-57,1,0
90104,,0.0,21,3,0
90107,,0.0,-48,1,0
90108,,0.0,-45,1,0
90109,,0.0,-21,1,0
90088,,0.0,-23,1,0
90090,,0.0,39,1,0
90091,,0.0,4,4,0
20991,,0.0,-134,1,0
20993,,0.0,-114,1,0
20994,,0.0,-26,1,0
20995,,0.0,3,1,0
22618,"mouldy, unsaleable.",0.0,-1681,1,0
22621,?,0.0,-190,1,0
22621,,0.0,176,4,0
90094,,0.0,96,1,0
90095,,0.0,-30,2,0
90096,,0.0,-202,2,0
90097,,0.0,-1,1,0
90099,,0.0,-19,1,0
90139,,0.0,-5,2,0
22607,donated to the Food Chain charity.,0.0,-1,1,0
22607,,0.0,20,3,0
22612,,0.0,-3,1,0
22617,"mouldy, thrown away.",0.0,-2600,1,0
20987,,0.0,-120,2,0
90110,,0.0,-61,1,0
90111,,0.0,-27,3,0
22959,,0.0,-38,3,0
22960,mailout addition,0.0,100,1,0
22960,,0.0,-100,1,0
22961,mailout,0.0,100,1,0
22948,sold as set on dotcom,0.0,-108,1,0
22950,,0.0,-44,10,0
82567,,0.0,-73,1,0
82576,,0.0,-1,1,0
82577,,0.0,-54,1,0
82578,,0.0,-130,1,0
82581,?,0.0,-500,1,0
82582,?,0.0,-1200,1,0
82582,??,0.0,-130,1,0
82582,missings,0.0,-67,1,0
90112,,0.0,-48,3,0
90115,,0.0,-25,1,0
90116,,0.0,-36,2,0
22604,,0.0,0,2,0
22606,check,0.0,9,2,0
22606,,0.0,-48,2,0
22607,damages,0.0,-70,1,0
90167,,0.0,-329,3,0
22625,,0.0,-9,1,0
22627,,0.0,-7,3,0
90117,,0.0,-23,1,0
90191,??,0.0,-60,1,0
90192,,0.0,-14,1,0
21000,,0.0,-41,1,0
21004,,0.0,-74,2,0
21005,,0.0,-9,1,0
21007,damages?,0.0,-121,1,0
21007,,0.0,5,1,0
22587,check,0.0,-41,1,0
20988,,0.0,-26,1,0
20989,,0.0,-45,3,0
20990,,0.0,79,2,0
22591,,0.0,16,2,0
22595,check,0.0,-80,1,0
22596,,0.0,-11,4,0
22601,check,0.0,-20,1,0
10124A,,0.0,76,1,0
10124C,,0.0,-5,1,0
15044B,,0.0,-27,1,0
22577,check,0.0,-300,1,0
22578,lost,0.0,-1050,1,0
90171,,0.0,-51,1,0
90172,,0.0,-20,1,0
20683,,0.0,-43,2,0
20684,,0.0,-45,3,0
20685,,0.0,3,1,0
20673,,0.0,6,1,0
20679,?,0.0,-330,1,0
82551,,0.0,-338,4,0
82552,?,0.0,-364,1,0
82552,,0.0,-2,1,0
82553,,0.0,-165,3,0
22959,check,0.0,-175,1,0
90173,,0.0,-37,2,0
90188,,0.0,-50,1,0
15056P,,0.0,25,1,0
15058A,wet/rusty,0.0,-30,1,0
15058A,,0.0,20,1,0
15058B,,0.0,-61,1,0
15058C,wet/rusty,0.0,-30,1,0
15059A,,0.0,-126,1,0
15060A,,0.0,-8,1,0
15060B,,0.0,-43,2,0
22588,,0.0,-41,1,0
90194,,0.0,-51,1,0
90203,,0.0,-32,2,0
10123C,,0.0,-128,2,0
10123G,,0.0,45,3,0
16156A,,0.0,-12,1,0
21011,,0.0,-20,1,0
21014,check,0.0,-90,1,0
21016,,0.0,-62,3,0
21017,,0.0,-168,2,0
22570,,0.0,15,4,0
22572,??,0.0,-335,1,0
22575,missing?,0.0,-130,1,0
22576,check,0.0,-30,1,0
22579,dotcom,0.0,-40,1,0
22579,,0.0,-3,3,0
22586,check,0.0,-30,1,0
20998,,0.0,-11,1,0
15056BL,,0.0,90,1,0
15056N,wedding co returns?,0.0,-700,1,0
16161M,,0.0,-327,2,0
16161N,,0.0,-23,1,0
16161P,,0.0,-220,2,0
16162L,,0.0,99,3,0
16162M,alan hodge cant mamage this section,0.0,30,1,0
16162M,,0.0,60,2,0
16168M,found,0.0,44,1,0
16168S,missing,0.0,-460,1,0
16020C,,0.0,-40,3,0
16065A,,0.0,-2,1,0
16151A,found,0.0,50,1,0
16151A,,0.0,-57,2,0
16155H,,0.0,-5,1,0
22567,,0.0,-14,1,0
22568,?? missing,0.0,-170,1,0
22568,,0.0,8,1,0
22569,?,0.0,-84,1,0
22570,?,0.0,-74,1,0
21008,,0.0,-19,1,0
21009,,0.0,-129,3,0
16156N,,0.0,-103,2,0
16156S,,0.0,-110,1,0
79413,,0.0,-3,2,0
79532,,0.0,96,1,0
79534,,0.0,1,1,0
22961,,0.0,-99,2,0
22962,Mailout,0.0,100,1,0
22962,,0.0,-100,1,0
82076,,0.0,-26,1,0
82081,,0.0,-4,1,0
82093,,0.0,-1,1,0
82095,,0.0,-5,1,0
82096,,0.0,-1,1,0
20680,,0.0,-26,1,0
20681,MIA,0.0,-154,1,0
20681,,0.0,-1,1,0
16161C,,0.0,-66,3,0
16161E,,0.0,-245,1,0
16169P,,0.0,-86,2,0
16200A,,0.0,-3,1,0
16201A,,0.0,-18,1,0
21021,,0.0,-10,1,0
21022,,0.0,-10,1,0
21023,,0.0,-10,1,0
21024,,0.0,-20,1,0
21027,,0.0,-96,4,0
16168S,,0.0,29,1,0
16169A,,0.0,-23,1,0
16169C,damages,0.0,-200,1,0
16169D,,0.0,-174,2,0
16169E,check,0.0,-313,1,0
16202B,,0.0,-69,3,0
16202C,,0.0,-33,2,0
16202E,,0.0,-34,2,0
16206B,,0.0,96,1,0
16207A,check,0.0,2,1,0
16207A,,0.0,131,3,0
16207B,,0.0,5,3,0
16222B,,0.0,-2,1,0
16243A,,0.0,-26,1,0
21010,,0.0,-58,2,0
16169F,,0.0,-196,1,0
16169G,,0.0,-75,1,0
16169H,,0.0,-64,1,0
16169K,,0.0,-25,1,0
16169N,,0.0,-42,1,0
16248B,,0.0,45,2,0
16249B,,0.0,-12,1,0
22548,adjustment,0.0,4,1,0
22548,,0.0,-70,1,0
21018,checked,0.0,176,1,0
21018,damaged,0.0,-63,1,0
21019,,0.0,-25,1,0
21020,,0.0,-33,1,0
21029,,0.0,2,1,0
22554,,0.0,-66,1,0
22558,non colour fast,0.0,-60,1,0
22558,,0.0,-12,3,0
16201B,,0.0,-12,1,0
16201C,,0.0,-23,1,0
16202A,,0.0,-99,1,0
17011A,,0.0,-61,1,0
17011B,,0.0,-37,2,0
17011C,,0.0,-47,1,0
22533,check,0.0,60,1,0
22533,,0.0,-80,1,0
16244A,,0.0,7,1,0
16244B,,0.0,-9,2,0
16245A,damaged,0.0,-1,1,0
16245A,,0.0,-14,1,0
16245B,,0.0,-2,1,0
16248A,,0.0,-3,1,0
17012B,check,0.0,-70,1,0
17012B,,0.0,-2,1,0
17012C,check,0.0,-22,1,0
17012E,,0.0,-10,1,0
17012F,check,0.0,14,1,0
17013A,,0.0,-45,1,0
17013B,,0.0,-45,1,0
17013C,missing,0.0,-800,1,0
16256B,,0.0,32,1,0
16256C,,0.0,-405,2,0
22963,Mailout,0.0,100,1,0
22963,,0.0,-98,2,0
22966,,0.0,-64,2,0
20849,,0.0,18,3,0
82482,,0.0,-53,1,0
82483,crushed,0.0,-13,1,0
82483,,0.0,6,2,0
82484,,0.0,-6,1,0
20854,,0.0,-82,2,0
79336,,0.0,7,4,0
79337,,0.0,-7,2,0
79338,,0.0,-37,1,0
79341,"Unsaleable, destroyed.",0.0,-905,1,0
79341,,0.0,-135,1,0
16258B,,0.0,-207,1,0
17007B,,0.0,-4,1,0
17010S,,0.0,-146,1,0
22520,,0.0,-101,1,0
22521,,0.0,-99,2,0
22522,check,0.0,-126,1,0
22523,?,0.0,-90,1,0
22524,,0.0,-62,2,0
22525,,0.0,-61,2,0
22528,,0.0,30,7,0
22534,,0.0,-190,1,0
17011D,,0.0,-5,2,0
17011E,,0.0,-39,1,0
17011F,,0.0,-18,1,0
17012A,,0.0,-26,2,0
17027A,MISSING,0.0,-370,1,0
17027A,,0.0,-8,1,0
17084A,,0.0,-32,1,0
17084F,,0.0,-50,1,0
22518,,0.0,-30,1,0
17013C,,0.0,-3,1,0
17013D,,0.0,-29,2,0
17013E,,0.0,-56,1,0
17013F,,0.0,-10,2,0
17014A,,0.0,2,4,0
17014B,,0.0,-48,1,0
17091A,,0.0,84,1,0
17091F,,0.0,-25,1,0
21033,,0.0,-393,5,0
21036,,0.0,-12,1,0
21038,,0.0,-26,2,0
21040,,0.0,-55,3,0
22501,mailout,0.0,100,1,0
17014C,,0.0,-96,1,0
17014D,,0.0,-4,1,0
17014E,,0.0,96,1,0
17014F,,0.0,-32,3,0
17108D,missing?,0.0,-716,1,0
17108D,,0.0,-3,1,0
17109A,,0.0,1,2,0
17109B,found,0.0,72,1,0
17109B,,0.0,-205,1,0
17109C,,0.0,-104,2,0
17109D,Adjustment,0.0,14,1,0
17109D,,0.0,-140,1,0
22519,,0.0,-19,1,0
17084G,,0.0,-95,1,0
79163,damaged,0.0,-1,1,0
79163,sold as set on dotcom,0.0,-24,1,0
79163,,0.0,1859,3,0
79164,damages/credits from ASOS.,0.0,-1512,1,0
82069,,0.0,-5,1,0
82072,,0.0,2,2,0
79320,,0.0,85,2,0
79321,,0.0,-51,11,0
79328,,0.0,-50,1,0
79329,,0.0,-28,2,0
79331,,0.0,30,2,0
79333,,0.0,-1,1,0
17084J,,0.0,-79,1,0
17090D,,0.0,-10,1,0
17091A,found,0.0,84,1,0
17136A,check,0.0,3,1,0
17164B,,0.0,1883,2,0
17164D,,0.0,770,2,0
21051,found,0.0,240,1,0
21051,,0.0,-27,2,0
21052,,0.0,-1,1,0
21053,,0.0,-6,1,0
22497,,0.0,-17,1,0
22501,reverse 21/5/10 adjustment,0.0,-100,1,0
22501,,0.0,144,5,0
22502,Donated to The Food Chain charity,0.0,-1,1,0
22502,mailout,0.0,100,1,0
22502,reverse 21/5/10 adjustment,0.0,-100,1,0
22502,,0.0,79,4,0
18094A,,0.0,-1,1,0
18094C,,0.0,-67,1,0
18096B,,0.0,-3,1,0
18096C,,0.0,-169,2,0
18097A,,0.0,-23,1,0
18097B,,0.0,1,3,0
17129C,wrong invc,0.0,70,1,0
17129C,,0.0,18,2,0
17129D,missing (wrongly coded?),0.0,-2127,1,0
17129D,,0.0,805,4,0
17129F,17129c,0.0,-72,1,0
17129F,,0.0,-120,1,0
35001B,,0.0,13,2,0
35001C,,0.0,-2,1,0
35001G,damages,0.0,-43,1,0
35001G,,0.0,-200,1,0
35001P,,0.0,3,1,0
35001W,broken,0.0,-12,1,0
35001W,damages,0.0,-39,1,0
22499,?,0.0,-106,1,0
22501,Found,0.0,24,1,0
22501,incorrectly put back into stock,0.0,-108,1,0
21033,taig adjust no stock,0.0,-24,1,0
17165B,,0.0,-244,3,0
17165D,,0.0,82,4,0
22480,,0.0,-24,1,0
22481,wet boxes,0.0,-288,1,0
22482,,0.0,-66,1,0
22487,damages,0.0,-16,1,0
22487,,0.0,2,1,0
21041,missing,0.0,-160,1,0
21041,,0.0,-21,1,0
21043,,0.0,-50,2,0
21047,,0.0,-1,1,0
21048,,0.0,-2,1,0
18098A,,0.0,-21,1,0
18098B,,0.0,-3,1,0
18098C,,0.0,-130,2,0
35085E,,0.0,-28,2,0
35096A,,0.0,54,1,0
35096B,,0.0,-66,1,0
35271S,,0.0,-17,3,0
35471A,,0.0,-78,2,0
35471B,,0.0,-23,1,0
35591G,,0.0,-9,1,0
35591T,,0.0,-28,2,0
35001W,,0.0,-36,1,0
35004B,?,0.0,-230,1,0
35004C,,0.0,-210,2,0
35004P,,0.0,-2,3,0
35004S,,0.0,-301,2,0
35598A,,0.0,8,1,0
35598C,found,0.0,3,1,0
35598C,,0.0,1,1,0
21067,,0.0,-34,5,0
22469,missing,0.0,-198,1,0
22469,,0.0,-3,5,0
22470,crushed,0.0,-4,1,0
22470,,0.0,-129,4,0
21051,?,0.0,-240,1,0
79000,wet/smashed/unsellable,0.0,-700,1,0
20855,,0.0,-84,2,0
20856,??,0.0,-140,1,0
20856,,0.0,-42,1,0
20850,,0.0,-3,1,0
20851,,0.0,-29,2,0
20852,Given away,0.0,-8800,1,0
20852,given away,0.0,-10000,4,0
79000,,0.0,461,3,0
79029,,0.0,-204,2,0
79067,,0.0,-150,2,0
79072,,0.0,-44,2,0
79140,gone,0.0,-8,1,0
79140,,0.0,-43,2,0
79142,,0.0,-30,1,0
35051B,,0.0,18,1,0
35603C,checked,0.0,-52,1,0
35604B,,0.0,-17,1,0
35605A,damages,0.0,-117,1,0
35607A,,0.0,-99,2,0
35607B,checked,0.0,-57,1,0
35607B,thrown away,0.0,-9,1,0
35607B,,0.0,-120,1,0
35608A,,0.0,-22,1,0
35608C,,0.0,-21,1,0
35592T,,0.0,4,1,0
35597A,,0.0,-14,1,0
35597D,,0.0,57,3,0
35610C,Thrown away.,0.0,-1121,1,0
35611B,damaged,0.0,-204,1,0
35611B,thrown away,0.0,-27,1,0
35630B,,0.0,-75,1,0
22459,,0.0,29,2,0
22461,,0.0,-68,2,0
22467,22719,0.0,2,1,0
22467,wrong code?,0.0,-100,1,0
22467,wrongly sold (22719) barcode,0.0,170,1,0
22467,,0.0,-1756,6,0
35600A,Found by jackie,0.0,1,1,0
35600D,damages,0.0,-36,1,0
35603B,,0.0,30,3,0
35631B,,0.0,-32,1,0
22915,sold as set on dotcom,0.0,-204,1,0
84454,missing,0.0,-330,1,0
84454,,0.0,-2,1,0
84455,,0.0,-31,1,0
84458,,0.0,-48,2,0
84461,,0.0,50,1,0
84648,,0.0,-1,1,0
84653,,0.0,-12,3,0
84656,,0.0,-2,2,0
22848,check,0.0,2,1,0
22848,,0.0,-16,1,0
22850,,0.0,0,2,0
84666,,0.0,-5,1,0
84670,missing,0.0,-3340,1,0
84670,,0.0,2809,4,0
35632A,,0.0,-34,1,0
35633B,,0.0,137,1,0
35638A,,0.0,-40,1,0
35751A,,0.0,152,1,0
35751C,,0.0,12,1,0
35809A,,0.0,-13,1,0
35809B,,0.0,-60,4,0
72821,,0.0,-4,2,0
75131,,0.0,-48,1,0
75132,,0.0,-3,1,0
79164,,0.0,38,4,0
79165,,0.0,1,1,0
79301,,0.0,-4,1,0
77081,,0.0,175,2,0
78026,,0.0,2,1,0
78027,,0.0,-10,2,0
78033,,0.0,-10,1,0
78056,,0.0,2,1,0
79000,Dotcom,0.0,-588,1,0
79000,damaged,0.0,-1500,1,0
35609A,,0.0,-95,2,0
35610A,thrown away,0.0,-1277,1,0
35610B,thrown away,0.0,-541,1,0
35811A,,0.0,-26,2,0
35813A,,0.0,-12,1,0
35815B,,0.0,-10,1,0
35815P,,0.0,-23,3,0
22451,,0.0,-104,7,0
22452,,0.0,-63,1,0
22453,,0.0,-12,1,0
22454,,0.0,-20,1,0
22456,,0.0,132,2,0
22457,,0.0,-13,1,0
21054,,0.0,-29,2,0
21057,,0.0,-8,1,0
35631A,,0.0,-119,1,0
35817B,,0.0,-1,1,0
35817P,thrown away,0.0,-44,1,0
35818B,adjustment,0.0,-22,1,0
35818B,,0.0,-53,1,0
35818C,,0.0,-1,1,0
35819B,check,0.0,18,1,0
35819B,,0.0,77,2,0
35819P,,0.0,108,1,0
35810A,check,0.0,-78,1,0
35810B,,0.0,8,2,0
35822B,,0.0,21,1,0
35822P,,0.0,-3,1,0
35823P,,0.0,-12,1,0
35824B,,0.0,-8,1,0
35824C,damaged,0.0,-58,1,0
22443,,0.0,-7,1,0
22444,,0.0,533,4,0
22445,,0.0,-62,1,0
72816,,0.0,-37,2,0
72817,check,0.0,-67,1,0
23001,TRAVEL CARD WALLET DOTCOMGIFTSHOP,0.0,200,1,0
22968,water damage,0.0,-50,1,0
22968,,0.0,28,2,0
20839,damages,0.0,-80,1,0
22988,,0.0,-147,4,0
72817,dotcomstock,0.0,4,1,0
72817,,0.0,39,2,0
72818,check,0.0,-26,1,0
72818,,0.0,-50,3,0
22449,can't find,0.0,-125,1,0
22458,Missing,0.0,-65,1,0
22459,?lost,0.0,-232,1,0
35816B,damaged,0.0,-17,1,0
35833G,,0.0,28,1,0
35833P,check,0.0,-24,1,0
35833P,,0.0,25,1,0
35838A,,0.0,77,2,0
35838B,missing,0.0,-137,1,0
35838B,,0.0,67,1,0
35908C,,0.0,-59,1,0
35911A,,0.0,20,1,0
35821B,gone,0.0,-21,1,0
35821P,,0.0,2,1,0
35915C,damaged,0.0,-43,1,0
35915C,,0.0,30,1,0
35916A,,0.0,-21,1,0
21069,,0.0,6,1,0
21071,check,0.0,-82,1,0
21071,,0.0,1,1,0
21076,,0.0,-92,1,0
21077,,0.0,105,2,0
21078,,0.0,-300,2,0
22433,my error - connor,0.0,-4200,1,0
22435,?missing,0.0,-434,1,0
22450,,0.0,-90,1,0
35824P,damages,0.0,-26,1,0
35833G,damages,0.0,-43,1,0
35916B,,0.0,-21,1,0
35916C,,0.0,-32,1,0
35918B,,0.0,-25,3,0
35975A,,0.0,-23,1,0
35975B,,0.0,6,1,0
35976B,,0.0,-85,2,0
35977B,,0.0,7,1,0
35980A,,0.0,9,1,0
35980B,,0.0,-17,1,0
35980C,checked,0.0,170,1,0
35980C,,0.0,229,3,0
35911B,,0.0,-9,1,0
35915A,,0.0,-13,1,0
DCGS0058,,0.0,1,1,0
DCGS0059,,0.0,-8,1,0
DCGS0060,,0.0,-3,1,0
DCGS0062,,0.0,-1,1,0
DCGS0066N,,0.0,2,2,0
DCGS0066P,,0.0,-3,1,0
DCGS0067,ebay,0.0,-11,1,0
DCGS0068,ebay,0.0,-10,1,0
72789,,0.0,54,4,0
72793,,0.0,-15,2,0
75172,,0.0,-35,1,0
77079,,0.0,47,3,0
77081,missing,0.0,-233,1,0
20848,,0.0,-8,1,0
23005,printing smudges/thrown away,0.0,-19200,2,0
72805,,0.0,-3,2,0
72806,,0.0,-9,1,0
72809,,0.0,-2,1,0
72814,,0.0,-70,4,0
72815,,0.0,-37,2,0
DCGS0069,ebay,0.0,-5,1,0
37379A,,0.0,-115,2,0
37379B,,0.0,-67,2,0
37444A,,0.0,-24,4,0
37444B,,0.0,7,4,0
37444C,,0.0,-8,4,0
37445A,,0.0,-1,1,0
37445C,,0.0,-16,1,0
37445D,,0.0,-10,1,0
37452A,,0.0,-25,1,0
37452B,,0.0,-15,1,0
37462B,,0.0,16,2,0
37462E,,0.0,115,1,0
DCGS0057,,0.0,-6,1,0
37477C,,0.0,-11,2,0
37477D,,0.0,-18,2,0
37479B,sold as set by dotcom,0.0,-30,1,0
37479B,tk maxx mix up with pink,0.0,180,1,0
21086,,0.0,-237,2,0
21087,,0.0,-13,2,0
21089,damaged,0.0,-7,1,0
22426,check,0.0,-15,1,0
22427,damages,0.0,-29,1,0
22427,,0.0,-12,1,0
22429,,0.0,-3,4,0
22432,,0.0,4200,1,0
35981C,,0.0,114,2,0
37365Y,,0.0,-148,1,0
37479P,??,0.0,-184,1,0
37479P,damages,0.0,-450,1,0
37479P,sold as set on dotcom,0.0,-30,1,0
37482B,,0.0,-130,1,0
37482P,Damaged,0.0,-93,1,0
37487B,Damaged,0.0,-6,1,0
37487B,,0.0,-9,1,0
37488A,damaged,0.0,-1,1,0
72759,,0.0,524,1,0
23028,,0.0,-49,1,0
23029,damages,0.0,-20,1,0
23003,Printing smudges/thrown away,0.0,-9058,1,0
20833,,0.0,-11,1,0
23035,check,0.0,-64,1,0
23020,smashed,0.0,-4,1,0
72768,,0.0,-6,1,0
72772,,0.0,-67,1,0
72777,,0.0,14,1,0
72778,,0.0,1,1,0
72780,,0.0,-20,1,0
72781,,0.0,-55,2,0
37488A,,0.0,10,1,0
37477B,,0.0,-11,1,0
37489B,,0.0,-14,1,0
37489C,,0.0,-11,1,0
37489D,,0.0,-12,1,0
37490C,,0.0,-5,1,0
37490D,,0.0,-40,1,0
37491A,,0.0,11,1,0
37491B,,0.0,-7,1,0
37491C,,0.0,19,1,0
37491D,,0.0,-4,1,0
37479B,,0.0,296,3,0
37492D,,0.0,-27,1,0
37493B,,0.0,-37,1,0
37493C,,0.0,-36,1,0
37493D,,0.0,-44,1,0
37494A,,0.0,-14,1,0
40018E,,0.0,12,3,0
40018F,,0.0,-52,2,0
40046A,,0.0,20,1,0
40046C,,0.0,6,2,0
37489A,,0.0,2,1,0
44091C,,0.0,66,3,0
22423,"broken, uneven bottom",0.0,-35,1,0
22423,damaged,0.0,-133,3,0
22423,damages,0.0,-40,2,0
22423,faulty,0.0,-13,1,0
22423,smashed,0.0,-63,2,0
22423,wonky bottom/broken,0.0,-35,1,0
22423,,0.0,-30,1,0
21081,,0.0,-5,1,0
21082,found,0.0,3,1,0
21082,,0.0,-56,2,0
21083,,0.0,-7,1,0
21085,,0.0,-19,2,0
37492A,,0.0,-38,1,0
37492C,,0.0,24,2,0
44217M,MULTICOLOUR FEATHERS CURTAIN,0.0,0,5,1
44217M,,0.0,1,1,0
44241C,,0.0,-16,2,0
44242C,,0.0,160,1,0
44266F,,0.0,-2,1,0
45007B,,0.0,-43,1,0
45008C,"dirty, torn, thrown away.",0.0,-15,1,0
45008C,,0.0,-38,1,0
45008L,,0.0,-5,1,0
46000M,Dotcom,0.0,-100,1,0
72708,,0.0,46,1,0
72709,,0.0,2,2,0
20840,damages,0.0,-30,1,0
20844,,0.0,-4,1,0
20845,,0.0,-5,2,0
72724,,0.0,45,1,0
72728,,0.0,341,2,0
72732,thrown away-can't sell,0.0,-2472,1,0
72732,,0.0,2472,1,0
72741,dotcom,0.0,-399,1,0
72748,,0.0,-1,1,0
72756,,0.0,-214,4,0
72759,thrown away-can't sell.,0.0,-524,1,0
22409,,0.0,-20,1,0
44091A,,0.0,19,3,0
22413,,0.0,-40,1,0
22415,,0.0,-31,1,0
46000M,Dotcom sales,0.0,-100,1,0
46000M,,0.0,-169,3,0
46000P,,0.0,5,3,0
17178,,0.0,-4,1,0
17181,,0.0,-36,2,0
18007,,0.0,-2834,1,0
18010,,0.0,-772,2,0
18033,,0.0,-2,1,0
20617,,0.0,-33,1,0
20618,,0.0,-40,1,0
46000R,dotcom sales,0.0,-28,1,0
46000R,entry error,0.0,-100,1,0
46000S,Dotcom,0.0,-300,1,0
46000S,Dotcom sales,0.0,-100,1,0
46000S,dotcom sales,0.0,-90,1,0
46000S,,0.0,-20,1,0
46000U,check,0.0,10,1,0
46000U,dotcom,0.0,-40,1,0
46000U,,0.0,-15,1,0
72129,,0.0,-17,1,0
23032,damages,0.0,-60,1,0
72232,wet cartons,0.0,-1400,1,0
72234,,0.0,-66,1,0
72267,,0.0,72,1,0
72483,,0.0,2,1,0
72484,,0.0,2,2,0
72487,,0.0,-321,2,0
72586,code mix up 72597,0.0,-500,1,0
46037A,,0.0,-5,1,0
22412,,0.0,-37,1,0
46126A,,0.0,-23,1,0
46137D,,0.0,-25,1,0
46775A,,0.0,1,1,0
46775B,,0.0,-17,1,0
46775D,,0.0,-9,3,0
21095,,0.0,195,3,0
21097,,0.0,-31,2,0
21098,damages?,0.0,-231,1,0
21098,had been put aside,0.0,108,1,0
21098,,0.0,-278,4,0
47013A,damaged,0.0,-2,1,0
47013C,,0.0,4,1,0
21102,,0.0,-127,1,0
21104,,0.0,-5,1,0
21109,wet,0.0,-48,1,0
21110,,0.0,-151,1,0
71477,short,0.0,-240,1,0
71477,,0.0,-45,8,0
23064,Crushed,0.0,-8,1,0
72715,,0.0,-32,2,0
72719,,0.0,-10,1,0
23055,rusty thrown away,0.0,-398,1,0
23056,rusty throw away,0.0,-210,1,0
23057,rusty throw away,0.0,-280,1,0
23059,Thrown away-rusty,0.0,-2376,1,0
72008,,0.0,2924,3,0
72127,found box,0.0,24,1,0
72127,,0.0,-53,1,0
21090,WET/MOULDY,0.0,-192,1,0
21091,,0.0,-12,1,0
46115B,,0.0,286,2,0
47284V,,0.0,-11,1,0
47285B,,0.0,-10,1,0
47340A,,0.0,-1,1,0
47340B,,0.0,4,1,0
47341A,,0.0,-7,2,0
47343A,,0.0,-16,1,0
47344B,,0.0,-16,1,0
47347A,,0.0,2,1,0
22359,temp,0.0,100,1,0
22360,"GLASS JAR, ENGLISH CONFECTIONERY",0.0,0,2,1
22360,temp,0.0,100,1,0
22390,,0.0,15,1,0
46775E,,0.0,-13,2,0
22363,temp,0.0,100,1,0
22364,,0.0,100,1,0
21099,,0.0,-66,1,0
21100,Damaged,0.0,-6,1,0
21100,bad quality,0.0,-76,1,0
21100,counted,0.0,-160,1,0
47347B,,0.0,-122,1,0
47503A,check,0.0,121,2,0
47503A,,0.0,2646,2,0
47503E,,0.0,-35,2,0
47503F,,0.0,2572,3,0
47503G,,0.0,-267,1,0
47503H,check,0.0,-24,1,0
21092,phil said so,0.0,-20,1,0
47021G,,0.0,236,2,0
47503K,,0.0,-248,2,0
47504E,,0.0,-316,2,0
47504F,,0.0,-2916,1,0
47504G,,0.0,-3116,3,0
47504J,,0.0,-79,2,0
21113,,0.0,-15,1,0
21116,,0.0,-33,1,0
21118,,0.0,-22,1,0
21119,,0.0,-1,1,0
22361,temp,0.0,100,1,0
22362,,0.0,100,1,0
22355,test,0.0,1,1,0
47504K,,0.0,-224,3,0
47552A,,0.0,-1,1,0
47556B,did  a credit  and did not tick ret,0.0,1300,1,0
47556B,,0.0,-81,2,0
47559B,,0.0,-84,1,0
47563B,,0.0,-10,1,0
47566B,correct previous adjustment,0.0,144,1,0
20692,,0.0,1,1,0
23071,damages,0.0,-65,1,0
23072,damages,0.0,-50,1,0
20826,,0.0,-169,2,0
20827,damages,0.0,-68,1,0
20693,,0.0,-29,2,0
20694,?,0.0,-110,1,0
71279,damages,0.0,-74,1,0
71279,,0.0,20,1,0
71431,,0.0,-60,1,0
71459,dotcom,0.0,-285,1,0
71477,"Wet, rusty-thrown away",0.0,-312,1,0
47566B,incorrectly credited C550456 see 47,0.0,0,2,0
47566B,missing,0.0,-480,1,0
47503H,found,0.0,66,1,0
47503H,,0.0,38,2,0
47566B,,0.0,-140,3,0
47567B,missing,0.0,-198,1,0
47567B,,0.0,150,1,0
47570B,,0.0,-69,2,0
47574A,check,0.0,-61,1,0
47574B,,0.0,-13,1,0
47581A,,0.0,-16,1,0
22347,,0.0,-22,3,0
21120,,0.0,-6,1,0
22353,,0.0,32,2,0
22351,Given away,0.0,-1400,1,0
47581B,,0.0,-6,2,0
47583A,,0.0,-5,1,0
47583B,,0.0,-12,1,0
47587A,12'S SOLD AS 1?,0.0,-1060,1,0
47587A,,0.0,1040,3,0
47590B,check,0.0,-57,1,0
47590B,,0.0,-42,1,0
22339,check,0.0,-60,1,0
48197,,0.0,-7,1,0
51008,wet,0.0,-200,1,0
51008,,0.0,79,5,0
71038,check,0.0,-16,1,0
23065,,0.0,-13,1,0
23066,,0.0,-13,1,0
71143,,0.0,-45,2,0
71265,,0.0,-12,1,0
20686,,0.0,-95,1,0
20688,,0.0,-94,2,0
20689,,0.0,34,2,0
20690,,0.0,-3,1,0
20691,,0.0,20,1,0
20692,?,0.0,-64,1,0
47566B,reverse previous adjustment,0.0,-1300,1,0
47566B,stock credited from royal yacht inc,0.0,-144,1,0
47591B,?,0.0,-207,1,0
47591B,,0.0,2,2,0
47591C,missing,0.0,-300,1,0
47591C,,0.0,46,4,0
47591D,,0.0,-201,1,0
21127,,0.0,-28,1,0
21130,damaged,0.0,-17,1,0
22330,,0.0,123,2,0
22336,damaged,0.0,-71,1,0
22336,,0.0,-114,1,0
22348,,0.0,-18,3,0
22328,,0.0,-43,1,0
21121,,0.0,192,1,0
47592A,,0.0,-28,1,0
47592B,,0.0,7,2,0
47593A,found,0.0,13,1,0
47593A,,0.0,2,1,0
47595B,,0.0,-9,1,0
21134,,0.0,-579,4,0
21135,sold as set on dotcom,0.0,-304,1,0
21135,wet rusty,0.0,-1152,2,0
47591A,,0.0,-6,1,0
47599A,,0.0,-104,2,0
48173A,,0.0,-2,1,0
48173C,MIA,0.0,-9,1,0
48173C,damaged,0.0,13,1,0
48173C,,0.0,-54,1,0
49031B,CHROME EURO HOOK 20cm,0.0,400,1,0
51012C,,0.0,11,2,0
51012L,,0.0,-45,1,0
51020A,adjustment,0.0,41,1,0
51020B,adjust,0.0,-53,1,0
51020B,,0.0,120,1,0
22323,,0.0,-19,2,0
22326,,0.0,-2,2,0
62094B,,0.0,-92,1,0
62095B,,0.0,-30,2,0
62096A,,0.0,-88,1,0
22301,,0.0,-200,1,0
22302,,0.0,-273,5,0
22303,,0.0,-227,2,0
22304,,0.0,-200,1,0
22305,,0.0,-200,1,0
22306,,0.0,-200,1,0
22307,,0.0,-200,1,0
21133,checked,0.0,26,1,0
21133,invcd as 84879?,0.0,-720,1,0
21133,,0.0,266,2,0
21136,sold as set on dotcom,0.0,-272,1,0
21137,,0.0,-25,1,0
62097A,,0.0,3,2,0
62097B,,0.0,-14,2,0
70037L,,0.0,-3,1,0
71028A,,0.0,1,1,0
71028B,,0.0,-109,1,0
71101A,,0.0,-43,1,0
71263G,,0.0,39,1,0
71406B,,0.0,-81,1,0
71409B,,0.0,4,1,0
71434B,,0.0,-13,2,0
62043B,,0.0,6,2,0
72023F,,0.0,-82,2,0
72024HC,,0.0,-3669,1,0
72024U,,0.0,2,2,0
72038B,damaged,0.0,-244,1,0
72038P,damages,0.0,-990,1,0
72045A,,0.0,-1,1,0
22290,,0.0,-24,2,0
22295,,0.0,-12,2,0
20827,,0.0,-45,1,0
20830,damages,0.0,-161,1,0
20832,check,0.0,110,1,0
20832,,0.0,-150,1,0
20825,damages,0.0,-90,1,0
20825,,0.0,-10,2,0
23084,for online retail orders,0.0,1,1,0
23084,temp adjustment,0.0,-484,1,0
23084,website fixed,0.0,110,1,0
23084,,0.0,332,10,0
48188,,0.0,1,1,0
84626,,0.0,-3,1,0
84627,,0.0,28,2,0
84629,,0.0,18,2,0
84681,,0.0,-36,1,0
22857,sold as set on dotcom,0.0,-48,1,0
22862,,0.0,-33,1,0
22863,,0.0,-7,1,0
22864,Found,0.0,384,1,0
84641,damages,0.0,-51,1,0
84642,,0.0,-2,1,0
84396,,0.0,-161,2,0
84422,Dagamed,0.0,-30,1,0
84447,,0.0,-49,2,0
22908,,0.0,0,2,0
22909,,0.0,0,2,0
22910,,0.0,14,4,0
48189,adjustment,0.0,2,1,0
48189,damaged,0.0,-18,1,0
48195,,0.0,7,2,0
22296,,0.0,-20,1,0
22300,,0.0,-200,1,0
62096B,,0.0,-13,3,0
72084B,,0.0,-71,1,0
17021,,0.0,-1000,1,0
17033,Sold as 17003?,0.0,-160,1,0
17033,sold as 17003?,0.0,-2200,1,0
17033,,0.0,12,1,0
17038,,0.0,-1400,1,0
17039,,0.0,-1227,1,0
17061,,0.0,-1198,1,0
17096,,0.0,-48,2,0
17120,,0.0,-1,1,0
17160,,0.0,-34,1,0
72140F,throw away,0.0,-5368,1,0
72225C,?,0.0,-1609,1,0
72225C,,0.0,-226,2,0
72225D,?,0.0,-966,1,0
72225D,,0.0,-12,1,0
21147,found,0.0,72,1,0
21147,,0.0,-5,2,0
21148,,0.0,1,1,0
21153,missing,0.0,-73,1,0
21153,,0.0,-3,1,0
21154,?,0.0,-220,1,0
22281,,0.0,-2,1,0
22285,,0.0,-79,3,0
72045D,,0.0,537,3,0
72051S,,0.0,-98,3,0
72331R,,0.0,-14,1,0
72348B,,0.0,-4,1,0
72529W,,0.0,-83,4,0
72606A,,0.0,-45,2,0
72620A,,0.0,-5,1,0
72655C,,0.0,8,1,0
72671B,,0.0,-7,1,0
72697A,,0.0,-32,1,0
72739B,discoloured,0.0,-70,1,0
72739B,,0.0,-56,3,0
72739C,discoloured,0.0,-64,1,0
72140D,,0.0,-6,1,0
72740B,,0.0,-76,1,0
72750A,damages,0.0,-54,1,0
72750B,,0.0,-44,1,0
22272,Damaged,0.0,-15,1,0
22272,,0.0,-95,2,0
22273,,0.0,-36,1,0
22275,,0.0,-33,2,0
22276,,0.0,-59,1,0
21143,,0.0,-17,3,0
21144,,0.0,-63,1,0
21145,,0.0,583,3,0
21146,,0.0,-48,2,0
21147,?,0.0,-95,1,0
22286,check,0.0,-47,1,0
72226D,,0.0,-106,1,0
72751A,,0.0,-11,1,0
72751B,,0.0,-13,2,0
72751C,,0.0,-21,2,0
72751D,,0.0,-20,1,0
72752A,,0.0,-18,1,0
72752B,,0.0,-21,1,0
72752C,,0.0,-24,1,0
72752D,,0.0,-46,1,0
22268,check,0.0,-10,1,0
72739C,,0.0,-199,2,0
72740A,,0.0,-43,1,0
22271,,0.0,-32,1,0
72753A,,0.0,-2,1,0
72753B,,0.0,-23,1,0
72753C,,0.0,-7,2,0
72753D,,0.0,-15,1,0
72754A,damaged,0.0,-62,1,0
72754B,,0.0,-44,1,0
72754C,,0.0,-9,1,0
72754D,,0.0,-107,2,0
72755A,,0.0,-1,1,0
48116,,0.0,-42,4,0
20695,,0.0,-15,1,0
20698,,0.0,60,1,0
71038,,0.0,167,1,0
20702,,0.0,11,1,0
20703,,0.0,-36,1,0
48169,,0.0,-9,1,0
48172,,0.0,1,1,0
48179,,0.0,-16,1,0
48184,,0.0,7,2,0
48185,?,0.0,-57,1,0
48187,,0.0,-20,1,0
48188,?,0.0,106,1,0
22253,,0.0,-61,1,0
72750C,,0.0,10,2,0
72750D,,0.0,-8,1,0
72755D,missing,0.0,-130,1,0
72755D,,0.0,-22,1,0
72760B,,0.0,-56,2,0
72771B,,0.0,-87,1,0
72771C,,0.0,-4,1,0
72785A,,0.0,7,4,0
72785B,,0.0,1,1,0
72796A,,0.0,-12,5,0
22268,,0.0,-86,1,0
22271,check,0.0,-43,1,0
72796C,,0.0,-4,1,0
72798A,,0.0,-8,1,0
72798B,,0.0,-2,1,0
72798C,,0.0,-12,3,0
72799A,,0.0,16,3,0
72799B,,0.0,-23,1,0
72799D,,0.0,12,1,0
21159,damaged,0.0,-40,1,0
21160,,0.0,-47,2,0
22236,Rusty ,0.0,-851,1,0
22236,Rusty connections,0.0,-76,1,0
22236,,0.0,3,1,0
22242,,0.0,-43,3,0
72755B,,0.0,-23,1,0
72755C,,0.0,-117,2,0
22245,,0.0,-147,2,0
22219,???lost,0.0,-550,1,0
22236,Rust fixed,0.0,850,1,0
21155,?,0.0,-81,1,0
21157,,0.0,-15,1,0
72799F,,0.0,-51,2,0
72800A,,0.0,-147,2,0
72800D,,0.0,-15,2,0
72800F,,0.0,-5,1,0
21166,?,0.0,-124,1,0
21166,,0.0,431,3,0
21169,,0.0,-124,6,0
21170,,0.0,-4,1,0
72796B,,0.0,4,1,0
22218,,0.0,0,2,0
72801C,check,0.0,-10,1,0
72801E,,0.0,-65,2,0
72801F,,0.0,-7,1,0
72801G,,0.0,-3,3,0
72801H,,0.0,-12,1,0
47569,ENGLISH ROSE DESIGN SHOPPING BAG,0.0,0,2,2
47569,,0.0,-7,1,0
47570,,0.0,-121,3,0
47579,,0.0,-14,2,0
23084,Amazon,0.0,1,1,0
23084,add stock to allocate online orders,0.0,2,1,0
23084,allocate stock for dotcom orders ta,0.0,4,1,0
23090,missing,0.0,-338,1,0
23091,check,0.0,2,1,0
23091,,0.0,-15,1,0
47597,,0.0,-22,1,0
47598,,0.0,-47,4,0
48103,,0.0,2,1,0
22243,,0.0,-15,1,0
22244,,0.0,-46,2,0
72802A,Wet pallet-thrown away,0.0,-306,1,0
72802B,check,0.0,-290,3,0
72802C,check,0.0,-75,3,0
72802C,damages,0.0,-54,1,0
72802C,,0.0,1,1,0
72803A,?,0.0,117,1,0
72803A,damages,0.0,-160,1,0
72803B,,0.0,73,6,0
72807A,???missing,0.0,-224,1,0
72807A,AMAZON,0.0,1,1,0
72807A,damages,0.0,-56,1,0
22213,,0.0,1,1,0
22217,damages?,0.0,-155,1,0
72807B,damages,0.0,-101,1,0
72807B,wet pallet,0.0,-696,1,0
72807C,???missing,0.0,-428,1,0
72807C,damages,0.0,-149,1,0
72807C,wet pallet,0.0,-408,1,0
22202,,0.0,-114,3,0
21161,,0.0,-168,3,0
21163,,0.0,-70,1,0
21165,check,0.0,-28,1,0
21165,,0.0,-201,2,0
72802A,?,0.0,-50,1,0
72802A,Had been put aside.,0.0,54,1,0
75149N,missing,0.0,-394,1,0
75149N,,0.0,2,2,0
77101A,,0.0,-83,2,0
79003B,,0.0,-6,1,0
79023B,,0.0,-57,1,0
79026B,,0.0,-23,2,0
79030A,smashed,0.0,-350,1,0
22191,,0.0,-12,2,0
22192,,0.0,-13,4,0
22193,,0.0,-4,2,0
22194,,0.0,-11,3,0
72807A,wet pallet,0.0,-504,1,0
72807B,????missing,0.0,-124,1,0
79030A,,0.0,133,3,0
79030D,damages,0.0,-664,1,0
79030D,,0.0,13,1,0
79030G,Water damaged,0.0,-16,1,0
79030G,damages,0.0,-413,1,0
79051A,sold as set on dotcom,0.0,-6,1,0
79053A,,0.0,9,1,0
79053B,,0.0,1,1,0
79053D,,0.0,-11,1,0
79057B,,0.0,-2,1,0
79062D,,0.0,960,1,0
75013B,,0.0,124,3,0
75049L,,0.0,3,2,0
79063D,,0.0,2560,1,0
79064C,,0.0,-1,1,0
79065A,,0.0,2,1,0
79065B,,0.0,-2,1,0
79069A,,0.0,14,1,0
79070B,,0.0,-3,1,0
79071A,,0.0,-43,1,0
79071B,,0.0,-8,2,0
47556,,0.0,7,1,0
47559,,0.0,-7,1,0
47562,,0.0,77,2,0
20699,,0.0,-16,1,0
20700,?,0.0,-121,1,0
20701,,0.0,-30,2,0
23113,Damaged,0.0,-1440,1,0
23114,Damaged,0.0,-1440,1,0
23115,Damaged,0.0,-1440,1,0
47565,,0.0,-16,1,0
47566,?,0.0,-850,2,0
47566,,0.0,31,1,0
47567,,0.0,1,1,0
47568,?,0.0,-300,1,0
47568,,0.0,-2,1,0
79082C,,0.0,-2,1,0
22197,,0.0,-9762,4,0
22198,,0.0,-109,2,0
79161A,,0.0,12,3,0
79172D,,0.0,-11,2,0
21174,found,0.0,71,1,0
21174,,0.0,-75,2,0
21175,,0.0,-718,2,0
21176,,0.0,-6,1,0
21177,,0.0,-24,1,0
21179,damaged,0.0,-14,1,0
21179,,0.0,-60,1,0
22184,,0.0,-13,1,0
22187,,0.0,-48,2,0
22188,,0.0,65,1,0
79063C,,0.0,320,1,0
79302C,,0.0,-1,1,0
79302J,,0.0,-1,1,0
79302M,crushed,0.0,-40,1,0
79302M,,0.0,73,1,0
79303A,,0.0,-4,2,0
79303B,,0.0,-5,1,0
22176,amazon,0.0,1,1,0
22176,check,0.0,-28,1,0
22177,,0.0,-8,1,0
22180,,0.0,-31,4,0
22181,check,0.0,-92,1,0
21171,,0.0,-140,2,0
79303D,,0.0,15,1,0
79308B,,0.0,143,2,0
79309A,,0.0,1,1,0
79315B,,0.0,-3,1,0
79315W,,0.0,-6,1,0
79323B,"Unsaleable, destroyed.",0.0,-1671,1,0
79323B,,0.0,-127,1,0
79323G,"Unsaleable, destroyed.",0.0,-657,1,0
79323G,,0.0,870,2,0
79323GR,"Unsaleable, destroyed.",0.0,-1158,1,0
79323GR,sold as gold,0.0,-954,1,0
79323GR,,0.0,-240,1,0
79323LP,"Unsaleable, destroyed.",0.0,-2618,1,0
22189,,0.0,-158,2,0
79192A,,0.0,-9,1,0
81953P,,0.0,-7,1,0
79323LP,,0.0,-8,1,0
79323P,"Unsaleable, destroyed.",0.0,-2003,1,0
79323P,,0.0,-218,1,0
79323S,"Unsaleable, destroyed.",0.0,-674,1,0
79323S,,0.0,-88,1,0
79323W,"Unsaleable, destroyed.",0.0,-4830,1,0
79323W,,0.0,-136,1,0
79340W,,0.0,3,1,0
79342B,"Unsaleable, destroyed.",0.0,-1128,1,0
79342B,,0.0,-173,1,0
21172,,0.0,-90,2,0
21173,,0.0,-77,2,0
22171,,0.0,94,4,0
22927,Amazon,0.0,1,1,0
22927,damaged,0.0,-5,1,0
84464,,0.0,3,1,0
84465,,0.0,-6,1,0
84466,,0.0,-143,3,0
84467,,0.0,-11,6,0
84469,,0.0,-62,2,0
84619,,0.0,-7,2,0
84620,,0.0,40,1,0
84657,,0.0,-72,1,0
84664,,0.0,-11,2,0
84665,water damaged,0.0,-15,1,0
20866,?,0.0,-230,1,0
20867,?,0.0,-271,1,0
20870,,0.0,-28,2,0
84623,,0.0,-53,2,0
22172,,0.0,-5,1,0
81950B,,0.0,-23,1,0
81950V,,0.0,-1,1,0
81952B,,0.0,11,1,0
47016,,0.0,-23,1,0
47361,,0.0,-19,1,0
47420,?,0.0,-1000,1,0
47589,,0.0,-27,3,0
23117,Damaged,0.0,-1440,1,0
23118,Breakages,0.0,-30,1,0
23118,check,0.0,-6,1,0
23118,dotcom adjust,0.0,10,1,0
47502,,0.0,-50,2,0
47505,Damp and rusty,0.0,-420,1,0
47505,,0.0,-13,4,0
47554,,0.0,-4,1,0
81953B,,0.0,-6,1,0
82613A,,0.0,-32,3,0
82613B,,0.0,-71,1,0
81985A,,0.0,-11,2,0
82011B,,0.0,67,1,0
82011C,,0.0,-27,1,0
82011E,,0.0,1,1,0
21182,,0.0,-18,1,0
21183,,0.0,-2,1,0
21185,,0.0,-17,2,0
21186,,0.0,25,2,0
22169,,0.0,-14,2,0
22170,,0.0,-36,2,0
22171,?,0.0,142,1,0
22171,damaged,0.0,-1,1,0
21181,on cargo order,0.0,192,1,0
21181,,0.0,16,3,0
22173,,0.0,-46,4,0
22174,,0.0,-44,3,0
82039C,,0.0,-4,1,0
82494L,MISSING,0.0,-310,1,0
82494L,cracked,0.0,-39,1,0
82494L,crushed ctn,0.0,-33,1,0
82494L,,0.0,-63,4,0
82545A,,0.0,-4,1,0
82607A,damages,0.0,-42,1,0
82607A,,0.0,1,1,0
82607C,damages,0.0,-67,1,0
82607E,,0.0,-54,5,0
82613A,Amazon,0.0,1,1,0
22162,,0.0,-104,3,0
22163,,0.0,-90,1,0
16239,,0.0,-7,1,0
16240,,0.0,-40,1,0
16254,,0.0,-48,4,0
16255,,0.0,-76,1,0
22164,,0.0,-103,2,0
22165,damaged,0.0,-11,1,0
22167,damaged,0.0,-13,1,0
22168,Damages,0.0,-243,1,0
22168,,0.0,-14,3,0
21181,adjustment,0.0,190,2,0
21181,check,0.0,-54,1,0
21181,dotcom,0.0,20,1,0
21181,missing,0.0,-225,1,0
DCGS0071,,0.0,-2,1,0
16259,,0.0,-3167,1,0
17001,,0.0,684,1,0
17017,,0.0,-2,1,0
84029C,,0.0,-44,1,0
84029D,,0.0,54,3,0
84029E,,0.0,-38,3,0
22149,,0.0,46,1,0
44236,,0.0,-12,2,0
44265,,0.0,-2,2,0
44276,,0.0,-4,1,0
23131,,0.0,-12,1,0
23134,,0.0,108,2,0
23135,?,0.0,101,1,0
23135,,0.0,0,2,0
45013,,0.0,-26,2,0
45016,ebay sales,0.0,-130,1,0
45016,,0.0,-36,1,0
46307,,0.0,57,2,0
47009,,0.0,3,1,0
22152,check,0.0,-179,1,0
22155,,0.0,-70,1,0
22157,,0.0,31,1,0
22158,,0.0,-144,3,0
22148,,0.0,-38,2,0
22149,check,0.0,-12,2,0
84029G,,0.0,250,2,0
84030B,,0.0,6,4,0
84030C,,0.0,5,1,0
84030E,,0.0,-2,1,0
84078A,damages etc,0.0,-16,1,0
84078A,show display,0.0,-6,1,0
84250M,,0.0,-52,2,0
10138,,0.0,-327,3,0
15002,rex use,0.0,-1000,1,0
84247B,,0.0,11,1,0
84247C,,0.0,21,3,0
84247D,,0.0,-3,1,0
84247E,,0.0,288,5,0
21195,,0.0,-31,2,0
22143,,0.0,-53,5,0
22144,,0.0,23,3,0
22145,,0.0,-48,4,0
22146,,0.0,8,5,0
22147,check,0.0,-80,1,0
22142,check,0.0,-56,2,0
22142,,0.0,-20,1,0
22149,damages,0.0,-40,1,0
84247H,,0.0,51,2,0
84247K,,0.0,47,1,0
84247L,,0.0,-103,2,0
84247N,,0.0,116,2,0
84248B,,0.0,-17,1,0
84248E,,0.0,-1,1,0
84248F,,0.0,-12,1,0
84249A,check,0.0,-150,1,0
84249A,damaged,0.0,-25,1,0
84249D,,0.0,964,3,0
84250H,,0.0,-15,1,0
84313C,damaged,0.0,-1,1,0
84313C,,0.0,-6,2,0
84251B,,0.0,-60,1,0
84251C,,0.0,272,2,0
84251F,,0.0,-56,4,0
84251J,,0.0,28,2,0
84255A,,0.0,2,2,0
22139,amazon,0.0,15,1,0
22139,,0.0,5,9,0
22141,,0.0,12,2,0
22138,mouldy,0.0,-2000,1,0
22138,,0.0,17,2,0
21187,,0.0,-97,1,0
21190,,0.0,-32,2,0
21192,check,0.0,-164,1,0
21192,wrongly marked,0.0,48,1,0
21193,,0.0,-21,2,0
84255B,,0.0,-36,2,0
84279B,,0.0,133,4,0
84279P,check,0.0,-104,1,0
84279P,found,0.0,84,1,0
84288B,,0.0,25,3,0
40003,?,0.0,-240,1,0
20816,,0.0,-11,1,0
20818,,0.0,-30,1,0
23116,Damaged,0.0,-1440,1,0
20821,damages,0.0,-194,1,0
20821,,0.0,11,2,0
40003,,0.0,-11,1,0
40016,?,0.0,-752,1,0
40016,damaged stock,0.0,-1100,1,0
40016,,0.0,-108,1,0
44228,,0.0,39,4,0
44230,,0.0,-162,1,0
84292B,,0.0,7,2,0
84313A,,0.0,-18,1,0
84313B,Damaged,0.0,-32,1,0
84427B,,0.0,5,4,0
84327A,,0.0,-1,1,0
84341A,,0.0,-2,1,0
84341B,,0.0,-181,2,0
84387A,,0.0,-3,2,0
84402B,,0.0,28,2,0
84402C,,0.0,-20,1,0
84402D,,0.0,4,1,0
84405A,damaged,0.0,-13,1,0
22130,sold as set on dotcom,0.0,-390,1,0
22130,sold in wrong qnty,0.0,-800,1,0
22136,,0.0,-23,1,0
22138,damages,0.0,-135,1,0
84507B,,0.0,20,1,0
84507C,adjustment,0.0,4,1,0
84406B,?,0.0,-450,1,0
84406B,damaged,0.0,-11,1,0
84406B,incorrectly made-thrown away.,0.0,-64,1,0
84406B,,0.0,-38,1,0
84414B,damaged,0.0,-12,1,0
84415A,,0.0,-11,1,0
84415B,,0.0,-9,2,0
84424A,,0.0,23,4,0
84425A,,0.0,1,3,0
22127,sold in set?,0.0,-690,1,0
22128,sold as set on dotcom,0.0,-24,1,0
84437A,,0.0,46,2,0
84439B,,0.0,-60,1,0
84440B,,0.0,-21,1,0
84444C,,0.0,-29,1,0
84450A,,0.0,-32,2,0
84450B,,0.0,-50,1,0
84459B,,0.0,10,3,0
84460A,,0.0,-3,1,0
84476A,,0.0,-11,1,0
84494B,,0.0,-2,2,0
21217,,0.0,-45,1,0
22084,,0.0,-129,9,0
84508A,check,0.0,-39,1,0
84508A,wet ctn,0.0,-48,1,0
84508B,,0.0,161,2,0
84508C,check,0.0,-21,1,0
22117,check,0.0,184,1,0
22121,?,0.0,-90,1,0
22121,check,0.0,-10,1,0
22121,had been put aside,0.0,32,1,0
22121,,0.0,21,2,0
22122,,0.0,63,2,0
20822,SILVER WINE GOBLET,0.0,0,2,1
20822,,0.0,-14,1,0
20823,,0.0,-102,1,0
20824,,0.0,-74,1,0
23131,?,0.0,-49,1,0
23131,had been put aside,0.0,48,1,0
37503,damaged,0.0,-19,1,0
37503,,0.0,-106,2,0
37504,,0.0,-2,1,0
37506,,0.0,-1,1,0
37508,,0.0,-18,2,0
37509,,0.0,32,5,0
40001,check,0.0,-240,1,0
40002,,0.0,-10,1,0
22125,,0.0,34,3,0
22126,given away,0.0,-10000,2,0
22126,,0.0,-6400,1,0
22127,Dotcom sold in 6's,0.0,-60,1,0
21227,,0.0,-3,1,0
21228,,0.0,-25,2,0
21201,???,0.0,-390,1,0
21203,,0.0,-58,1,0
22113,,0.0,-96,2,0
22114,,0.0,-75,4,0
84509F,,0.0,-24,2,0
22082,,0.0,-27,1,0
21210,,0.0,-177,1,0
21214,Came as green?,0.0,-153,1,0
21214,,0.0,4,2,0
21216,,0.0,-7,3,0
22073,,0.0,-56,1,0
21223,,0.0,-13,1,0
22086,,0.0,-60,2,0
22087,Amazon,0.0,6,1,0
22087,,0.0,-103,9,0
22088,,0.0,-38,2,0
84510B,,0.0,10,5,0
84510F,,0.0,-30,2,0
21225,,0.0,-17,1,0
21226,,0.0,34,1,0
22060,damaged,0.0,-1,1,0
22060,,0.0,-16,1,0
22077,found,0.0,24,1,0
22077,,0.0,-126,1,0
22078,,0.0,-197,2,0
22080,?,0.0,-283,1,0
22080,,0.0,3,3,0
84519D,,0.0,-36,1,0
84520B,,0.0,-61,1,0
84520D,,0.0,-283,2,0
84529A,,0.0,-32,3,0
84529B,,0.0,-2,1,0
84529C,,0.0,-14,1,0
84531A,returned,0.0,2,1,0
84531A,,0.0,-34,1,0
22050,,0.0,-75,2,0
22051,?,0.0,-300,1,0
84531B,returned,0.0,2,1,0
84531B,,0.0,-23,1,0
84532B,,0.0,-14,2,0
84533B,,0.0,-38,1,0
84534B,,0.0,-77,4,0
84535A,,0.0,279,5,0
22054,,0.0,-8,1,0
22056,,0.0,-18,1,0
22057,smashed,0.0,-23,1,0
22058,damaged?,0.0,-191,1,0
22058,,0.0,183,3,0
22044,,0.0,-240,1,0
21231,,0.0,-91,2,0
22062,,0.0,37,3,0
84537B,,0.0,-21,2,0
84555A,,0.0,-20,2,0
84558B,,0.0,2,2,0
84559B,,0.0,-158,1,0
84559D,,0.0,-124,4,0
20711,check,0.0,-220,1,0
20711,lost in space,0.0,-98,1,0
20712,missing,0.0,-239,1,0
20713,Found,0.0,100,1,0
20820,damages,0.0,-143,1,0
20820,,0.0,-3,1,0
20713,missing,0.0,-170,1,0
20713,wrongly coded 23343,0.0,1000,1,0
20713,wrongly coded-23343,0.0,-800,1,0
20713,wrongly marked 23343,0.0,200,1,0
37483,,0.0,140,2,0
37484,,0.0,1,1,0
37485,,0.0,77,2,0
37501,,0.0,315,3,0
37502,,0.0,341,3,0
21241,,0.0,-90,1,0
22049,damaged,0.0,-100,1,0
84596I,,0.0,72,1,0
84596J,,0.0,67,2,0
22052,,0.0,-100,2,0
84562A,,0.0,-2,2,0
84562B,,0.0,-5,1,0
84563A,damaged,0.0,-4,1,0
84563A,,0.0,-10,1,0
84563B,damaged,0.0,-11,1,0
84569A,,0.0,-107,2,0
84569B,,0.0,-37,2,0
84569C,,0.0,-157,2,0
84569D,,0.0,-70,1,0
22042,,0.0,-197,1,0
22043,check,0.0,-40,1,0
22043,dotcom,0.0,-9,1,0
22035,,0.0,-241,4,0
22036,,0.0,-45,1,0
21236,,0.0,-6,1,0
84575A,,0.0,-14,1,0
84575B,,0.0,-18,2,0
84585L,,0.0,-2,1,0
84595B,,0.0,-42,2,0
84595E,,0.0,10,1,0
84596E,,0.0,-148,2,0
84596G,??,0.0,-365,1,0
84596G,,0.0,288,1,0
84613A,thrown away,0.0,-230,1,0
84613C,,0.0,-190,2,0
84596K,,0.0,195,1,0
84596L,,0.0,-21,1,0
84597A,,0.0,-16,1,0
22030,??,0.0,-635,1,0
22033,counted,0.0,-80,1,0
22033,,0.0,-50,1,0
22034,,0.0,-234,4,0
22035,taig adjust,0.0,37,2,0
22025,check,0.0,-30,1,0
22028,,0.0,-90,3,0
22037,found again,0.0,50,1,0
22037,,0.0,-108,1,0
84597B,damages,0.0,-6,1,0
84597B,,0.0,-2,2,0
84597C,,0.0,-18,2,0
84600A,,0.0,-15,1,0
84601A,,0.0,-94,2,0
84611B,thrown away,0.0,-1430,1,0
84611B,,0.0,1287,1,0
23152,,0.0,-23,1,0
23155,sold as set on dotcom,0.0,-84,1,0
23157,check,0.0,212,1,0
20799,damaged,0.0,1,1,0
20799,,0.0,-17,2,0
20800,,0.0,-26,1,0
37471,sold as set on dotcom,0.0,-12,1,0
37471,,0.0,-111,1,0
37474,,0.0,-14,2,0
37476,,0.0,-29,3,0
37481,,0.0,6,1,0
20710,,0.0,-16,1,0
84612B,thrown away,0.0,-162,1,0
84613A,poor quality,0.0,-72,1,0
21982,,0.0,-595,3,0
21984,,0.0,32,4,0
84614A,thrown away,0.0,-390,1,0
84614C,,0.0,-64,2,0
84625B,Damaged,0.0,-47,1,0
84625C,,0.0,-32,1,0
84625D,,0.0,-30,1,0
84659A,check,0.0,19,1,0
22003,,0.0,10,1,0
22016,,0.0,11,2,0
22021,,0.0,-20,1,0
22022,,0.0,-28,1,0
22024,,0.0,-90,2,0
21950,,0.0,-19,2,0
21955,,0.0,-44,1,0
21967,MIA,0.0,-512,1,0
84660A,damaged,0.0,-15,1,0
84660A,,0.0,7,2,0
84660C,,0.0,-20,2,0
84663A,,0.0,22,3,0
21246,damaged,0.0,-2,1,0
21246,,0.0,-92,1,0
21247,,0.0,-37,2,0
21248,,0.0,-18,1,0
21255,,0.0,-83,3,0
21256,,0.0,-84,2,0
21257,?,0.0,-94,1,0
21992,check,0.0,13,1,0
84671A,,0.0,2,1,0
84671B,,0.0,-2,1,0
84672A,,0.0,-2,1,0
84705A,,0.0,-9,2,0
84705B,,0.0,-11,1,0
84705C,,0.0,8,1,0
37438,,0.0,-4,1,0
37441,,0.0,78,3,0
37446,,0.0,-484,6,0
37448,damages,0.0,-80,1,0
20713,Marked as 23343,0.0,400,1,0
20713,found,0.0,100,1,0
37449,,0.0,-21,4,0
37450,missing,0.0,-210,1,0
37450,,0.0,-6,1,0
37451,,0.0,4,2,0
37461,,0.0,62,6,0
37464,,0.0,-226,3,0
37467,,0.0,-26,3,0
37468,,0.0,66,3,0
84705D,,0.0,-6,1,0
84705E,,0.0,-2,1,0
84743C,damages,0.0,-26,1,0
84743C,,0.0,-16,3,0
21967,,0.0,5,2,0
21973,,0.0,-38,2,0
21974,,0.0,-45,1,0
21981,,0.0,-120,3,0
21244,,0.0,-70,3,0
84705F,,0.0,-3,1,0
84706A,,0.0,-5,2,0
84706B,,0.0,-19,1,0
84706C,,0.0,-9,1,0
84706D,,0.0,-5,1,0
84706E,,0.0,-40,1,0
84706F,,0.0,-13,1,0
21929,,0.0,-52,1,0
21935,,0.0,6,1,0
21937,?,0.0,-161,1,0
21257,,0.0,7,1,0
21258,?,0.0,-29,1,0
21937,,0.0,12,1,0
84708B,,0.0,-5,1,0
84709A,Damaged,0.0,-15,1,0
84709A,,0.0,40,1,0
84709B,,0.0,35,2,0
84711A,,0.0,-205,1,0
84712B,,0.0,144,1,0
84741C,,0.0,-107,3,0
84795A,coding mix up,0.0,-27,1,0
84795A,,0.0,65,2,0
84795C,sold as D?,0.0,-10,1,0
84750A,damages,0.0,-85,1,0
84750A,,0.0,-7,2,0
84750B,,0.0,-39,2,0
84750C,,0.0,-3,1,0
84751B,,0.0,-84,2,0
84752B,,0.0,-2,1,0
84753A,,0.0,88,2,0
21927,,0.0,8,1,0
21928,,0.0,5,3,0
21929,?,0.0,-420,1,0
21918,,0.0,-333,2,0
21919,,0.0,-1,1,0
21920,,0.0,-2,1,0
21937,found,0.0,50,1,0
21252,,0.0,-11,2,0
21254,,0.0,-12,1,0
84760L,,0.0,-54,1,0
84760S,,0.0,-28,2,0
84762A,,0.0,-12,4,0
84762B,,0.0,-2,1,0
84762C,,0.0,-13,1,0
84782A,"damages, lost bits etc",0.0,-20,1,0
84782A,,0.0,-11,1,0
84782B,"damages, lost bits etc",0.0,-46,1,0
84782C,,0.0,-27,2,0
21911,,0.0,-25,3,0
21914,,0.0,-57,4,0
21915,John Lewis,0.0,200,1,0
21915,Mixed with blue,0.0,-390,1,0
84795C,,0.0,14,4,0
84795D,missing,0.0,-240,1,0
84795D,,0.0,53,7,0
84795E,,0.0,3,2,0
84796A,,0.0,-35,1,0
84796B,,0.0,-25,3,0
21266,,0.0,-23,1,0
21267,,0.0,-22,1,0
21268,,0.0,46,4,0
21275,,0.0,-2,2,0
21276,,0.0,-8,1,0
21900,?,0.0,1520,1,0
21900,reverse mistake,0.0,-1520,1,0
21923,,0.0,36,3,0
21924,,0.0,29,3,0
84797A,,0.0,-15,1,0
84797B,Donated to The Food Chain charity,0.0,-1,1,0
84797B,,0.0,-28,2,0
84798A,,0.0,-37,1,0
84798B,,0.0,-139,2,0
84798C,,0.0,2,1,0
21909,,0.0,-4,1,0
21910,,0.0,-28,2,0
84810C,,0.0,-3,1,0
84811A,,0.0,1,1,0
84814A,,0.0,-13,2,0
21915,,0.0,28,4,0
21258,,0.0,7,2,0
21259,,0.0,-51,1,0
84800L,wet damaged,0.0,-144,1,0
84800L,,0.0,-29,1,0
84800M,,0.0,-124,1,0
84801A,check,0.0,-102,1,0
84801A,wet damaged,0.0,-48,1,0
84801B,,0.0,-44,1,0
84802A,,0.0,-92,3,0
84802B,,0.0,-125,1,0
84803A,,0.0,-23,2,0
21897,,0.0,38,2,0
21898,,0.0,-17,3,0
21269,,0.0,-8,3,0
21272,?,0.0,-212,1,0
21900,,0.0,-1520,1,0
21902,,0.0,-361,2,0
21904,,0.0,-24,2,0
21907,,0.0,-77,1,0
84803B,,0.0,79,3,0
84804A,wet damaged,0.0,-125,1,0
84804B,,0.0,-96,1,0
20801,,0.0,6,1,0
20803,damages,0.0,-40,1,0
20804,,0.0,31,3,0
23159,,0.0,-99,1,0
20814,,0.0,-15,1,0
23169,smashed,0.0,-235,1,0
23175,,0.0,-42,2,0
37413,,0.0,5568,1,0
37422,,0.0,-247,4,0
37423,,0.0,-137,2,0
37424,,0.0,-141,2,0
84631,,0.0,-32,3,0
84638,,0.0,-18,1,0
22892,check,0.0,-62,1,0
22893,,0.0,-42,1,0
22894,,0.0,0,2,0
84609,damages,0.0,-29,1,0
84615,,0.0,-8,1,0
84616,,0.0,-12,2,0
22922,sold as set on dotcom,0.0,-42,1,0
22923,sold as set on dotcom,0.0,-12,1,0
22924,sold as set on dotcom,0.0,-30,1,0
22925,AMAZON,0.0,1,1,0
22896,,0.0,0,2,0
22897,,0.0,0,2,0
22898,,0.0,0,2,0
22900,,0.0,0,2,0
37432,,0.0,-2,1,0
84805A,wet damaged,0.0,-96,1,0
84805B,wet damaged,0.0,-96,1,0
84809A,,0.0,-126,1,0
84809B,damaged,0.0,-324,1,0
84857C,,0.0,0,2,0
84858A,wet and rotting,0.0,-100,1,0
84858A,,0.0,-5,2,0
84858B,wet & rotting,0.0,-200,1,0
84814B,,0.0,79,1,0
15030,,0.0,150,1,0
84845A,,0.0,-2,1,0
84845B,,0.0,-8,1,0
84845C,,0.0,14,6,0
84845D,,0.0,-5,3,0
84846A,,0.0,-8,1,0
21895,,0.0,-25,2,0
21896,,0.0,-38,1,0
21891,,0.0,-129,2,0
21892,,0.0,-80,1,0
21893,,0.0,-20,3,0
21894,,0.0,-40,1,0
21272,,0.0,18,2,0
21273,,0.0,-2,1,0
21274,,0.0,-15,2,0
21275,?,0.0,-30,1,0
84849C,,0.0,-14,1,0
84849D,,0.0,21,2,0
84856L,,0.0,-27,1,0
84856S,,0.0,2,2,0
84857A,,0.0,-1,3,0
84857B,,0.0,20,2,0
21869,,0.0,-124,3,0
21870,,0.0,-26,1,0
21871,,0.0,-69,2,0
21877,damages,0.0,-190,1,0
84858B,,0.0,186,2,0
84858C,,0.0,36,2,0
84859C,wet?,0.0,-153,1,0
84864A,,0.0,-6,2,0
84867A,,0.0,-29,1,0
84867B,,0.0,-7,1,0
21888,Amazon,0.0,1,1,0
21888,check,0.0,-57,1,0
21890,missing,0.0,-140,1,0
84877B,,0.0,-27,1,0
84877C,,0.0,1,1,0
84877D,?,0.0,-203,1,0
84877D,found,0.0,1,1,0
84868A,,0.0,-13,1,0
84868B,,0.0,-11,2,0
84872A,,0.0,-28,3,0
84873A,,0.0,-2,4,0
84873B,,0.0,-4,1,0
84874A,,0.0,-1,1,0
21868,Amazon,0.0,1,1,0
21868,check,0.0,-28,1,0
21868,,0.0,51,4,0
21280,,0.0,5,1,0
21281,,0.0,-42,2,0
21282,,0.0,-21,2,0
21283,,0.0,-30,2,0
84874B,,0.0,-9,2,0
84875A,,0.0,-45,2,0
84875B,,0.0,-18,1,0
84875D,found,0.0,5,1,0
84875D,,0.0,118,2,0
84876B,found,0.0,66,1,0
84876B,,0.0,-59,1,0
84876C,,0.0,-19,1,0
84876D,damaged,0.0,-2,1,0
84877A,,0.0,-43,2,0
84913A,,0.0,-75,1,0
84914A,,0.0,6,2,0
84924D,eurobargain invc/credit,0.0,372,1,0
84877D,,0.0,-1,1,0
84891B,,0.0,12,2,0
84896C,,0.0,-12,1,0
84897A,,0.0,-5,1,0
84898E,,0.0,-7,1,0
84898F,,0.0,-26,2,0
21862,,0.0,-1,1,0
37348,,0.0,-5,2,0
37350,,0.0,-121,1,0
37351,,0.0,-28,1,0
37352,,0.0,-89,3,0
37448,,0.0,1,1,0
37370,damages/dotcom?,0.0,-590,1,0
37370,sold as set/6 by dotcom,0.0,-786,1,0
37370,,0.0,18,1,0
37399,,0.0,-113,1,0
37408,,0.0,-15,1,0
37409,,0.0,-7,1,0
37410,damages,0.0,-355,1,0
37410,,0.0,-19,2,0
21863,,0.0,-1,1,0
21865,,0.0,-40,1,0
21278,,0.0,-10,3,0
21279,,0.0,14,1,0
21858,dirty,0.0,-1,1,0
21858,,0.0,-15,2,0
21859,,0.0,1,1,0
84899A,,0.0,1,1,0
84899E,,0.0,-26,1,0
84899F,,0.0,-54,2,0
84908A,,0.0,-43,1,0
84908B,,0.0,-53,1,0
84909A,,0.0,-15,3,0
84910A,,0.0,-16,1,0
84912A,,0.0,72,2,0
84912B,damaged,0.0,-14,1,0
84912B,,0.0,-93,1,0
21837,,0.0,-18,4,0
21838,,0.0,-21,1,0
21839,,0.0,-51,2,0
84924D,,0.0,-5,1,0
84924F,,0.0,-14,1,0
21852,,0.0,4,1,0
21853,,0.0,-3,1,0
21854,,0.0,-2,1,0
21855,,0.0,-1,1,0
21857,,0.0,-1,1,0
21829,adjustment,0.0,12,1,0
21829,sold as 1,0.0,-432,1,0
21830,?,0.0,-443,1,0
21830,"MERCHANT CHANDLER CREDIT ERROR, STO",0.0,-576,1,0
84925A,,0.0,-22,3,0
84925C,,0.0,-29,1,0
84925D,incorrect credit,0.0,-372,1,0
84925D,,0.0,-34,4,0
84925E,,0.0,-17,1,0
84925F,?,0.0,-104,1,0
84925F,,0.0,-35,2,0
84926B,,0.0,14,2,0
84926C,,0.0,-45,3,0
21836,,0.0,-16,2,0
84933C,,0.0,4,1,0
84933D,,0.0,-5,2,0
21819,check,0.0,-14,1,0
21820,,0.0,-210,1,0
21841,,0.0,-62,4,0
21842,,0.0,-20,1,0
21843,broken,0.0,-10,1,0
21843,damaged,0.0,-36,2,0
21843,smashed,0.0,-63,1,0
84927A,,0.0,-22,2,0
84927C,,0.0,2,1,0
84927D,,0.0,-1,1,0
84927E,,0.0,-2,1,0
84932A,,0.0,-39,3,0
21827,,0.0,-42,1,0
21829,?missing,0.0,-1897,1,0
84965A,,0.0,-2,1,0
84965B,,0.0,-2,2,0
84966A,Sold as C,0.0,-16,1,0
84966A,,0.0,-17,1,0
21830,OOPS ! adjustment,0.0,-384,1,0
21830,damaged,0.0,192,1,0
21830,sold as 1,0.0,-252,1,0
21830,,0.0,54,2,0
21833,damages,0.0,-110,1,0
21835,,0.0,-1,1,0
84932B,,0.0,-17,2,0
84932C,?,0.0,-33,1,0
84932D,damages,0.0,-16,1,0
84932D,,0.0,0,2,0
84933A,,0.0,-2,1,0
84933B,,0.0,-8,1,0
21815,,0.0,-46,1,0
21817,check,0.0,-8,1,0
21817,,0.0,-80,1,0
21818,check,0.0,-130,1,0
21823,amazon adjust,0.0,10,1,0
21823,check,0.0,-94,1,0
21823,damaged,0.0,-6,1,0
21824,check,0.0,-103,1,0
21825,,0.0,-54,2,0
21826,,0.0,-21,2,0
84952C,,0.0,-19,2,0
84963A,,0.0,-2,1,0
84964A,,0.0,-4,3,0
84964B,,0.0,-3,2,0
21804,check,0.0,80,2,0
21804,dotcom,0.0,4,1,0
21804,,0.0,-74,2,0
21805,,0.0,-1,1,0
84966B,,0.0,-11,1,0
84966C,Sold as A/B,0.0,16,1,0
84966C,,0.0,-5,1,0
84967A,,0.0,-2,1,0
84967B,,0.0,-2,2,0
84967C,,0.0,-7,2,0
21811,check,0.0,-214,2,0
20787,damaged,0.0,-5,2,0
20787,,0.0,-70,2,0
20791,BLUE TILED SET OF 3 DRAWERS,0.0,0,2,1
20791,,0.0,-3,2,0
20812,,0.0,-12,1,0
23187,check,0.0,-62,1,0
37333,,0.0,-87,2,0
37340,sold as set on dotcom,0.0,-18,1,0
37342,,0.0,-65,2,0
37343,damaged,0.0,-2,1,0
37343,,0.0,-50,1,0
37345,,0.0,-68,1,0
21811,,0.0,1,1,0
21814,,0.0,-30,1,0
21815,?,0.0,-300,1,0
21793,check,0.0,-40,1,0
21794,adjustment,0.0,10,1,0
21795,,0.0,6,1,0
21796,,0.0,28,1,0
84968B,"rust,missing sets etc",0.0,-256,1,0
84968B,,0.0,-19,2,0
16131,,0.0,-1,1,0
16132,,0.0,-8,1,0
16192,,0.0,-4,1,0
16195,,0.0,1,1,0
16210,,0.0,-20,1,0
16212,,0.0,-277,3,0
16215,,0.0,-86,1,0
21294,damaged,0.0,-227,1,0
21294,,0.0,92,2,0
21806,,0.0,57,2,0
21807,,0.0,-65,2,0
21808,,0.0,5,1,0
21809,,0.0,-68,3,0
21810,check,0.0,-135,1,0
16235,?,0.0,-9000,1,0
84968D,?,0.0,-266,1,0
84968D,,0.0,480,1,0
84968E,check,0.0,-35,1,0
84968F,check,0.0,-20,1,0
21792,,0.0,-8,1,0
84985A,,0.0,-66,1,0
21779,,0.0,-1,2,0
21780,,0.0,-25,1,0
21781,damages?,0.0,-39,1,0
21801,,0.0,-33,2,0
21803,check,0.0,-38,1,0
21803,,0.0,20,1,0
84970L,,0.0,-32,1,0
84971L,,0.0,-106,3,0
84971S,?,0.0,-504,1,0
84993B,,0.0,-147,2,0
21295,,0.0,-13,1,0
21784,,0.0,-9,6,0
21785,,0.0,-147,2,0
21786,check,0.0,-209,1,0
21787,,0.0,3,1,0
84972L,,0.0,117,3,0
84972M,,0.0,-1,1,0
35999,,0.0,28,1,0
37112,,0.0,-11,1,0
37353,,0.0,-179,1,0
37326,,0.0,-3,2,0
37327,adjustment,0.0,3,1,0
37327,damages,0.0,-131,1,0
37327,sold as set on dotcom,0.0,-95,1,0
37327,,0.0,2,1,0
37330,,0.0,-284,1,0
23200,mailout ,0.0,100,1,0
23202,mailout,0.0,100,1,0
20786,Damages,0.0,-18,1,0
20786,,0.0,3,2,0
84984B,,0.0,71,1,0
84984C,,0.0,-8,1,0
21767,,0.0,1,3,0
21768,,0.0,-8,7,0
21769,showroom,0.0,-5,1,0
21781,,0.0,-2,1,0
21288,,0.0,-22,1,0
21290,,0.0,-17,1,0
84985B,,0.0,-27,1,0
84986A,,0.0,11,1,0
84986B,,0.0,38,2,0
84989A,,0.0,-41,3,0
84989B,,0.0,-103,2,0
21758,,0.0,-9,1,0
21759,,0.0,-7,2,0
21760,damaged,0.0,-1,1,0
21760,used for show display,0.0,-3,1,0
21760,,0.0,-2,1,0
84997A,,0.0,-289,2,0
84997C,?,0.0,-741,1,0
84997D,,0.0,-476,3,0
16047,,0.0,-67,2,0
16049,,0.0,-397,3,0
16050,,0.0,-843,1,0
16051,,0.0,-342,2,0
16052,,0.0,664,2,0
21765,,0.0,2,2,0
85017C,Found,0.0,13,1,0
85017C,adjustment,0.0,1,1,0
85017D,,0.0,-36,1,0
85018A,,0.0,-7,2,0
21770,debenhams,0.0,70,1,0
21770,,0.0,-105,4,0
21772,,0.0,-7,1,0
21776,,0.0,-9,1,0
21777,,0.0,-36,3,0
21778,,0.0,-25,1,0
16053,,0.0,-514,2,0
16119,,0.0,-15,1,0
21752,lost in space,0.0,-53,1,0
21752,,0.0,3,2,0
21753,,0.0,-2,1,0
21756,,0.0,-2,1,0
21761,damaged,0.0,-2,1,0
21761,,0.0,-4,1,0
21763,,0.0,-12,4,0
21764,display stands,0.0,-3,1,0
85014C,,0.0,-297,3,0
85014D,,0.0,-28,2,0
85017A,wrong ctn size,0.0,-626,1,0
85017A,,0.0,-31,4,0
85017B,,0.0,-199,3,0
85017C,?,0.0,-728,1,0
21735,Damages,0.0,-143,1,0
21735,broken glass,0.0,-53,1,0
21735,damages,0.0,-59,1,0
21736,Adjustment,0.0,34,1,0
21736,,0.0,13,4,0
85018B,,0.0,-2,1,0
85018C,,0.0,8,4,0
85019B,check,0.0,15,1,0
85019C,Damaged,0.0,-108,1,0
85023A,,0.0,4,2,0
21743,,0.0,-80,1,0
21744,check,0.0,-21,1,0
21749,MIA,0.0,-235,1,0
21749,,0.0,288,1,0
21307,,0.0,-47,1,0
21308,,0.0,-8,1,0
21728,,0.0,-8,2,0
21729,,0.0,-19,2,0
21730,,0.0,-8,2,0
21757,,0.0,-6,2,0
85023C,,0.0,-7,2,0
15036,,0.0,-1000,2,0
85024B,,0.0,576,1,0
85025A,,0.0,5,1,0
85025C,barcode problem,0.0,-230,1,0
85025C,,0.0,144,1,0
85026B,,0.0,97,1,0
85027L,,0.0,8,1,0
21734,,0.0,-29,2,0
21724,,0.0,-99,1,0
21726,,0.0,-50,1,0
21298,,0.0,-23,3,0
21299,,0.0,-10,2,0
21300,,0.0,-25,2,0
21737,,0.0,-3,1,0
21738,,0.0,87,3,0
21740,,0.0,-8,2,0
85028L,,0.0,12,4,0
85028S,,0.0,28,3,0
85031A,,0.0,-9,1,0
85031B,,0.0,4,1,0
35972,,0.0,-215,2,0
35973,,0.0,-61,1,0
20793,,0.0,-14,2,0
35978,damages,0.0,-70,2,0
35978,,0.0,48,1,0
35979,,0.0,-70,1,0
35983,,0.0,-215,2,0
35990,,0.0,2,1,0
35991,,0.0,44,2,0
35992,,0.0,-30,1,0
35993,,0.0,-115,1,0
35994,,0.0,4,1,0
35995,,0.0,-10,1,0
85031C,,0.0,4,2,0
85032D,damaged,0.0,-1,1,0
85032D,,0.0,171,1,0
21304,,0.0,-7,1,0
85036C,check,0.0,-4,1,0
85036C,damages wax,0.0,-1560,1,0
21731,,0.0,144,1,0
21733,85123a mixed,0.0,-96,1,0
85033G,,0.0,-52,2,0
85033S,,0.0,-23,3,0
85034A,check,0.0,24,1,0
85034A,damaged,0.0,-81,1,0
85035A,CHECK,0.0,-59,1,0
85035B,check,0.0,-36,1,0
21723,,0.0,-40,1,0
21699,,0.0,-152,1,0
21700,check,0.0,26,1,0
21700,sold as set on dotcom and amazon,0.0,-1206,1,0
21700,,0.0,-110,1,0
21301,,0.0,-2,1,0
21303,,0.0,-24,3,0
21717,,0.0,-37,2,0
21719,,0.0,-81,1,0
85035C,check,0.0,-24,1,0
85036A,,0.0,-82,1,0
85036B,check,0.0,-23,1,0
85036B,damages wax,0.0,-1284,1,0
21688,mixed up,0.0,-337,1,0
21689,wrong barcode,0.0,-323,1,0
21690,,0.0,-1,5,0
21691,,0.0,-34,1,0
21692,,0.0,-76,2,0
85040B,,0.0,202,2,0
85049B,Amazon,0.0,1,1,0
85049B,,0.0,-69,3,0
85049C,,0.0,-140,2,0
85049D,?,0.0,-100,1,0
85049D,,0.0,-26,4,0
85049F,,0.0,-130,1,0
85049G,,0.0,-260,2,0
21697,,0.0,-499,1,0
21698,,0.0,0,3,0
21681,,0.0,-9,2,0
21682,?display?,0.0,-156,1,0
21682,,0.0,144,1,0
84564,,0.0,-8,2,0
84567,,0.0,-1,1,0
84571,,0.0,-120,1,0
84572,,0.0,-1,1,0
84576,damaged,0.0,-3,1,0
84621,,0.0,-3,2,0
84622,,0.0,-33,1,0
84582,,0.0,-4,2,0
84584,?,0.0,-50,1,0
84584,,0.0,-3,1,0
84593,,0.0,-5,1,0
84598,check,0.0,-3000,1,0
84599,,0.0,-24,1,0
84608,,0.0,-18,1,0
20871,,0.0,-230,1,0
84630,,0.0,-38,1,0
21683,,0.0,-38,1,0
21684,,0.0,-62,1,0
21701,No Stock,0.0,-82,1,0
21702,No Stock,0.0,-377,1,0
21705,,0.0,-10,1,0
85061W,,0.0,-391,1,0
85085A,,0.0,-30,1,0
85086A,,0.0,-30,3,0
85086B,,0.0,-33,1,0
21316,,0.0,-21,2,0
21318,,0.0,-62,1,0
21670,,0.0,-148,3,0
21671,?,0.0,-144,1,0
21672,,0.0,-80,1,0
21673,,0.0,-14,2,0
21693,mixed up,0.0,-87,1,0
21696,,0.0,-320,1,0
85097B,,0.0,17,1,0
85098A,,0.0,1,1,0
85098B,,0.0,-26,2,0
85099B,missing,0.0,-1400,1,0
16015,,0.0,-559,4,0
16033,,0.0,-2359,3,0
16043,,0.0,-340,2,0
16044,,0.0,-1081,3,0
21665,,0.0,-28,1,0
21667,,0.0,-34,5,0
21668,,0.0,-48,2,0
21669,,0.0,-31,1,0
21309,,0.0,-20,2,0
21311,,0.0,-21,2,0
21685,,0.0,-4,1,0
21686,,0.0,-6,2,0
21687,,0.0,-38,2,0
16045,check,0.0,-900,1,0
16045,,0.0,-3667,1,0
16046,,0.0,21,1,0
85099F,,0.0,-991,2,0
85114C,,0.0,41,3,0
85129D,,0.0,-40,1,0
85130A,,0.0,-113,2,0
21655,,0.0,-61,2,0
21656,samples,0.0,-19,1,0
21657,,0.0,-5,1,0
21658,,0.0,-16,3,0
21674,,0.0,-8,2,0
85121B,,0.0,-6,3,0
85121C,,0.0,-15,1,0
85123A,21733 mixed,0.0,-192,1,0
85123A,?,0.0,4000,1,0
85123A,wrongly marked carton 22804,0.0,-256,1,0
35965,found,0.0,6,1,0
20798,show,0.0,-130,1,0
20798,,0.0,5,1,0
23203,mailout,0.0,100,1,0
35965,found some more on shelf,0.0,-9,1,0
35965,,0.0,38,10,0
35966,,0.0,-69,4,0
35968,Found,0.0,63,1,0
35968,check,0.0,9,1,0
35968,,0.0,-160,1,0
35969,,0.0,-55,2,0
35970,,0.0,-84,7,0
35972,check,0.0,-30,2,0
85124A,damaged,0.0,-26,1,0
85124A,,0.0,2,1,0
85124C,,0.0,-8,1,0
85135A,,0.0,-4,4,0
85135B,Found,0.0,53,1,0
21647,,0.0,-220,1,0
21648,,0.0,-130,1,0
21649,,0.0,-18,1,0
21312,damaged,0.0,-45,1,0
21312,,0.0,1,1,0
21314,?,0.0,1146,1,0
85129A,,0.0,-60,4,0
85129B,,0.0,-20,1,0
85129C,,0.0,-60,2,0
85135C,found,0.0,36,1,0
85135C,,0.0,-25,1,0
85136A,damages,0.0,-77,1,0
85136B,,0.0,-53,3,0
85136C,damages,0.0,-36,1,0
85160A,,0.0,218,2,0
21659,,0.0,-14,2,0
21661,,0.0,-13,4,0
21662,,0.0,-16,2,0
21663,,0.0,-11,2,0
21664,,0.0,-34,2,0
85132A,damaged,0.0,-97,1,0
85132B,,0.0,-132,2,0
85132C,damages,0.0,-109,1,0
21642,check,0.0,-138,1,0
21643,damaged,0.0,-9,1,0
21644,check,0.0,27,1,0
21644,found,0.0,144,1,0
21644,,0.0,-205,2,0
21645,,0.0,-11,2,0
21646,,0.0,-50,1,0
21651,,0.0,-26,3,0
21652,damages,0.0,-58,1,0
21652,,0.0,-3,1,0
21653,?,0.0,-130,1,0
21653,,0.0,-6,1,0
21654,Damaged,0.0,-3,1,0
85135B,check,0.0,3,1,0
85135B,,0.0,-119,4,0
85135C,Damages,0.0,-49,1,0
85167B,DAMAGED,0.0,-1,1,0
85167B,,0.0,-24,1,0
85168A,,0.0,-6,1,0
21620,check,0.0,-20,1,0
21620,mystery! Only ever imported 1800,0.0,-1479,1,0
21620,,0.0,6,1,0
21621,?,0.0,-400,1,0
85160B,,0.0,159,1,0
85162A,?,0.0,-242,1,0
85162B,,0.0,25,1,0
85162C,,0.0,-71,2,0
35974,,0.0,-6,1,0
20777,,0.0,-16,1,0
35955,cant find,0.0,-200,1,0
35956,lost,0.0,-1043,1,0
35957,,0.0,-904,2,0
35958,,0.0,-186,3,0
35960,,0.0,-4,1,0
35962,,0.0,-21,2,0
35963,checked,0.0,-10,1,0
35965,dotcom,0.0,26,1,0
85164B,,0.0,-15,2,0
21639,,0.0,-312,1,0
21641,,0.0,-49,1,0
85179B,,0.0,-83,2,0
85184A,,0.0,1,1,0
21612,,0.0,-46,1,0
21613,,0.0,-47,1,0
21614,,0.0,-23,6,0
21632,,0.0,-33,2,0
21634,,0.0,-169,1,0
21635,,0.0,-7,2,0
21636,check,0.0,-22,1,0
21637,,0.0,-139,1,0
21638,,0.0,-33,1,0
85166A,,0.0,-35,2,0
85166B,,0.0,-14,1,0
85167A,,0.0,-29,2,0
85185B,?,0.0,-259,1,0
85185B,Found in w/hse,0.0,50,1,0
85185B,,0.0,153,2,0
85185C,,0.0,11,2,0
85185D,stock take,0.0,-96,1,0
85185D,,0.0,0,3,0
21621,rcvd be air temp fix for dotcom sit,0.0,100,1,0
21621,re dotcom quick fix.,0.0,-100,1,0
21621,,0.0,-30,1,0
21622,POSSIBLE DAMAGES OR LOST?,0.0,-750,1,0
21622,damages,0.0,-45,1,0
21623,,0.0,37,2,0
21625,?,0.0,-191,1,0
21627,check,0.0,-32,1,0
85170A,,0.0,-114,2,0
21591,check,0.0,-267,1,0
21593,,0.0,-151,1,0
21594,,0.0,-1,1,0
21595,,0.0,1,1,0
21615,check,0.0,-26,1,0
21618,CHECK,0.0,-54,1,0
21618,,0.0,-2,1,0
21619,check,0.0,-94,1,0
85184B,,0.0,-8,1,0
85184D,,0.0,-274,2,0
85207B,,0.0,-7,1,0
85226A,,0.0,-326,2,0
85226B,,0.0,-125,1,0
85226C,,0.0,10,3,0
85230B,,0.0,-168,1,0
85230C,,0.0,24,1,0
85185E,,0.0,-37,1,0
85185F,,0.0,45,3,0
85186B,,0.0,-105,1,0
85188B,,0.0,-70,1,0
85192S,,0.0,-63,1,0
85193S,,0.0,-80,1,0
21323,damges,0.0,-34,1,0
21323,,0.0,19,1,0
21324,,0.0,-11,3,0
21325,,0.0,-2,1,0
21586,,0.0,-51,2,0
21587,,0.0,-5,2,0
21589,,0.0,-37,2,0
21601,,0.0,-2,1,0
21602,,0.0,-11,1,0
21609,,0.0,-8,2,0
21610,,0.0,-31,3,0
21611,,0.0,-42,1,0
85199L,?,0.0,-250,1,0
85205A,,0.0,-19,1,0
85206A,,0.0,-73,2,0
85206B,,0.0,-30,2,0
85232A,,0.0,-59,2,0
85232B,wrong code,0.0,-258,1,0
85232B,,0.0,74,4,0
85232C,,0.0,2,2,0
85232D,mix up with c,0.0,-118,1,0
85232D,,0.0,144,2,0
85230D,,0.0,24,1,0
85230E,Damaged,0.0,-48,1,0
85230E,,0.0,-178,1,0
85230F,,0.0,-222,2,0
85231A,,0.0,-60,1,0
85231D,,0.0,5,1,0
21321,,0.0,-17,3,0
21322,,0.0,-15,2,0
21583,,0.0,-50,1,0
16008,check,0.0,-1510,1,0
21585,,0.0,-42,2,0
21319,adjustment,0.0,3,1,0
21319,,0.0,-37,1,0
21320,broken,0.0,-63,1,0
21320,,0.0,-23,1,0
21590,,0.0,9,1,0
85231E,,0.0,-231,2,0
85231G,amazon,0.0,1,1,0
85231G,check,0.0,-110,1,0
85231K,,0.0,-145,1,0
35936,,0.0,-23,1,0
35937,,0.0,-31,1,0
23209,mailout,0.0,100,1,0
35941,,0.0,-25,1,0
35945,,0.0,1,1,0
35948,,0.0,-17,1,0
35949,,0.0,-67,1,0
POST,,0.0,4950,7,0
35950,,0.0,-101,1,0
35951,,0.0,-102,3,0
35954,check,0.0,24,1,0
35954,counted,0.0,-430,1,0
35954,,0.0,-314,2,0
85231L,,0.0,-264,3,0
SP1002,,0.0,-27,1,0
90002E,,0.0,-34,2,0
90003B,,0.0,-8,1,0
21554,,0.0,-21,2,0
21555,,0.0,232,1,0
21556,,0.0,-27,1,0
21558,,0.0,-162,2,0
90000B,,0.0,-6,1,0
90000C,,0.0,-7,3,0
21582,,0.0,-38,1,0
90005A,,0.0,-161,3,0
90005B,,0.0,-11,1,0
90010A,,0.0,25,1,0
90010B,,0.0,-50,1,0
90011A,,0.0,-10,1,0
90001B,,0.0,-7,1,0
90001C,,0.0,-11,1,0
90002A,,0.0,39,5,0
90002C,,0.0,-24,3,0
90002D,,0.0,9,1,0
90012B,check,0.0,-5,1,0
90013A,,0.0,-5,1,0
21545,,0.0,4,1,0
21547,,0.0,-12,1,0
21548,,0.0,-29,1,0
21549,,0.0,-24,2,0
21560,,0.0,39,2,0
21578,?,0.0,-251,1,0
21578,found,0.0,16,1,0
21578,,0.0,169,2,0
90003C,,0.0,-6,1,0
20778,,0.0,-14,3,0
20783,,0.0,-37,1,0
20784,,0.0,-17,2,0
20785,,0.0,35,2,0
20776,,0.0,0,2,0
35923,check,0.0,-42,1,0
35925,,0.0,-18,1,0
35926,,0.0,-6,1,0
DCGSSBOY,update,0.0,100,1,0
35930,,0.0,-9,1,0
35932,,0.0,4,1,0
35933,,0.0,-26,3,0
35935,,0.0,-10,1,0
90003D,,0.0,-3,1,0
90004A,,0.0,2,1,0
90014B,,0.0,-1,1,0
90014C,,0.0,-8,1,0
21538,,0.0,12,2,0
21539,check,0.0,4,1,0
21539,damages?,0.0,-111,1,0
90011B,,0.0,-32,1,0
90011C,,0.0,4,1,0
90011D,,0.0,-9,1,0
90011E,,0.0,-5,1,0
90012A,stock check,0.0,-18,1,0
90024A,,0.0,-4,1,0
90025A,,0.0,-6,2,0
90025B,,0.0,-42,1,0
21550,,0.0,-8,1,0
21551,,0.0,-9,3,0
21552,,0.0,-12,3,0
21553,,0.0,-13,3,0
90013D,,0.0,-12,1,0
90013E,,0.0,-5,1,0
90014A,check,0.0,-12,1,0
90026D,,0.0,-3,1,0
21330,,0.0,91,2,0
21332,,0.0,-25,1,0
21333,,0.0,-31,1,0
21540,damages,0.0,-28,1,0
21541,,0.0,-125,1,0
21542,missing,0.0,-900,1,0
21542,,0.0,-64,2,0
21543,,0.0,-151,2,0
35654,,0.0,-5,1,0
35763,,0.0,-36,1,0
35793,,0.0,-50,1,0
35940,,0.0,-25,1,0
35794,,0.0,-8,1,0
35832,,0.0,-204,2,0
35837,,0.0,-15,1,0
35839,,0.0,-21,1,0
35840,,0.0,-78,1,0
35900,,0.0,-28,1,0
35914,,0.0,14,3,0
35920,,0.0,-14,2,0
35922,,0.0,-30,1,0
21545,damages,0.0,-30,1,0
90018C,,0.0,-24,1,0
90019C,,0.0,-26,1,0
90027D,,0.0,-9,1,0
90035A,,0.0,-9,1,0
90035B,,0.0,-6,3,0
90035C,,0.0,-24,1,0
90036B,,0.0,8,1,0
90036E,,0.0,-10,1,0
90025C,,0.0,-23,2,0
90025D,,0.0,-15,1,0
35644,,0.0,-7,2,0
35645,,0.0,-46,3,0
35648,check,0.0,-56,2,0
35649,,0.0,-43,1,0
35650,,0.0,-24,1,0
35652,,0.0,-1,1,0
35653,,0.0,33,2,0
90026A,,0.0,-29,1,0
21527,damages,0.0,-30,1,0
21527,,0.0,-160,3,0
21529,damages,0.0,-62,1,0
21529,,0.0,1,1,0
21532,damaged,0.0,-57,1,0
21532,,0.0,1,1,0
21330,?,0.0,-207,1,0
21335,,0.0,-48,3,0
21336,,0.0,-17,1,0
21535,,0.0,-182,2,0
21536,,0.0,-23,1,0
21537,?,0.0,-80,1,0
23268,Lighthouse Trading zero invc incorr,0.0,192,1,0
23268,,0.0,8,3,0
23269,incorrect stock entry.,0.0,-1440,1,0
23270,incorrect stock entry.,0.0,-2880,1,0
35442,,0.0,-4,1,0
35473,,0.0,-3,1,0
35537,,0.0,-31,2,0
35594,,0.0,-42,2,0
35596,,0.0,29,2,0
35643,?,0.0,-223,1,0
35643,,0.0,-60,1,0
90027A,,0.0,-37,1,0
90060B,,0.0,-5,2,0
90037D,,0.0,-131,2,0
90038B,,0.0,-19,1,0
21525,,0.0,-2,1,0
21345,,0.0,-1,1,0
21512,,0.0,-9,1,0
21514,,0.0,-14,1,0
21518,,0.0,-31,1,0
21519,check,0.0,-80,1,0
21523,amendment,0.0,25,1,0
21525,BEWARE OF THE CAT DOORMAT,0.0,0,3,1
90040A,,0.0,-6,1,0
90040B,,0.0,-8,1,0
90040D,,0.0,-16,2,0
90042A,,0.0,-10,1,0
90042B,,0.0,-7,2,0
90042C,,0.0,59,3,0
90081A,,0.0,-8,1,0
90081B,,0.0,60,1,0
21504,,0.0,-180,2,0
21505,,0.0,1,1,0
21510,,0.0,-7,1,0
21511,,0.0,-9,1,0
90060C,,0.0,-4,3,0
90060D,,0.0,70,2,0
20715,LITTLE FLOWER SHOPPER BAG,0.0,0,2,1
20715,,0.0,-455,1,0
20716,,0.0,-78,2,0
20720,,0.0,-1,1,0
DCGSSBOY,,0.0,-90,1,0
20721,,0.0,1,1,0
35232,,0.0,-2,1,0
35233,,0.0,-1,1,0
35240,,0.0,49,3,0
35241,damages?,0.0,-40,1,0
35265,,0.0,-12,1,0
35400,damages,0.0,-189,1,0
35400,,0.0,42,6,0
23268,Incorrect stock entry.,0.0,-1440,1,0
21341,,0.0,-15,2,0
21342,,0.0,-10,1,0
21343,,0.0,-13,2,0
90082D,,0.0,-19,1,0
90120A,,0.0,-12,1,0
90120D,,0.0,-18,1,0
90121A,,0.0,1,1,0
90121B,,0.0,7,2,0
21493,lost?,0.0,-600,1,0
90065A,,0.0,-32,1,0
90065B,,0.0,-25,1,0
90066A,,0.0,-1,1,0
21337,,0.0,-21,1,0
21338,,0.0,0,2,0
21339,,0.0,-5,2,0
23283,,0.0,17,1,0
23284,,0.0,-2,4,0
23702,,0.0,100,1,0
23843,"PAPER CRAFT , LITTLE BIRDIE",0.0,0,2,1
35015,wet damages,0.0,-4354,1,0
35015,,0.0,-9,1,0
35071,,0.0,-200,1,0
35160,,0.0,-588,2,0
20713,wrongly marked. 23343 in box,0.0,-3100,1,0
20713,,0.0,64,5,0
20714,missing,0.0,-450,1,0
20714,,0.0,20,1,0
21340,,0.0,-9,6,0
90082B,,0.0,-8,2,0
90082C,,0.0,4,2,0
21353,,0.0,-135,2,0
21484,,0.0,219,1,0
21486,,0.0,-77,1,0
21487,,0.0,2,1,0
21488,,0.0,-42,2,0
21489,,0.0,-31,4,0
21490,,0.0,-65,5,0
21491,,0.0,-14,2,0
21493,,0.0,-109,4,0
21496,WOODLAND CREATURES  WRAP,0.0,0,2,2
84581,,0.0,-2,1,0
84497,,0.0,37,4,0
84499,,0.0,-53,3,0
84511,,0.0,-14,1,0
84522,,0.0,-30,1,0
84526,,0.0,37,2,0
84539,,0.0,6,1,0
84546,,0.0,-45,1,0
84548,,0.0,-58,3,0
22895,,0.0,0,4,0
20877,,0.0,-34,1,0
20878,,0.0,-56,2,0
20879,,0.0,-29,4,0
22902,dotcom,0.0,-200,1,0
22902,dotcom email,0.0,200,1,0
21496,,0.0,-200,1,0
21498,,0.0,-359,1,0
20773,,0.0,-39,3,0
20774,damaged,0.0,-14,1,0
20774,,0.0,27,4,0
20775,,0.0,-84,4,0
23288,check,0.0,-63,1,0
10120,Zebra invcing error,0.0,-9000,1,0
21499,,0.0,-259,1,0
21502,,0.0,-296,2,0
21503,,0.0,-224,2,0
90128A,,0.0,14,1,0
90128B,,0.0,21,1,0
90128C,,0.0,-27,1,0
90128D,,0.0,-17,1,0
21352,check,0.0,-23,1,0
21482,,0.0,-132,3,0
21347,,0.0,-18,2,0
21348,,0.0,-37,2,0
21349,check,0.0,1,1,0
21349,,0.0,-39,2,0
21350,,0.0,228,3,0
21351,damaged,0.0,-220,1,0
21492,,0.0,4,1,0
23574,,0.0,100,1,0
23306,,0.0,-56,4,0
20756,,0.0,-159,2,0
20757,,0.0,-160,1,0
20758,,0.0,-244,2,0
23579,Sale error,0.0,4,1,0
23579,,0.0,4,2,0
23595,adjustment,0.0,5,1,0
23595,re-adjustment,0.0,-5,1,0
90164B,,0.0,-14,1,0
21447,,0.0,-118,2,0
21448,,0.0,-40,1,0
90162A,,0.0,11,2,0
21478,,0.0,212,6,0
21479,?,0.0,752,1,0
21479,,0.0,-89,4,0
21480,,0.0,-23,1,0
90180A,stock check,0.0,-32,1,0
21437,,0.0,-50,2,0
21438,,0.0,-26,1,0
21440,,0.0,-81,2,0
21463,smashed,0.0,-7,1,0
21472,,0.0,-140,3,0
21474,,0.0,-8,1,0
21475,SWEETHEART CREAM STEEL FOLDIN CHAIR,0.0,0,2,1
21475,,0.0,-1,1,0
21477,,0.0,15,3,0
90164A,,0.0,-15,1,0
90185A,,0.0,-19,1,0
90185B,,0.0,-46,1,0
21421,,0.0,136,2,0
21422,,0.0,-55,1,0
21450,damaged,0.0,-31,1,0
21450,,0.0,1,1,0
21463,damaged,0.0,-64,2,0
20729,,0.0,-411,2,0
20730,,0.0,-260,2,0
20731,,0.0,106,5,0
23343,20713,0.0,-400,1,0
23343,20713 wrongly marked,0.0,-200,1,0
23343,came coded as 20713,0.0,3100,1,0
23343,wrongly coded 20713,0.0,-200,2,0
23348,check,0.0,5,1,0
23348,sold with wrong barcode,0.0,-57,1,0
23348,,0.0,794,5,0
20748,,0.0,-108,2,0
20751,check,0.0,-35,1,0
20759,,0.0,-182,2,0
20760,,0.0,-169,3,0
23322,mouldy,0.0,-40,1,0
90185D,,0.0,-48,1,0
90187A,,0.0,-8,1,0
90190B,,0.0,-118,1,0
21410,,0.0,-8,2,0
21443,,0.0,-5,2,0
21444,,0.0,-10,1,0
21445,,0.0,-90,4,0
21446,,0.0,-50,1,0
90197C,,0.0,-11,1,0
90197D,,0.0,-10,2,0
90199B,,0.0,-6,1,0
21360,Show Samples,0.0,-4,1,0
21360,,0.0,-25,1,0
21361,,0.0,-17,2,0
21362,,0.0,4,1,0
21424,damages,0.0,-40,1,0
21428,,0.0,-52,1,0
21429,,0.0,-83,4,0
21430,,0.0,-90,1,0
23541,,0.0,20,1,0
20728,,0.0,-148,1,0
23395,check,0.0,-26,1,0
DCGSSGIRL,,0.0,-1,1,0
84685,,0.0,-1,2,0
20752,check,0.0,-10,1,0
20752,,0.0,-40,1,0
20753,,0.0,-264,2,0
20754,Found,0.0,57,1,0
21431,crushed,0.0,-110,1,0
21431,,0.0,-21,1,0
21432,,0.0,-48,5,0
90185C,,0.0,-5,1,0
21397,damaged,0.0,-57,1,0
21398,damages,0.0,-9,1,0
21399,,0.0,-116,1,0
21355,,0.0,-127,2,0
21412,,0.0,-38,2,0
21414,,0.0,-25,2,0
21416,,0.0,-14,1,0
21419,,0.0,-10,1,0
21421,damaged,0.0,-5,1,0
90195A,check,0.0,-45,1,0
90196A,,0.0,-13,1,0
90197A,,0.0,-2,1,0
90209B,,0.0,1,1,0
90209C,,0.0,-71,4,0
90210C,,0.0,-10,1,0
90210D,check,0.0,-28,1,0
21382,,0.0,-7,1,0
21384,,0.0,-48,3,0
21385,,0.0,-85,2,0
21363,,0.0,-18,2,0
21402,,0.0,-147,1,0
21406,,0.0,-8,1,0
23406,,0.0,15,1,0
23412,?,0.0,-30,1,0
23412,,0.0,4,2,0
23397,damaged,0.0,-9,1,0
23400,check,0.0,-19,1,0
23400,,0.0,1,1,0
23404,check,0.0,41,1,0
23406,CHECK,0.0,-21,1,0
21407,,0.0,-19,1,0
21409,,0.0,1,1,0
90200C,,0.0,-29,2,0
21357,,0.0,454,4,0
21359,,0.0,-29,2,0
21392,,0.0,-29,1,0
21393,,0.0,-16,2,0
20737,,0.0,1,1,0
20738,counted,0.0,-120,1,0
23444,,0.0,200,1,0
23427,damaged,0.0,-2,1,0
20738,,0.0,-36,1,0
20743,,0.0,1,1,0
20747,,0.0,165,6,0
20748,Found,0.0,40,1,0
21394,damages,0.0,-35,1,0
21394,,0.0,43,2,0
21395,,0.0,-38,1,0
21396,,0.0,-77,3,0
C2,,0.0,450,3,0
C3,,0.0,-4999,1,0
21387,,0.0,25,3,0
21388,,0.0,-119,1,0
21391,Sold as 1 on dotcom,0.0,-342,1,0
10080,,0.0,260,2,0
10134,,0.0,-31,2,0
GIFT,,0.0,-9,1,0
DCGSSGIRL,update,0.0,100,1,0
DCGS0004,,0.0,-2,1,0
DOT,,0.0,1500,2,0
gift_0001_30,,0.0,53,5,0
gift_0001_40,,0.0,13,2,0
gift_0001_50,,0.0,13,2,0
gift_0001_60,,0.0,13,2,0
84472,,0.0,-5,2,0
84482,,0.0,-59,2,0
84493,,0.0,-65,1,0
84576,,0.0,-10,1,0
84578,damages,0.0,-52,1,0
84581,check,0.0,-41,1,0
21391,,0.0,-26,1,0
90212C,,0.0,10,1,0
DCGS0003,ebay,0.0,-7,1,0
gift_0001_20,,0.0,15,2,0
gift_0001_20,to push order througha s stock was ,0.0,10,1,0
DCGS0016,,0.0,-1,1,0
DCGS0027,,0.0,-1,1,0
DCGS0036,,0.0,-1,1,0
DCGS0037,,0.0,-1,1,0
DCGS0039,,0.0,-1,1,0
TEST002,,0.0,1,1,0
gift_0001_10,,0.0,40,2,0
10109,,0.0,-4,1,0
10080,check,0.0,22,1,0
DCGSLBOY,,0.0,-16,1,0
DCGSLGIRL,,0.0,-57,1,0
gift_0001_70,,0.0,12,2,0
gift_0001_80,Dotcomgiftshop Gift Voucher £80.00,0.0,0,2,0
gift_0001_80,,0.0,12,2,0
DCGS0070,,0.0,-8,1,0
35631B,BLUE GREEN CHRISTMAS HANGING BALL ,-0.19,-1,1,1
85083,KISS REINDEER SCANDINAVIAN STOCKING,-2.55,-1,3,3
37451,CERAMIC CAKE TEAPOT WITH CHERRY,-3.55,-1,3,3
21053,ZINC HEART HANGER WITH HOOKS,-4.25,-1,1,1
85219,S/4 HEART CRYSTAL FRIDGE MAGNETS,-4.949999999999999,-3,1,1
21346,LARGE SILVER BALUSTRADE CANDLESTICK,-5.95,-1,1,1
85043,RED HEART CANDY POP LIGHTS,-9.9,-2,4,4
35001C,HAND OPEN SHAPE CHROME,-10.17,-3,1,1
21254,SET OF KITCHEN WALL  STICKERS,-11.8,-4,1,1
47567,ENGLISH ROSE DESIGN KITCHEN APRON,-11.9,-2,2,2
35976B,WHITE SCANDINAVIAN HEART CHRISTMAS,-13.75,-11,2,2
20779,PINK EAR MUFF HEADPHONES,-14.790000000000001,-3,2,2
79340P,PURPLE ORCHID FLOWER LIGHTS,-15.9,-2,2,2
21315,LARGE GLASS HEART TRINKET POT,-17.0,-4,1,1
79301,FEATHER HEART LIGHTS,-20.0,-8,5,2
21701,SET 6 MINI SUSHI SET FRIDGE MAGNETS,-20.28,-12,1,1
35603B,S/16 BLACK SHINY/MAT BAUBLES,-29.400000000000006,26,3,2
21766,VINTAGE WOOD ORGANISER,-33.9,-2,1,1
PADS,PADS TO MATCH ALL CUSHIONS,-36.583,17,19,16
79340W,WHITE ORCHID FLOWER LIGHTS,-45.3,-6,5,5
85069,CREAM SWEETHEART DOUBLE SHELF,-50.849999999999994,-3,3,1
22003,VINTAGE BLUE VACUUM FLASK 0.5L ,-67.5,-10,1,1
20879,TREE OF NOAH FESTIVE SCENTED CANDLE,-133.8,-39,12,9
79323W,WHITE CHERRY LIGHTS,-481.23999999999984,-94,225,145
79323S,SILVER CHERRY LIGHTS,-591.03,-93,32,23
ADJUST,Adjustment by Peter on 24/05/2010 1,-731.05,-3,3,3
BANK CHARGES, Bank Charges,-2068.96,-2,6,3
S,SAMPLES,-5991.11,-95,37,0
CRUK,CRUK Commission,-7933.43,-16,16,1
D,Discount,-12879.63,-2868,151,55
BANK CHARGES,Bank Charges,-33413.289,-40,89,20
M,Manual,-83326.33,4193,1286,582
B,Adjust bad debt,-147614.08000000002,6,6,0
AMAZONFEE,AMAZON FEE,-221520.5,-30,36,0
