customer_id,recency,frequency,historical_revenue,average_order_value,transaction_count,total_quantity,unique_products,future_revenue
12346.0,234,12,77556.46,2281.0723529411766,34,74285,27,0.0
12347.0,38,6,3402.39,20.746280487804878,164,2099,107,1519.14
12348.0,157,4,1709.4,35.612500000000004,48,2497,25,310.0
12349.0,316,3,2671.14,26.18764705882353,102,993,90,1757.55
12350.0,218,1,334.4,19.670588235294115,17,197,17,0.0
12351.0,284,1,300.93,14.33,21,261,21,0.0
12352.0,170,7,1905.6100000000001,34.02875,56,442,38,944.23
12353.0,112,2,406.76,16.948333333333334,24,212,23,0.0
12354.0,141,1,1079.4,18.610344827586207,58,530,58,0.0
12355.0,123,2,947.61,27.074571428571428,35,543,35,0.0
12356.0,154,5,6313.38,45.09557142857143,140,3411,104,58.349999999999994
12357.0,297,2,12079.99,73.2120606060606,165,3879,165,6207.67
12358.0,59,4,3203.87,45.769571428571425,70,931,56,683.2
12359.0,98,9,6059.09,23.304192307692308,260,2095,230,2814.3
12360.0,21,7,3209.11,19.687791411042944,163,1968,123,1043.78
12361.0,196,4,511.25,17.629310344827587,29,235,18,0.0
12362.0,29,5,1877.35,17.710849056603774,106,989,89,3478.88
12363.0,18,2,552.0,24.0,23,408,23,0.0
12364.0,21,1,623.92,18.350588235294115,34,555,34,689.18
12365.0,200,2,641.38,29.153636363636362,22,174,22,0.0
12366.0,542,1,500.24,166.74666666666667,3,296,3,0.0
12368.0,536,1,917.7,50.983333333333334,18,330,18,0.0
12369.0,322,3,1791.15,19.25967741935484,93,1241,90,0.0
12370.0,183,6,3577.28,20.67791907514451,173,2224,150,739.28
12371.0,318,3,2179.42,20.95596153846154,104,845,91,1887.96
12372.0,121,2,914.9200000000001,23.45948717948718,39,592,32,383.12
12373.0,220,3,1127.65,22.110784313725492,51,516,36,0.0
12374.0,330,3,2246.29,44.9258,50,1020,47,742.9300000000001
12375.0,7,1,230.3,20.936363636363637,11,87,11,227.20000000000002
12376.0,298,2,503.15,38.70384615384615,13,240,11,0.0
12377.0,224,4,3426.32,22.54157894736842,152,2105,129,0.0
12378.0,38,2,5416.32,17.994418604651162,301,3316,281,0.0
12379.0,78,3,1227.82,20.128196721311475,61,619,50,392.4
12380.0,94,8,7559.04,36.16765550239234,209,2521,125,2117.26
12381.0,28,1,1268.74,20.463548387096775,62,568,62,576.57
12383.0,93,5,1850.56,18.69252525252525,99,1532,84,0.0
12384.0,30,1,292.69,20.90642857142857,14,62,14,292.58
12385.0,288,1,1938.4,29.821538461538463,65,612,65,0.0
12386.0,246,2,401.9,40.19,10,354,10,0.0
12387.0,323,1,143.94,15.993333333333332,9,134,9,0.0
12388.0,57,6,2788.79,24.041293103448275,116,1299,77,1112.32
12389.0,311,3,1433.33,29.251632653061222,49,614,41,0.0
12391.0,373,5,2285.18,13.133218390804597,174,911,159,439.66
12392.0,500,1,234.75000000000003,33.53571428571429,7,73,7,0.0
12393.0,154,5,1877.95,22.901829268292683,82,1017,53,521.5
12394.0,126,1,381.08,18.146666666666665,21,182,21,891.4
12395.0,21,11,3602.11,19.791813186813187,182,2716,122,1119.06
12396.0,583,1,931.43,14.329692307692307,65,591,65,0.0
12397.0,44,1,1214.81,17.35442857142857,70,704,70,1195.09
12399.0,28,7,1962.3,17.83909090909091,110,2198,67,0.0
12400.0,323,1,205.25,18.65909090909091,11,91,11,0.0
12401.0,212,1,84.3,16.86,5,11,5,0.0
12402.0,232,6,1256.9,17.955714285714286,70,584,43,0.0
12403.0,430,1,591.6600000000001,147.91500000000002,4,164,4,427.70000000000005
12404.0,590,1,63.24,63.24,1,1,1,0.0
12405.0,57,1,1710.39,31.67388888888889,54,857,54,0.0
12406.0,92,4,4596.31,41.784636363636366,110,2391,81,1794.05
12407.0,42,4,1407.36,21.99,64,1237,50,300.76
12408.0,7,7,3586.27,26.369632352941178,136,1864,90,754.5
12409.0,91,5,18553.7,84.72009132420092,219,10734,165,4865.59
12410.0,217,3,1013.71,25.342750000000002,40,341,36,0.0
12411.0,318,1,346.9,15.768181818181818,22,138,22,0.0
12412.0,46,5,2260.79,20.367477477477475,111,1767,74,336.14000000000004
12413.0,145,3,805.25,19.640243902439025,41,238,37,194.20000000000002
12414.0,126,6,952.41,34.01464285714285,28,495,21,0.0
12415.0,8,22,121631.72,149.79275862068965,812,80774,438,22826.65
12416.0,565,1,202.56,18.414545454545454,11,132,11,0.0
12417.0,15,18,5964.83,18.353323076923076,325,2561,252,832.58
12418.0,21,4,2021.2,19.815686274509805,102,1088,90,0.0
12419.0,294,2,503.01,20.1204,25,231,23,0.0
12421.0,23,5,920.12,16.430714285714284,56,575,38,178.48000000000002
12422.0,4,17,5231.8,30.417441860465118,172,2596,137,0.0
12423.0,9,9,2413.75,16.30912162162162,148,1590,119,208.64000000000001
12424.0,71,4,3340.03,36.30467391304348,92,2025,78,0.0
12425.0,357,1,964.21,17.53109090909091,55,651,55,777.2
12426.0,103,2,1345.21,17.470259740259742,77,584,73,0.0
12427.0,280,1,303.5,30.35,10,79,10,522.3
12428.0,29,8,7548.12,27.054193548387097,279,3386,252,408.34000000000003
12429.0,81,7,5298.89,42.054682539682545,126,2378,107,905.52
12431.0,28,23,8819.34,25.939235294117648,340,3802,220,1612.88
12432.0,79,3,4016.66,52.85078947368421,76,1427,75,1042.66
12433.0,0,6,9813.5,26.739782016348773,367,7894,227,6980.64
12434.0,169,2,583.54,16.209444444444443,36,215,34,519.89
12435.0,176,5,10075.03,106.05294736842106,95,3782,81,3850.9000000000005
12436.0,8,1,509.01000000000005,31.813125000000003,16,211,16,0.0
12437.0,7,32,10543.4,22.625321888412017,466,6875,230,2140.0
12438.0,49,1,890.07,18.16469387755102,49,586,49,2016.78
12439.0,591,2,1142.88,16.096901408450705,71,478,69,0.0
12440.0,371,2,859.2,26.85,32,331,21,0.0
12441.0,275,1,173.55,15.77727272727273,11,121,11,0.0
12443.0,641,1,485.31,23.11,21,182,21,0.0
12444.0,30,2,2627.27,25.021619047619048,105,650,96,2378.19
12445.0,329,1,301.58000000000004,15.079000000000002,20,144,20,133.4
12447.0,152,1,476.49,18.326538461538462,26,190,26,0.0
12449.0,0,5,3493.18,24.599859154929575,142,1758,93,1342.71
12450.0,65,5,688.2,18.6,37,442,31,0.0
12451.0,126,5,8942.18,25.403920454545457,352,6889,259,3727.7
12453.0,43,1,707.09,16.443953488372095,43,473,43,0.0
12454.0,304,4,13151.44,526.0576,25,6697,9,3528.34
12455.0,36,9,5589.45,26.87235576923077,208,2979,181,290.5
12456.0,40,2,2265.4,26.34186046511628,86,1073,77,915.64
12457.0,142,4,1699.9299999999998,36.16872340425532,47,648,37,1295.98
12458.0,193,3,1272.01,19.569384615384614,65,750,58,505.48
12459.0,514,1,454.36,19.754782608695653,23,258,23,0.0
12460.0,365,1,326.65,18.147222222222222,18,170,18,0.0
12461.0,2,2,826.88,23.62514285714286,35,287,35,0.0
12462.0,212,1,762.11,19.05275,40,287,40,427.48
12463.0,84,3,985.79,16.16049180327869,61,577,51,358.99
12464.0,15,6,780.55,37.16904761904762,21,81,6,431.5
12465.0,78,1,440.94,16.959230769230768,26,294,26,301.25
12466.0,590,1,56.73,56.73,1,1,1,0.0
12467.0,332,1,132.8,14.755555555555556,9,129,9,0.0
12468.0,96,5,3670.74,24.4716,150,2201,127,0.0
12469.0,431,2,3070.54,40.40184210526316,76,2552,76,0.0
12470.0,598,1,211.95000000000002,9.215217391304348,23,95,23,0.0
12471.0,15,68,31210.54,33.27349680170576,938,12998,213,8707.65
12472.0,47,17,14604.78,19.44711051930759,751,9318,367,1644.51
12473.0,23,2,1175.75,18.37109375,64,853,60,2752.3
12474.0,7,26,9410.72,17.656135084427767,533,5905,285,2962.0299999999997
12475.0,318,1,426.26,17.0504,25,236,25,723.38
12476.0,49,18,10459.16,26.27929648241206,398,4355,292,3624.75
12477.0,9,6,15890.66,34.32107991360691,463,4984,276,4385.71
12480.0,52,6,4328.17,21.426584158415842,202,2341,146,1136.68
12481.0,88,13,10690.95,33.40921875,320,6215,213,1494.56
12482.0,484,29,23691.4,116.1343137254902,204,27042,42,0.0
12483.0,7,17,4236.26,36.51948275862069,116,1842,60,860.9200000000001
12484.0,9,10,5485.43,13.44468137254902,408,2936,296,868.6700000000001
12485.0,438,1,708.1,20.826470588235296,34,414,34,0.0
12486.0,340,1,1037.28,21.168979591836734,49,523,49,0.0
12487.0,639,1,285.29999999999995,142.64999999999998,2,174,2,0.0
12489.0,245,1,334.93,22.328666666666667,15,105,15,0.0
12490.0,2,17,7958.3,20.83324607329843,382,4852,171,1865.34
12492.0,14,2,578.39,18.65774193548387,31,321,30,136.82
12493.0,74,2,433.74,19.715454545454545,22,207,20,0.0
12494.0,70,7,1438.03,17.536951219512193,82,636,62,377.24
12495.0,549,1,357.4,21.023529411764706,17,130,17,0.0
12496.0,529,2,45.34,4.534000000000001,10,30,10,0.0
12497.0,309,2,5205.400000000001,121.05581395348838,43,4449,30,1043.1
12499.0,469,1,393.72,14.582222222222223,27,302,27,0.0
12500.0,15,14,3471.23,29.668632478632478,117,1969,75,2483.98
12501.0,245,1,2169.39,14.559664429530201,149,1783,149,0.0
12502.0,4,5,3723.87,25.332448979591835,147,820,102,0.0
12503.0,493,1,1126.0,563.0,2,561,2,0.0
12504.0,326,2,297.0,27.0,11,368,8,482.04999999999995
12505.0,317,1,955.2,22.742857142857144,42,324,42,0.0
12506.0,141,1,73.5,3.1956521739130435,23,23,23,0.0
12507.0,42,4,1844.06,37.633877551020404,49,1256,46,0.0
12509.0,193,1,176.5,25.214285714285715,7,55,7,0.0
12510.0,51,9,5178.02,35.71048275862069,145,2049,94,0.0
12511.0,337,1,3084.02,16.231684210526314,190,1753,190,0.0
12513.0,21,1,612.29,17.494,35,462,35,0.0
12514.0,175,2,1597.76,19.02095238095238,84,840,76,0.0
12515.0,262,1,383.7,23.98125,16,131,16,0.0
12516.0,89,3,1919.76,31.471475409836067,61,1422,42,728.86
12517.0,35,2,1521.45,8.359615384615385,182,834,173,960.15
12518.0,19,1,324.83,18.04611111111111,18,187,18,1732.06
12519.0,385,1,385.7,17.53181818181818,22,212,22,330.84
12520.0,51,4,2045.85,16.90785123966942,121,1099,104,588.41
12521.0,51,1,599.68,15.781052631578946,38,309,38,0.0
12523.0,16,19,3580.33,17.380242718446603,206,1958,144,772.02
12524.0,71,15,9762.869999999999,46.05127358490566,212,5769,138,1363.24
12525.0,406,3,973.73,16.228833333333334,60,509,56,0.0
12526.0,3,1,520.3,17.941379310344825,29,318,29,796.36
12527.0,203,4,671.72,23.162758620689655,29,513,24,63.790000000000006
12528.0,23,4,1287.37,19.805692307692308,65,503,46,646.11
12529.0,437,1,316.48,15.07047619047619,21,192,21,0.0
12530.0,32,8,3318.63,24.04804347826087,138,2400,85,440.63
12531.0,595,1,1807.98,16.43618181818182,110,1074,110,125.22
12533.0,536,2,1367.89,18.998472222222222,72,704,63,0.0
12534.0,39,1,1089.18,17.28857142857143,63,651,63,0.0
12535.0,0,2,716.35,21.069117647058825,34,219,28,0.0
12537.0,317,1,732.9399999999999,17.045116279069767,43,449,43,0.0
12538.0,287,1,276.5,21.26923076923077,13,145,13,363.95
12539.0,170,6,10164.09,22.047917570498917,461,4089,247,1050.66
12540.0,1,27,18101.11,29.480635179153097,614,8767,301,4153.38
12541.0,81,2,536.14,19.14785714285714,28,419,27,445.04
12542.0,392,2,481.88,12.355897435897436,39,522,39,0.0
12543.0,357,1,980.25,22.796511627906977,43,688,43,0.0
12545.0,168,1,628.15,18.474999999999998,34,346,34,372.24
12547.0,106,3,383.58,18.265714285714285,21,309,13,0.0
12548.0,75,1,95.19999999999999,19.04,5,49,5,0.0
12549.0,484,6,1575.68,32.15673469387755,49,1366,38,0.0
12551.0,266,1,168.0,16.8,10,100,10,0.0
12553.0,19,9,3336.06,18.33,182,1711,96,1272.69
12554.0,357,1,468.5,18.01923076923077,26,240,26,0.0
12555.0,590,1,129.23,129.23,1,1,1,0.0
12556.0,60,1,308.75,4.75,65,163,60,290.81
12557.0,67,7,15106.140000000001,308.28857142857146,49,5462,15,2990.0
12559.0,219,2,561.71,26.74809523809524,21,283,21,0.0
12560.0,21,2,1436.31,18.653376623376623,77,820,77,697.7
12561.0,211,1,238.85,14.928125,16,177,16,0.0
12562.0,35,5,2790.41,23.84965811965812,117,1324,68,2176.51
12563.0,317,1,249.23999999999998,19.17230769230769,13,113,13,0.0
12564.0,170,1,456.9,21.757142857142856,21,133,21,0.0
12565.0,197,1,145.92,16.21333333333333,9,80,9,0.0
12567.0,5,14,10216.18,21.507747368421054,475,4536,315,1551.3
12568.0,553,1,70.0,14.0,5,48,5,0.0
12569.0,1,15,2167.68,23.56173913043478,92,857,48,1957.01
12570.0,590,1,77.52,77.52,1,1,1,0.0
12571.0,30,1,248.35,17.739285714285714,14,197,14,271.26
12573.0,136,5,717.41,6.028655462184874,119,479,107,0.0
12574.0,224,1,218.45000000000002,19.85909090909091,11,61,11,0.0
12575.0,366,2,622.8199999999999,16.389999999999997,38,315,34,0.0
12576.0,4,7,1763.44,15.202068965517242,116,1192,97,379.28
12577.0,267,6,1186.39,5.41730593607306,219,856,195,430.71
12578.0,239,3,3456.6,27.0046875,128,1932,109,1185.8500000000001
12580.0,155,2,1052.8999999999999,18.15344827586207,58,569,52,0.0
12582.0,147,4,1980.4,19.22718446601942,103,985,88,0.0
12583.0,15,21,10542.41,30.557710144927537,345,6938,117,3049.17
12584.0,35,4,782.59,23.017352941176473,34,138,27,1555.56
12585.0,143,2,2040.1,23.44942528735632,87,1279,77,0.0
12586.0,283,3,1865.73,22.47867469879518,83,608,76,196.94
12588.0,308,3,743.88,20.663333333333334,36,385,27,214.89999999999998
12589.0,53,7,4180.48,26.970838709677416,155,1541,107,515.18
12590.0,120,2,9864.26,145.06264705882353,68,4283,68,0.0
12591.0,226,3,1338.95,19.69044117647059,68,653,63,0.0
12592.0,1,5,2582.66,31.88469135802469,81,1875,42,0.0
12593.0,17,3,418.09999999999997,19.909523809523808,21,206,14,0.0
12594.0,30,13,4281.79,24.607988505747127,174,2431,78,808.32
12595.0,413,1,299.02,15.737894736842104,19,271,19,0.0
12596.0,151,1,269.95,17.996666666666666,15,156,15,348.32
12597.0,91,2,1428.81,18.318076923076923,78,675,72,2382.41
12598.0,70,7,3095.39,22.594087591240875,137,1913,102,1438.7
12599.0,35,12,2121.18,17.825042016806723,119,1982,42,175.54
12600.0,21,19,4304.9400000000005,37.43426086956522,115,1153,48,662.48
12601.0,98,6,681.26,20.03705882352941,34,290,24,0.0
12604.0,170,1,178.5,17.85,10,137,10,75.68
12605.0,285,4,1232.95,16.223026315789475,76,929,63,0.0
12606.0,590,1,21.0,21.0,1,1,1,0.0
12608.0,313,1,415.79,25.986875,16,323,16,0.0
12609.0,95,8,3109.7400000000002,19.681898734177217,158,1423,117,326.12
12610.0,15,2,1256.25,17.447916666666668,72,625,68,843.29
12613.0,106,9,4935.51,19.98182186234818,247,3272,173,1881.86
12614.0,186,1,315.6,15.780000000000001,20,76,20,0.0
12615.0,77,5,4084.5299999999997,20.839438775510203,196,2354,167,1656.45
12616.0,4,3,1131.1,20.946296296296296,54,498,32,0.0
12619.0,25,6,2227.6,45.46122448979592,49,1896,33,1553.78
12620.0,113,1,561.66,17.02,33,434,33,777.75
12621.0,9,30,20816.57,32.782,635,11705,297,3494.63
12622.0,140,1,180.1,16.37272727272727,11,69,11,0.0
12623.0,185,7,3747.84,21.663815028901734,173,1971,112,0.0
12624.0,15,2,641.13,16.87184210526316,38,355,36,0.0
12625.0,120,4,5164.88,28.22338797814208,183,3309,144,0.0
12626.0,21,6,4774.0,23.174757281553397,206,2337,170,1846.48
12627.0,5,5,2727.83,19.346312056737588,141,1575,112,1750.7
12629.0,294,2,1558.22,34.62711111111111,45,722,40,0.0
12631.0,365,5,2841.07,18.69125,152,1371,105,640.5
12632.0,429,2,804.88,22.99657142857143,35,694,32,0.0
12633.0,38,6,5462.93,18.772955326460483,291,3144,213,215.23000000000002
12634.0,444,2,490.0,24.5,20,337,20,0.0
12635.0,63,3,1924.8700000000001,16.312457627118643,118,1176,106,1005.54
12636.0,647,1,141.0,141.0,1,1,1,0.0
12637.0,0,11,7939.8099999999995,14.622117863720073,543,4105,273,344.0
12638.0,548,1,249.79999999999998,27.755555555555553,9,86,9,671.6899999999999
12639.0,147,3,1312.3700000000001,20.505781250000002,64,631,58,0.0
12641.0,24,1,185.9,18.59,10,72,10,0.0
12642.0,16,1,366.45,15.268749999999999,24,277,24,646.81
12643.0,37,12,8304.82,162.83960784313726,51,4665,14,0.0
12644.0,38,4,1918.49,17.283693693693692,111,1032,106,0.0
12645.0,18,7,3074.98,21.06150684931507,146,1866,106,464.32
12647.0,35,33,16119.44,33.16757201646091,486,6241,229,836.11
12648.0,63,4,1112.0,17.107692307692307,65,518,38,0.0
12649.0,16,8,2294.65,19.446186440677966,118,1959,94,0.0
12651.0,243,4,377.75,12.591666666666667,30,265,30,0.0
12652.0,240,2,1017.03,19.941764705882353,51,536,51,0.0
12653.0,57,3,4160.83,48.38174418604651,86,1681,76,0.0
12654.0,106,3,337.75,15.352272727272727,22,151,19,264.23
12655.0,332,1,261.35,16.334375,16,80,16,0.0
12656.0,25,6,5177.33,27.249105263157894,190,2417,140,1230.5
12661.0,344,1,162.0,14.727272727272727,11,216,11,0.0
12662.0,16,16,5530.42,17.39125786163522,318,2766,135,1196.1200000000001
12663.0,533,2,239.4,23.94,10,181,9,0.0
12664.0,52,5,3145.64,120.98615384615384,26,797,10,2924.4
12665.0,233,3,313.6,18.447058823529414,17,165,13,0.0
12666.0,302,1,1248.42,40.27161290322581,31,370,31,0.0
12668.0,168,9,10500.35,21.08504016064257,498,4749,258,882.6800000000001
12669.0,59,3,2744.0299999999997,27.168613861386135,101,1115,98,0.0
12670.0,7,5,2398.71,29.613703703703703,81,991,54,1361.58
12671.0,514,1,2622.481,58.27735555555556,45,1460,45,0.0
12672.0,238,2,437.05,19.865909090909092,22,138,22,0.0
12673.0,235,2,840.4,15.28,55,520,52,389.62
12674.0,0,3,1402.0,23.76271186440678,59,787,42,568.6
12675.0,462,2,957.25,8.546875,112,336,111,0.0
12676.0,32,9,2509.75,27.279891304347824,92,1691,58,333.34
12677.0,464,2,395.1,18.814285714285717,21,176,13,0.0
12678.0,9,18,24934.98,82.02296052631579,304,16644,186,9346.2
12679.0,114,2,906.38,20.599545454545453,44,407,43,206.64000000000001
12680.0,22,1,311.78,15.588999999999999,20,230,20,569.03
12681.0,60,38,25913.8,20.566507936507936,1260,14894,424,3920.96
12682.0,9,41,18890.32,23.036975609756098,820,8498,281,4059.9
12683.0,1,18,9779.32,23.678740920096853,413,6012,224,1854.38
12684.0,79,4,1379.48,23.784137931034483,58,1274,37,904.15
12685.0,1,2,1606.42,17.84911111111111,90,917,83,1256.66
12686.0,280,1,89.14,12.734285714285715,7,107,7,0.0
12687.0,389,2,2138.91,16.97547619047619,126,1403,126,0.0
12688.0,22,1,4873.81,28.50181286549708,171,3028,171,0.0
12689.0,36,1,511.03,15.030294117647058,34,281,34,736.58
12690.0,114,1,389.01,24.313125,16,106,16,0.0
12691.0,54,5,690.9,24.675,28,249,20,479.5
12692.0,546,1,110.95,8.534615384615385,13,36,13,0.0
12693.0,35,7,1703.02,21.557215189873418,79,536,63,0.0
12694.0,91,2,1413.18,21.411818181818184,66,1169,62,430.17
12695.0,16,5,1158.92,22.723921568627453,51,406,41,248.2
12696.0,343,2,851.91,17.38591836734694,49,564,43,0.0
12697.0,40,2,733.91,25.307241379310344,29,359,27,223.68
12698.0,499,1,339.75,21.234375,16,111,16,0.0
12699.0,326,1,638.11,15.563658536585367,41,373,41,0.0
12700.0,65,2,2149.05,17.61516393442623,122,1376,110,2790.94
12701.0,151,5,1985.78,17.267652173913042,115,1295,92,460.63
12703.0,542,3,722.98,13.641132075471699,53,431,44,283.55
12704.0,14,3,1100.92,22.0184,50,465,40,1239.92
12705.0,67,9,9056.33,19.227876857749468,471,5790,283,2705.77
12707.0,200,1,603.42,18.285454545454545,33,256,33,0.0
12708.0,10,15,4436.52,17.195813953488372,258,2114,115,681.14
12709.0,5,30,27786.03,65.84367298578199,422,12691,189,2505.73
12710.0,5,3,1149.02,14.922337662337663,77,851,75,0.0
12711.0,520,2,1339.05,22.3175,60,770,56,0.0
12712.0,15,19,6239.9800000000005,26.32902953586498,237,2086,123,483.05
12714.0,15,11,12774.55,20.341640127388533,628,7963,402,1319.16
12715.0,15,1,343.36,17.168,20,192,20,0.0
12716.0,42,1,677.9,15.064444444444444,45,503,45,375.59
12717.0,60,3,1308.91,18.435352112676057,71,600,60,0.0
12720.0,3,22,5695.39,15.68977961432507,363,4430,230,2091.89
12721.0,91,6,3055.86,16.977,180,1829,146,957.22
12722.0,23,3,929.65,18.593,50,559,48,67.98
12724.0,82,5,1566.47,16.664574468085107,94,1112,72,751.0500000000001
12725.0,280,4,2266.76,21.384528301886796,106,1142,92,0.0
12726.0,93,9,2872.82,23.54770491803279,122,3417,52,1141.78
12727.0,4,9,5036.53,27.98072222222222,180,2490,114,643.0
12728.0,166,4,851.15,17.732291666666665,48,380,39,219.02
12729.0,22,1,453.01,17.423461538461538,26,233,26,0.0
12730.0,430,1,829.25,17.643617021276597,47,234,47,0.0
12731.0,53,13,18204.05,61.087416107382545,298,8643,114,7571.66
12732.0,88,1,236.26,19.688333333333333,12,111,12,0.0
12733.0,142,4,2424.87,15.445031847133757,157,896,117,0.0
12734.0,261,3,639.65,33.66578947368421,19,265,17,0.0
12735.0,224,2,779.5699999999999,18.12953488372093,43,368,38,0.0
12736.0,241,1,234.0,58.5,4,173,4,0.0
12737.0,407,2,3710.5,1855.25,2,2,2,0.0
12738.0,280,1,155.35,14.122727272727273,11,148,11,0.0
12739.0,7,3,2689.23,30.559431818181817,88,950,85,37.5
12741.0,438,2,406.07,25.379375,16,214,16,0.0
12742.0,534,1,1201.52,17.933134328358207,67,1359,67,0.0
12743.0,42,2,540.13,4.123129770992366,131,315,114,0.0
12744.0,53,9,18249.74,59.835213114754104,305,6393,232,7067.32
12745.0,395,3,925.41,40.235217391304346,23,468,21,0.0
12746.0,449,1,254.55,14.973529411764707,17,97,17,0.0
12747.0,18,23,7471.87,34.59199074074074,216,2227,79,1426.61
12748.0,0,259,34359.66,8.279436144578314,4150,20894,1835,19179.98
12749.0,39,7,5561.71,20.830374531835208,267,1969,219,1335.65
12750.0,37,1,275.88,18.392,15,137,15,0.0
12751.0,353,1,268.27,4.326935483870967,62,189,61,0.0
12753.0,44,5,16620.91,100.12596385542169,166,9211,114,4808.48
12754.0,144,3,3010.74,47.78952380952381,63,6481,49,0.0
12755.0,189,11,5236.259999999999,83.11523809523808,63,2293,34,0.0
12757.0,51,7,5281.08,43.287540983606554,122,918,89,2553.57
12758.0,25,7,9903.24,31.639744408945685,313,6155,187,0.0
12759.0,80,7,4571.82,16.746593406593405,273,2930,188,448.92
12760.0,364,1,347.8,16.561904761904763,21,198,21,0.0
12761.0,366,2,782.95,28.99814814814815,27,281,27,0.0
12763.0,47,2,494.08,27.448888888888888,18,316,16,0.0
12764.0,225,1,1693.88,37.64177777777778,45,386,45,0.0
12765.0,381,6,1404.58,20.65558823529412,68,1009,49,0.0
12766.0,58,7,6881.55,21.572257053291537,319,3871,217,2037.44
12767.0,284,1,949.82,22.088837209302326,43,598,43,0.0
12768.0,359,1,168.69000000000003,16.869000000000003,10,102,10,0.0
12769.0,147,1,1143.6,35.7375,32,356,32,0.0
12770.0,119,2,3246.45,115.94464285714285,28,1843,19,0.0
12771.0,394,1,282.3,18.82,15,104,15,0.0
12773.0,472,1,124.25,20.708333333333332,6,109,6,0.0
12774.0,444,1,98.7,16.45,6,53,6,0.0
12775.0,98,6,1464.76,21.862089552238807,67,946,45,221.36
12776.0,576,1,55.5,13.875,4,46,4,0.0
12777.0,366,1,519.45,19.978846153846156,26,458,26,0.0
12778.0,92,7,1445.51,15.215894736842106,95,1368,66,330.17
12779.0,98,13,5492.16,24.518571428571427,224,2862,123,981.95
12780.0,507,1,337.4,16.869999999999997,20,285,20,0.0
12781.0,193,1,549.26,36.617333333333335,15,346,15,277.48
12782.0,58,10,4365.99,20.497605633802817,213,1889,135,252.25
12784.0,438,1,1230.33,17.087916666666665,72,582,72,532.82
12785.0,273,3,1100.4,19.650000000000002,56,453,42,0.0
12786.0,518,1,728.5,40.47222222222222,18,324,18,0.0
12787.0,0,3,743.18,18.5795,40,459,28,119.0
12788.0,372,4,444.9,17.111538461538462,26,194,20,0.0
12789.0,421,2,181.5,45.375,4,32,2,91.85
12790.0,101,2,591.85,15.995945945945946,37,306,36,0.0
12791.0,282,6,863.51,30.839642857142856,28,353,17,0.0
12792.0,165,2,827.01,17.59595744680851,47,394,39,0.0
12793.0,243,3,885.53,20.125681818181818,44,461,34,0.0
12794.0,7,1,317.0,15.85,20,227,20,543.41
12796.0,537,1,381.0,54.42857142857143,7,182,7,0.0
12797.0,274,2,552.08,18.40266666666667,30,215,27,0.0
12798.0,79,2,3140.93,101.32032258064515,31,5455,27,5370.0
12799.0,437,1,219.35,14.623333333333333,15,137,15,0.0
12800.0,379,3,584.25,17.183823529411764,34,284,31,0.0
12801.0,409,1,1071.82,21.4364,50,505,50,0.0
12802.0,95,7,2416.42,17.510289855072465,138,1972,108,0.0
12803.0,302,1,1092.81,19.869272727272726,55,872,55,0.0
12804.0,374,2,325.37,4.929848484848485,66,270,60,0.0
12805.0,290,4,1434.95,24.74051724137931,58,593,44,0.0
12806.0,344,4,2878.96,42.96955223880597,67,2087,58,0.0
12807.0,292,1,330.35,20.646875,16,145,16,0.0
12808.0,93,4,574.4,16.41142857142857,35,242,35,202.3
12809.0,86,3,1755.94,21.67827160493827,81,518,75,0.0
12810.0,443,2,534.99,16.7184375,32,389,32,0.0
12811.0,169,5,1033.9,18.462500000000002,56,435,47,0.0
12813.0,410,3,1687.8,37.50666666666667,45,1141,37,0.0
12814.0,10,1,125.92,62.96,2,49,2,0.0
12815.0,56,2,1063.46,22.6268085106383,47,379,38,0.0
12816.0,4,2,572.2,19.731034482758623,29,128,27,0.0
12817.0,189,3,690.98,27.639200000000002,25,219,16,0.0
12818.0,170,1,1542.0800000000002,110.14857142857144,14,929,14,0.0
12819.0,367,1,540.52,28.448421052631577,19,344,19,0.0
12820.0,235,8,1917.64,17.276036036036036,111,1388,91,771.88
12821.0,123,2,220.8,16.984615384615385,13,162,13,0.0
12823.0,35,17,5966.0,350.94117647058823,17,860,1,535.5
12825.0,430,2,518.63,21.609583333333333,24,139,20,0.0
12826.0,87,9,2144.65,17.57909836065574,122,1578,86,656.1
12828.0,7,3,415.51,16.6204,25,157,23,603.2
12829.0,245,3,385.3,20.278947368421054,19,550,17,0.0
12830.0,0,5,6414.32,178.17555555555555,36,8696,13,400.32000000000005
12831.0,171,3,451.11,20.505,22,303,16,0.0
12832.0,7,1,267.8,14.877777777777778,18,132,18,115.23
12833.0,54,1,417.38,17.390833333333333,24,156,24,0.0
12834.0,191,1,312.38,17.354444444444443,18,110,18,0.0
12835.0,336,41,5996.83,9.750943089430894,615,2349,138,0.0
12836.0,46,14,6061.9,16.745580110497237,362,2027,252,497.83000000000004
12837.0,81,2,662.66,7.530227272727273,88,194,83,0.0
12838.0,282,9,2694.75,9.134745762711864,295,1479,177,281.16
12839.0,1,21,7175.09,17.002582938388628,422,4842,139,2494.03
12840.0,52,7,4041.97,22.965738636363636,176,2258,109,0.0
12841.0,15,32,5796.53,11.083231357552581,523,4093,253,1161.67
12842.0,217,3,1109.73,39.63321428571429,28,497,27,808.26
12843.0,68,29,6573.41,30.153256880733945,218,3027,129,9.95
12844.0,39,3,497.52,6.297721518987341,79,175,68,151.08
12845.0,176,4,354.09,13.114444444444443,27,204,26,0.0
12846.0,590,1,15.58,15.58,1,1,1,0.0
12847.0,296,1,765.36,21.867428571428572,35,624,34,843.64
12848.0,584,1,208.0,13.0,16,58,16,0.0
12849.0,177,5,2701.03,20.777153846153848,130,1747,110,341.44
12850.0,354,1,330.0,165.0,2,200,2,0.0
12851.0,5,2,280.76,3.6462337662337663,77,157,71,0.0
12852.0,203,1,311.55,18.326470588235296,17,149,17,0.0
12853.0,43,11,3907.5,26.402027027027028,148,1668,111,0.0
12854.0,150,6,2465.09,10.811798245614035,228,1426,166,505.88
12855.0,281,4,612.84,9.146865671641791,67,240,65,0.0
12857.0,119,6,3688.0,30.479338842975206,121,1420,71,0.0
12858.0,292,1,147.27,3.9802702702702706,37,51,36,0.0
12859.0,367,1,575.1,27.385714285714286,21,292,21,0.0
12860.0,602,1,54.22,3.38875,16,26,16,0.0
12861.0,528,1,68.25,17.0625,4,27,4,0.0
12862.0,334,2,984.62,7.51618320610687,131,611,119,0.0
12863.0,287,5,2271.35,52.82209302325581,43,707,23,521.1999999999999
12864.0,47,2,299.57,42.79571428571428,7,447,5,0.0
12865.0,32,3,2736.62,17.320379746835442,158,1598,131,586.85
12866.0,192,3,1227.35,19.48174603174603,63,553,58,0.0
12867.0,5,12,6835.88,7.226088794926004,946,6958,338,993.38
12868.0,94,8,2043.76,15.251940298507463,134,1170,86,0.0
12869.0,590,1,337.67,9.126216216216216,37,144,35,0.0
12870.0,284,3,1676.95,18.031720430107526,93,906,85,0.0
12871.0,116,2,495.38,45.03454545454545,11,364,9,248.64
12872.0,235,12,3283.96,8.33492385786802,394,1642,217,0.0
12873.0,191,3,2027.3,57.92285714285714,35,786,33,0.0
12874.0,294,2,948.42,19.75875,48,623,44,0.0
12875.0,52,5,1356.99,169.62375,8,5187,2,0.0
12876.0,105,3,2590.2000000000003,21.76638655462185,119,1757,92,1491.59
12877.0,33,17,2465.6,12.775129533678756,193,1764,93,476.54
12878.0,145,2,854.99,18.191276595744682,47,547,38,0.0
12879.0,0,1,140.5,35.125,4,58,4,432.71999999999997
12880.0,290,2,640.13,17.781388888888888,36,279,32,0.0
12881.0,184,1,298.0,42.57142857142857,7,21,7,0.0
12885.0,32,1,645.35,16.547435897435896,39,346,39,529.87
12886.0,128,1,775.0,16.48936170212766,47,416,47,603.4
12887.0,292,1,222.4,17.107692307692307,13,100,13,0.0
12888.0,122,2,354.12,70.824,5,76,4,0.0
12889.0,289,4,385.46000000000004,15.418400000000002,25,124,25,0.0
12890.0,296,1,329.3,5.880357142857143,56,201,56,376.72
12891.0,94,11,840.5,76.4090909090909,11,2325,2,0.0
12892.0,305,1,263.38,14.632222222222222,18,140,18,0.0
12894.0,484,1,157.35,7.492857142857143,21,33,21,0.0
12897.0,113,4,514.25,36.732142857142854,14,249,10,0.0
12898.0,372,2,296.21000000000004,10.970740740740743,27,235,27,0.0
12899.0,322,1,366.4,21.552941176470586,17,108,17,0.0
12900.0,331,1,340.33,26.179230769230767,13,139,13,0.0
12901.0,17,19,11639.47,129.32744444444444,90,12420,29,6015.07
12902.0,173,1,138.68,13.868,10,66,10,0.0
12903.0,337,1,833.53,20.33,41,493,41,0.0
12904.0,81,1,244.69,7.6465625,32,165,32,251.37
12905.0,485,2,1018.42,18.85962962962963,54,532,52,0.0
12907.0,304,2,508.91,20.3564,25,177,23,0.0
12908.0,85,5,1776.0,355.2,5,3000,1,0.0
12909.0,110,6,2452.89,18.5825,132,1454,98,650.3
12910.0,43,9,4208.38,42.94265306122449,98,2770,53,1588.14
12911.0,460,1,1651.72,6.998813559322034,236,807,220,0.0
12913.0,191,11,4666.0,81.85964912280701,57,2012,31,1617.24
12914.0,309,1,223.98,24.886666666666667,9,336,9,0.0
12915.0,57,4,975.1,16.25166666666667,60,411,46,0.0
12916.0,47,7,4479.73,26.044941860465112,172,1681,82,0.0
12917.0,36,6,4359.2,87.184,50,1104,45,0.0
12918.0,535,1,10953.5,10953.5,1,1,1,0.0
12919.0,25,3,441.65,27.603125,16,203,12,893.54
12920.0,480,3,323.86,10.120625,32,292,32,162.78
12921.0,7,61,28729.62,23.169048387096773,1240,17853,264,6503.62
12922.0,70,1,405.38,14.477857142857143,28,370,28,0.0
12923.0,299,2,597.6,18.675,32,162,28,172.82
12924.0,107,11,2190.9700000000003,37.13508474576272,59,1227,45,278.43
12925.0,501,1,35.28,7.056,5,108,5,694.05
12926.0,319,4,1523.97,5.816679389312977,262,754,202,0.0
12927.0,303,1,197.31,17.937272727272727,11,145,11,0.0
12928.0,56,10,3378.33,22.673355704697986,149,2117,81,926.5600000000001
12929.0,220,1,117.85,14.73125,8,37,8,0.0
12930.0,80,1,221.56,15.825714285714286,14,108,14,194.24
12931.0,10,53,82822.08,422.5616326530612,196,56286,37,9525.26
12932.0,448,8,1698.56,17.87957894736842,95,1609,69,0.0
12933.0,79,7,1386.59,5.976681034482758,232,828,178,250.04
12934.0,645,1,181.65,90.825,2,31,2,0.0
12935.0,18,12,3618.5,16.67511520737327,217,2616,93,625.36
12937.0,106,7,2021.57,16.17256,125,1244,81,1076.04
12939.0,47,16,21673.08,309.6154285714286,70,8660,24,3591.72
12941.0,633,1,377.49,13.981111111111112,27,381,27,0.0
12942.0,40,3,675.6,9.651428571428571,70,198,68,0.0
12943.0,467,2,496.5,19.86,25,222,22,0.0
12944.0,263,1,286.95,20.49642857142857,14,145,14,317.56
12945.0,197,2,900.11,17.64921568627451,51,446,47,0.0
12946.0,345,1,324.45,16.2225,20,149,20,0.0
12947.0,52,6,1603.99,16.535979381443298,97,1165,83,0.0
12948.0,14,6,1676.44,17.834468085106383,94,1023,71,640.99
12949.0,23,21,14808.9,21.809867452135492,679,7900,332,717.8000000000001
12951.0,82,14,2901.4300000000003,16.48539772727273,176,1490,104,312.29
12953.0,431,1,498.96,16.09548387096774,31,280,31,329.85
12954.0,547,1,162.45,16.244999999999997,10,83,10,0.0
12955.0,1,6,1843.36,22.48,82,1526,42,2913.8
12956.0,214,4,521.89,12.425952380952381,42,340,42,0.0
12957.0,95,9,6404.72,17.79088888888889,360,3385,296,2302.25
12958.0,308,2,467.34,9.537551020408163,49,118,45,0.0
12959.0,392,1,150.95,18.86875,8,109,8,0.0
12960.0,322,4,1322.07,18.886714285714284,70,1379,49,0.0
12961.0,287,1,211.99,5.29975,40,180,37,0.0
12962.0,22,1,170.54000000000002,15.503636363636366,11,78,11,95.85000000000001
12963.0,274,5,1744.96,18.368000000000002,95,928,74,1490.83
12964.0,345,1,132.24,5.086153846153847,26,56,26,0.0
12967.0,266,3,2938.52,45.208,65,912,47,0.0
12968.0,21,1,135.95,27.189999999999998,5,73,5,0.0
12969.0,511,1,122.45,24.490000000000002,5,55,5,0.0
12970.0,231,8,1071.93,4.785401785714286,224,694,181,381.67
12971.0,1,94,12680.01,40.254,315,10933,92,3024.59
12972.0,322,4,1161.2,15.08051948051948,77,844,69,0.0
12973.0,322,1,385.55,64.25833333333334,6,31,6,0.0
12974.0,106,2,408.95,12.7796875,32,104,27,0.0
12975.0,345,6,2100.09,18.750803571428573,112,911,92,0.0
12976.0,120,8,3156.38,20.495974025974025,154,2684,106,0.0
12977.0,64,4,513.88,8.86,58,128,54,0.0
12978.0,294,5,2502.82,15.35472392638037,163,1394,126,0.0
12979.0,638,1,517.7,9.244642857142859,56,520,56,0.0
12980.0,66,21,16245.78,312.4188461538462,52,1910,7,0.0
12981.0,42,1,187.18,17.016363636363636,11,134,11,185.04
12982.0,151,8,2744.81,15.420280898876404,178,1729,139,0.0
12983.0,507,1,490.08,16.336,30,638,30,0.0
12986.0,337,10,2729.84,26.763137254901963,102,1164,61,0.0
12987.0,106,4,1057.81,20.342499999999998,52,474,48,254.4
12988.0,201,1,505.82,6.094216867469879,83,126,75,0.0
12989.0,66,26,11096.78,188.08101694915254,59,6038,23,2454.9700000000003
12990.0,94,6,809.9,38.56666666666666,21,410,6,145.60000000000002
12991.0,21,2,564.62,15.68388888888889,36,439,36,200.2
12992.0,633,1,93.35000000000001,15.558333333333335,6,21,6,0.0
12993.0,29,7,1217.27,16.674931506849315,73,715,55,42.36000000000001
12994.0,28,2,645.47,15.743170731707318,41,303,38,328.95
12996.0,284,1,355.5,16.15909090909091,22,122,22,0.0
12997.0,145,6,1492.49,18.425802469135803,81,822,52,618.42
12998.0,401,3,920.08,15.86344827586207,58,1124,58,0.0
12999.0,105,3,455.88,16.28142857142857,28,342,25,0.0
13000.0,15,4,1032.5,16.653225806451612,62,548,57,0.0
13001.0,66,31,22839.25,23.37691914022518,977,12822,295,1203.3999999999999
13002.0,227,3,414.13,18.00565217391304,23,201,19,0.0
13003.0,14,3,149.05,24.84166666666667,6,103,4,0.0
13004.0,23,30,9780.03,14.36127753303965,681,7221,345,1870.82
13005.0,82,4,999.68,17.85142857142857,56,462,41,0.0
13007.0,488,1,175.25,15.931818181818182,11,59,11,0.0
13008.0,232,3,612.13,17.489428571428572,35,379,31,0.0
13009.0,581,1,234.0,58.5,4,120,4,0.0
13010.0,283,2,330.12,27.51,12,323,10,0.0
13011.0,280,1,50.550000000000004,16.85,3,13,3,0.0
13012.0,57,7,2323.3,20.028448275862072,116,1250,72,634.53
13013.0,1,25,9972.58,22.562398190045247,442,5195,271,1124.8500000000001
13014.0,22,6,3937.2799999999997,22.11955056179775,178,1690,138,1443.8
13015.0,105,10,5003.18,19.169272030651342,261,2623,202,1576.6000000000001
13016.0,32,1,425.25,15.1875,28,315,28,364.64
13018.0,1,25,7561.17,15.98556025369979,473,5175,333,2201.9900000000002
13019.0,288,6,1229.95,22.362727272727273,55,397,46,0.0
13020.0,471,2,618.96,15.870769230769232,39,278,38,0.0
13021.0,75,12,3423.33,18.605054347826087,184,1721,116,1463.91
13022.0,338,1,65.3,13.059999999999999,5,35,5,0.0
13023.0,38,2,1095.53,19.563035714285714,56,458,54,353.5
13024.0,379,2,555.87,17.931290322580644,31,181,26,0.0
13025.0,640,1,323.39,24.876153846153844,13,241,13,0.0
13026.0,1,7,1361.92,23.083389830508477,59,1746,33,371.16
13027.0,22,19,17239.2,202.81411764705882,85,42840,7,0.0
13029.0,47,4,1453.0,103.78571428571429,14,152,11,474.29999999999995
13030.0,277,1,402.36,7.058947368421053,57,174,50,350.08
13031.0,316,5,3292.84,8.090515970515971,407,2309,275,0.0
13032.0,301,7,1805.78,13.277794117647058,136,899,110,1010.18
13033.0,266,2,220.55,16.965384615384615,13,98,12,0.0
13034.0,278,2,279.91,15.550555555555556,18,153,16,476.91
13035.0,169,2,775.32,28.715555555555557,27,494,22,588.88
13036.0,593,1,307.1,51.18333333333334,6,38,6,0.0
13037.0,47,12,3914.9500000000003,16.87478448275862,232,2130,181,0.0
13038.0,92,2,591.76,26.89818181818182,22,280,22,316.70000000000005
13039.0,492,4,1010.73,18.37690909090909,55,290,37,0.0
13041.0,359,4,799.13,22.832285714285714,35,335,23,0.0
13042.0,507,3,1488.59,8.09016304347826,184,812,164,0.0
13043.0,182,1,516.42,39.72461538461538,13,254,13,0.0
13044.0,200,11,4848.05,11.653966346153847,416,2548,356,0.0
13045.0,8,3,808.9200000000001,17.976000000000003,45,405,41,0.0
13046.0,175,2,517.66,14.790285714285714,35,317,31,431.59000000000003
13047.0,35,22,7873.0,22.754335260115607,346,3101,170,555.53
13048.0,22,8,3588.27,15.269234042553192,235,2380,118,460.86
13049.0,226,3,905.34,47.64947368421053,19,430,12,502.90000000000003
13050.0,15,31,10659.4,11.75237045203969,907,5974,490,1327.12
13051.0,487,2,155.8,38.95,4,72,4,0.0
13052.0,121,7,3119.33,12.577943548387097,248,1424,161,0.0
13053.0,530,1,127.65,7.508823529411765,17,47,17,0.0
13055.0,122,2,1451.56,14.5156,100,1179,99,869.55
13056.0,460,1,209.48,11.025263157894736,19,158,18,0.0
13057.0,439,3,709.59,17.73975,40,456,34,0.0
13058.0,60,1,47.550000000000004,15.850000000000001,3,9,3,223.85000000000002
13059.0,158,10,2291.77,11.574595959595959,198,860,155,0.0
13060.0,162,1,307.53,20.502,15,123,15,0.0
13062.0,100,1,346.98,31.543636363636367,11,343,11,0.0
13063.0,389,1,188.4,15.700000000000001,12,116,12,0.0
13064.0,61,4,1220.5,20.008196721311474,61,438,41,446.34000000000003
13065.0,281,5,1055.05,17.016935483870967,62,381,49,0.0
13067.0,318,2,393.05,23.120588235294118,17,99,13,115.46000000000001
13068.0,228,1,165.0,165.0,1,100,1,179.0
13069.0,8,34,8723.03,8.89197757390418,981,14451,550,561.42
13070.0,101,4,751.7,22.77878787878788,33,372,12,0.0
13071.0,521,1,129.22,10.768333333333333,12,30,12,0.0
13072.0,175,1,177.15,25.307142857142857,7,69,7,0.0
13073.0,320,2,418.08,15.484444444444444,27,261,25,0.0
13074.0,419,4,1378.74,47.54275862068965,29,826,26,0.0
13075.0,38,1,919.61,41.80045454545455,22,485,22,0.0
13076.0,366,1,135.4,15.044444444444444,9,44,9,0.0
13077.0,198,10,2588.82,9.212882562277581,281,2212,176,151.83
13078.0,15,46,23307.27,33.92615720524017,687,8902,141,5710.79
13079.0,0,3,258.58,19.89076923076923,13,106,11,160.60000000000002
13080.0,88,4,280.73,14.775263157894738,19,193,17,0.0
13081.0,52,25,47371.11,23.591190239043826,2008,33674,676,9467.26
13082.0,34,21,7335.75,56.866279069767444,129,8466,99,0.0
13083.0,334,1,91.67999999999999,22.919999999999998,4,120,4,303.75
13084.0,400,1,122.39999999999999,61.199999999999996,2,144,2,0.0
13085.0,66,8,2433.28,28.96761904761905,84,944,50,0.0
13086.0,291,1,439.33000000000004,9.34744680851064,47,155,47,0.0
13087.0,635,1,313.64,20.909333333333333,15,86,15,0.0
13088.0,326,1,236.11,11.8055,20,76,19,0.0
13089.0,8,177,97915.57,33.682686618507056,2907,51689,776,15501.34
13090.0,45,19,9092.94,46.63046153846154,195,2117,130,3998.7999999999997
13091.0,638,2,1976.0,82.33333333333333,24,873,24,345.82
13092.0,120,11,2102.2,20.813861386138612,101,480,48,38.08
13093.0,184,55,54144.25,52.212391513982645,1037,25971,199,0.0
13094.0,38,11,1827.8400000000001,73.1136,25,1536,5,381.6
13096.0,303,1,419.70000000000005,419.70000000000005,1,6,1,0.0
13097.0,31,26,11957.39,13.212585635359115,905,4846,366,1366.71
13098.0,3,18,15169.46,39.814855643044616,381,8701,110,13712.98
13099.0,7,1,207.35999999999999,207.35999999999999,1,288,1,0.0
13101.0,143,4,695.4,13.635294117647058,51,478,48,0.0
13102.0,42,32,9917.71,23.226487119437937,427,5523,185,1462.39
13103.0,346,2,465.70000000000005,18.628,25,344,21,243.94
13104.0,42,6,987.06,70.50428571428571,14,510,5,722.04
13105.0,345,1,72.0,72.0,1,100,1,0.0
13106.0,42,2,603.46,37.71625,16,231,15,0.0
13107.0,84,7,4656.67,29.85044871794872,156,3839,127,596.4
13108.0,281,2,748.46,21.38457142857143,35,745,27,0.0
13109.0,66,2,717.34,15.262553191489362,47,497,42,416.69
13110.0,45,10,2511.04,11.900663507109005,211,649,141,446.43
13111.0,627,1,321.88,26.823333333333334,12,180,12,0.0
13112.0,449,1,20.6,10.3,2,11,2,0.0
13113.0,22,33,16771.17,47.510396600566565,353,4006,165,1458.8999999999999
13114.0,639,1,234.38,14.64875,16,74,16,0.0
13115.0,92,7,4078.4700000000003,16.379397590361446,249,2988,161,1416.23
13116.0,47,1,501.14,16.704666666666665,30,291,30,0.0
13117.0,30,17,2112.52,13.898157894736842,152,1610,114,143.14000000000001
13118.0,117,7,2017.3,17.241880341880343,117,698,85,398.11
13119.0,577,1,134.9,12.263636363636364,11,110,11,0.0
13120.0,147,1,30.599999999999998,30.599999999999998,1,12,1,0.0
13121.0,177,1,283.73,5.674600000000001,50,252,50,0.0
13122.0,3,2,922.39,16.77072727272727,55,585,54,0.0
13123.0,381,2,506.75,11.261111111111111,45,268,36,0.0
13124.0,161,3,3401.8,16.67549019607843,204,2220,163,1239.86
13125.0,432,1,148.62,7.431,20,53,20,0.0
13126.0,161,10,2752.59,16.78408536585366,164,2208,123,1022.22
13128.0,540,1,263.5,263.5,1,31,1,0.0
13129.0,361,2,233.25,21.204545454545453,11,296,10,0.0
13130.0,3,1,64.0,32.0,2,32,2,0.0
13131.0,96,5,2565.37,21.557731092436974,119,1204,98,748.4
13132.0,170,1,77.3,25.766666666666666,3,20,3,0.0
13133.0,182,3,200.45000000000002,16.70416666666667,12,55,12,0.0
13134.0,92,5,1567.39,22.715797101449276,69,635,61,907.84
13135.0,105,2,3371.45,187.30277777777778,18,4423,18,0.0
13136.0,51,11,4893.63,19.342411067193677,253,2458,179,1380.93
13137.0,1,13,5871.97,5.3576368613138685,1096,3203,547,1714.97
13138.0,42,4,801.07,14.564909090909092,55,363,33,472.94
13139.0,18,4,4848.98,33.44124137931034,145,2915,128,3354.0
13140.0,17,5,1054.92,10.046857142857144,105,572,89,0.0
13141.0,123,16,6668.36,17.64116402116402,378,4553,259,987.72
13143.0,493,1,405.1,17.61304347826087,23,198,23,0.0
13144.0,241,2,135.35,22.558333333333334,6,29,6,0.0
13145.0,0,6,1009.72,126.215,8,241,5,118.80000000000001
13147.0,8,1,118.80000000000001,118.80000000000001,1,24,1,594.0
13148.0,42,24,7580.57,10.986333333333333,690,3892,400,917.25
13149.0,15,3,1132.62,17.6971875,64,884,58,543.44
13150.0,393,3,449.96999999999997,56.246249999999996,8,171,7,0.0
13151.0,204,3,2465.21,15.602594936708861,158,813,131,0.0
13152.0,326,7,2146.38,15.899111111111113,135,977,114,0.0
13154.0,307,3,1624.84,17.471397849462363,93,976,78,0.0
13155.0,235,4,967.92,10.754666666666667,90,506,68,402.56
13156.0,294,3,1586.54,15.255192307692308,104,914,94,0.0
13157.0,50,8,4819.34,23.281835748792272,207,4111,137,868.02
13158.0,3,5,1508.18,15.081800000000001,100,992,70,0.0
13159.0,15,2,843.09,11.09328947368421,76,627,75,586.26
13161.0,222,2,472.13,14.306969696969697,33,105,30,0.0
13162.0,30,16,9275.49,38.972647058823526,238,5755,186,0.0
13163.0,518,1,17.65,8.825,2,3,2,0.0
13164.0,478,2,372.2,37.22,10,120,7,0.0
13165.0,260,2,784.3199999999999,39.215999999999994,20,856,20,666.84
13166.0,192,2,875.93,12.881323529411764,68,522,55,0.0
13167.0,39,3,751.37,14.449423076923077,52,669,46,373.78
13168.0,108,4,1494.2,9.702597402597403,154,773,119,346.53000000000003
13169.0,161,2,632.4,57.49090909090909,11,120,11,207.68
13171.0,208,1,140.35,6.102173913043478,23,53,23,328.06
13172.0,309,1,69.6,69.6,1,48,1,0.0
13173.0,276,10,2212.11,11.286275510204081,196,1318,147,187.71
13174.0,225,11,7286.6,8.414087759815242,866,3369,564,708.76
13175.0,491,2,831.45,18.075,46,423,40,0.0
13177.0,339,1,229.75,17.673076923076923,13,89,13,282.45
13178.0,42,18,12725.45,20.295773524720893,627,7807,183,1333.74
13179.0,527,1,572.3100000000001,16.832647058823532,34,368,34,0.0
13180.0,516,1,86.10000000000001,21.525000000000002,4,42,4,0.0
13181.0,290,1,359.69,18.931052631578947,19,171,19,0.0
13183.0,9,12,5473.38,40.846119402985074,134,3267,64,1562.8000000000002
13184.0,39,9,1472.1,9.317088607594936,158,1537,122,196.85
13185.0,176,1,71.4,71.4,1,12,1,0.0
13186.0,2,2,1301.94,20.665714285714287,63,547,57,273.95
13187.0,245,4,341.36,6.095714285714286,56,296,51,0.0
13189.0,24,1,127.0,7.055555555555555,18,526,18,133.68
13190.0,453,3,570.66,33.56823529411764,17,308,16,0.0
13191.0,566,1,164.69,2.79135593220339,59,115,58,0.0
13192.0,4,6,2558.58,15.793703703703704,162,1629,135,0.0
13194.0,44,2,472.78,47.278,10,326,10,0.0
13195.0,323,1,136.73,2.972391304347826,46,70,43,0.0
13196.0,171,4,1783.19,15.921339285714286,112,1102,89,1285.65
13197.0,518,1,373.01,19.632105263157893,19,204,19,0.0
13198.0,29,7,4582.17,15.800586206896552,290,3170,248,392.06
13199.0,1,51,10887.25,72.58166666666666,150,9043,42,5076.96
13200.0,35,1,319.32,22.80857142857143,14,249,14,550.77
13201.0,411,4,1233.06,14.337906976744186,86,1036,65,0.0
13202.0,302,7,1580.3,22.902898550724636,69,572,55,0.0
13203.0,29,8,2088.65,15.823106060606062,132,1887,125,559.6
13204.0,640,1,966.6600000000001,16.958947368421054,57,428,57,0.0
13205.0,351,1,2803.2,2803.2,1,256,1,0.0
13206.0,308,13,8308.19,14.678780918727917,566,7086,393,0.0
13207.0,59,3,483.12000000000006,48.312000000000005,10,120,8,52.739999999999995
13208.0,64,7,1587.47,7.383581395348838,215,1112,172,388.83
13209.0,37,10,6773.98,23.93632508833922,283,4783,230,1735.53
13210.0,2,1,353.48,16.067272727272726,22,316,22,0.0
13211.0,3,9,2307.9900000000002,12.083717277486912,191,1590,96,310.78
13213.0,37,10,3294.82,19.96860606060606,165,2080,147,556.7
13214.0,326,7,3264.23,14.254279475982532,229,2966,207,0.0
13215.0,310,1,81.6,81.6,1,96,1,0.0
13216.0,176,1,333.74,66.748,5,297,5,0.0
13217.0,31,4,666.48,133.296,5,512,3,0.0
13218.0,35,1,62.63999999999999,12.527999999999999,5,88,5,0.0
13219.0,527,1,76.23,6.930000000000001,11,11,11,0.0
13220.0,94,4,1243.29,25.37326530612245,49,332,43,92.8
13221.0,148,2,847.41,12.839545454545455,66,244,62,0.0
13222.0,486,1,88.5,88.5,1,30,1,0.0
13223.0,109,6,969.1200000000001,74.54769230769232,13,568,8,0.0
13224.0,60,1,1212.26,28.863333333333333,42,665,42,943.69
13225.0,51,14,14095.79,123.6472807017544,114,6149,54,2164.28
13226.0,182,2,312.46,11.159285714285714,28,179,28,0.0
13227.0,110,1,257.7,28.633333333333333,9,99,9,0.0
13229.0,134,1,160.95000000000002,16.095000000000002,10,63,10,0.0
13230.0,46,28,5559.61,5.040444242973708,1103,3214,582,560.4
13232.0,7,5,1019.05,6.213719512195122,164,649,129,309.3
13233.0,245,3,875.58,17.5116,50,1004,49,300.88
13234.0,581,2,346.5,5.680327868852459,61,159,56,0.0
13235.0,120,1,1031.07,17.77706896551724,58,441,53,0.0
13236.0,15,1,439.23,20.915714285714287,21,168,21,305.62
13237.0,296,1,643.0,26.791666666666668,24,128,24,0.0
13238.0,72,4,624.75,19.5234375,32,281,19,381.88
13239.0,170,5,1594.69,17.14720430107527,93,1151,86,0.0
13240.0,5,8,1475.79,7.342238805970149,201,709,160,0.0
13241.0,320,1,112.53,2.81325,40,46,40,0.0
13242.0,21,7,699.4,19.982857142857142,35,350,19,0.0
13243.0,112,5,1220.38,5.953073170731708,205,554,165,0.0
13244.0,1,1,121.74000000000001,4.508888888888889,27,38,27,0.0
13245.0,341,1,558.72,19.266206896551726,29,246,29,430.5
13246.0,85,10,3228.74,9.304726224783861,347,2742,214,123.01
13248.0,33,2,465.68,17.91076923076923,26,305,25,0.0
13249.0,1,9,1608.93,45.96942857142857,35,1246,21,0.0
13250.0,369,2,253.09,13.320526315789474,19,107,17,0.0
13251.0,311,1,252.68,10.1072,25,215,25,0.0
13252.0,302,2,399.3,21.01578947368421,19,134,19,0.0
13253.0,65,4,2951.11,39.34813333333334,75,3015,73,0.0
13254.0,285,1,51.410000000000004,12.852500000000001,4,43,4,0.0
13255.0,282,2,504.95,26.576315789473682,19,340,19,173.81
13257.0,345,1,149.75,21.392857142857142,7,33,7,0.0
13258.0,114,3,535.47,25.49857142857143,21,241,14,473.96
13259.0,306,8,1119.36,4.824827586206896,232,377,181,283.18
13261.0,177,2,944.1,104.9,9,210,8,0.0
13262.0,172,3,573.45,11.469000000000001,50,247,48,0.0
13263.0,16,27,6094.06,4.387372210223182,1389,3399,434,2582.14
13264.0,351,1,722.5600000000001,19.014736842105265,38,375,38,0.0
13265.0,92,3,1450.66,23.781311475409836,61,1126,44,642.0
13266.0,21,15,4836.36,20.40658227848101,237,5469,129,1298.68
13267.0,1,32,8027.66,23.067988505747127,348,3334,134,1402.15
13268.0,78,6,2117.81,7.2034353741496595,294,2490,206,1056.94
13269.0,18,21,6172.54,16.286385224274404,379,4867,195,2364.78
13270.0,275,1,590.0,590.0,1,200,1,0.0
13273.0,22,1,138.98,8.68625,16,153,16,0.0
13274.0,318,1,360.85,18.992105263157896,19,199,19,0.0
13275.0,292,2,238.85999999999999,4.976249999999999,48,138,48,0.0
13276.0,8,4,1438.36,6.6590740740740735,216,699,191,453.55
13277.0,25,5,390.8,20.568421052631578,19,292,9,132.5
13278.0,308,3,893.12,14.40516129032258,62,821,48,542.73
13280.0,31,7,2293.33,11.186975609756097,205,1489,159,0.0
13281.0,347,1,350.85,15.947727272727274,22,201,22,0.0
13282.0,71,3,954.15,26.504166666666666,36,275,28,359.04
13283.0,94,3,305.20000000000005,20.34666666666667,15,144,14,68.16
13284.0,239,1,201.19,15.476153846153846,13,91,13,0.0
13285.0,70,5,2625.57,14.505911602209945,181,1860,147,739.02
13286.0,509,1,734.91,14.998163265306122,49,274,46,0.0
13287.0,512,3,781.59,14.746981132075472,53,429,46,0.0
13288.0,351,5,927.61,92.761,10,379,7,0.0
13289.0,632,1,307.95,19.246875,16,119,16,0.0
13290.0,346,1,208.63,208.63,1,1,1,0.0
13291.0,64,11,3270.79,10.285503144654088,318,1600,155,0.0
13292.0,193,4,665.14,15.836666666666666,42,316,41,329.37
13293.0,301,6,1192.94,16.56861111111111,72,555,51,0.0
13294.0,98,3,1689.53,16.564019607843136,102,996,93,0.0
13295.0,268,4,1101.97,16.44731343283582,67,733,56,0.0
13296.0,46,6,792.51,14.953018867924529,53,653,50,0.0
13297.0,294,3,2278.77,35.60578125,64,1731,58,2089.85
13299.0,177,3,1218.7,19.656451612903226,62,416,56,0.0
13300.0,78,3,1285.51,23.37290909090909,55,455,44,0.0
13301.0,12,4,618.09,7.630740740740741,81,345,75,0.0
13302.0,63,2,159.2,53.06666666666666,3,12,3,0.0
13303.0,309,1,61.72,15.43,4,26,4,0.0
13304.0,260,4,1217.99,15.61525641025641,78,716,59,0.0
13305.0,1,14,3086.7999999999997,17.439548022598867,177,1931,140,529.61
13306.0,339,1,53.65,13.4125,4,74,4,0.0
13307.0,28,3,273.34,18.222666666666665,15,140,15,0.0
13308.0,112,2,1099.81,25.576976744186044,43,749,42,570.5600000000001
13309.0,115,3,796.22,11.374571428571429,70,986,59,910.15
13310.0,115,4,1226.82,16.357599999999998,75,624,65,314.38
13311.0,59,1,490.11,20.42125,24,271,24,108.46000000000001
13312.0,360,1,124.75,24.95,5,41,5,0.0
13313.0,49,10,2808.34,18.00217948717949,156,1944,93,636.98
13315.0,598,1,310.26,14.102727272727272,22,232,22,0.0
13316.0,40,8,10743.07,79.5782962962963,135,18700,93,2197.75
13317.0,107,18,5526.3910000000005,19.18885763888889,288,2614,181,959.7
13319.0,0,51,17868.14,22.196447204968944,805,7447,303,3455.08
13320.0,15,5,1660.55,14.566228070175438,114,1210,81,551.05
13324.0,112,15,7190.51,74.90114583333333,96,5716,30,3322.96
13326.0,340,1,281.76,21.673846153846153,13,140,13,0.0
13327.0,21,19,8245.460000000001,27.48486666666667,300,3859,163,889.02
13328.0,225,1,1308.48,76.96941176470588,17,680,17,0.0
13329.0,275,7,4323.97,40.03675925925926,108,3023,60,484.8
13330.0,1,6,2796.1,23.898290598290597,117,1951,80,0.0
13331.0,310,1,262.4,21.866666666666664,12,54,12,0.0
13333.0,320,3,1015.74,18.468,55,685,54,0.0
13334.0,99,4,5408.07,12.815331753554501,422,2777,280,793.73
13337.0,455,1,1575.26,18.106436781609194,87,980,87,0.0
13338.0,66,4,2445.62,19.10640625,128,1151,113,0.0
13339.0,109,1,860.12,15.928148148148148,54,326,54,0.0
13340.0,14,10,20593.62,106.70269430051813,193,9014,173,1506.94
13341.0,169,1,775.85,18.472619047619048,42,301,42,0.0
13343.0,86,1,353.43,18.60157894736842,19,135,19,0.0
13344.0,186,1,1656.15,24.35514705882353,68,599,68,855.54
13345.0,196,1,389.5,19.475,20,141,20,0.0
13346.0,371,6,299.4,49.9,6,180,4,0.0
13355.0,31,1,674.7,21.084375,32,314,32,0.0
13357.0,166,5,3805.5099999999998,9.658654822335025,394,2112,284,0.0
13358.0,177,1,439.03,15.138965517241378,29,285,29,0.0
13359.0,312,1,603.75,18.295454545454547,33,220,33,439.56
13360.0,340,4,1553.65,23.540151515151518,66,942,58,0.0
13361.0,381,2,1450.5,42.661764705882355,34,324,29,0.0
13362.0,154,5,3884.86,17.266044444444447,225,1826,161,1509.21
13363.0,318,1,731.36,17.413333333333334,42,436,42,992.5
13365.0,126,1,700.6,17.964102564102564,39,404,39,1524.77
13367.0,340,1,510.20000000000005,25.51,20,253,20,0.0
13368.0,165,4,1121.5,21.567307692307693,52,606,45,0.0
13369.0,274,1,308.28000000000003,22.020000000000003,14,149,14,0.0
13370.0,280,1,754.87,19.355641025641027,39,343,39,0.0
13371.0,413,2,2297.66,24.9745652173913,92,1019,75,0.0
13373.0,67,5,6330.52,20.68797385620915,306,3556,261,1256.67
13374.0,323,2,422.8,24.870588235294118,17,135,17,0.0
13375.0,353,1,1013.58,29.811176470588236,34,682,34,778.65
13376.0,7,3,1019.76,19.240754716981133,53,493,45,0.0
13377.0,305,2,1552.88,19.90871794871795,78,748,71,0.0
13379.0,45,1,136.29,10.483846153846153,13,166,13,436.27
13380.0,341,1,62.4,20.8,3,48,3,0.0
13381.0,22,10,7046.39,23.48796666666667,300,4347,148,1177.98
13382.0,189,5,1387.58,16.134651162790696,86,863,74,0.0
13383.0,452,1,305.28000000000003,305.28000000000003,1,288,1,0.0
13384.0,37,6,4284.74,23.036236559139784,186,2782,149,2396.09
13385.0,238,1,534.57,15.273428571428573,35,281,35,0.0
13386.0,323,2,835.46,26.950322580645164,31,514,24,0.0
13387.0,326,1,186.94,2.632957746478873,71,123,71,0.0
13388.0,40,3,1185.65,17.183333333333334,69,701,68,0.0
13389.0,141,1,257.89,14.327222222222222,18,115,18,540.07
13391.0,112,1,59.8,59.8,1,4,1,0.0
13392.0,586,1,91.14,11.3925,8,82,8,0.0
13393.0,492,4,1131.45,16.397826086956524,69,662,53,0.0
13394.0,24,16,5645.13,16.17515759312321,349,4437,221,976.57
13395.0,94,3,1180.23,14.57074074074074,81,1660,77,0.0
13396.0,228,1,387.27000000000004,25.818,15,139,15,973.72
13397.0,19,9,2875.9300000000003,35.949125,80,1264,62,315.94
13398.0,101,2,670.34,17.18820512820513,39,341,37,0.0
13399.0,373,3,275.4,18.36,15,120,10,0.0
13400.0,491,1,310.83,13.514347826086956,23,284,23,0.0
13402.0,36,4,1226.85,15.529746835443037,79,917,55,0.0
13403.0,296,2,154.5,25.75,6,70,6,75.0
13404.0,121,1,217.81,24.20111111111111,9,99,9,34.68
13405.0,112,5,1198.81,29.239268292682926,41,853,32,15.001
13406.0,336,2,568.92,63.21333333333333,9,292,7,0.0
13407.0,487,3,2244.7,26.408235294117645,85,1690,85,0.0
13408.0,8,85,39894.422,60.081960843373494,664,22949,271,10280.36
13410.0,96,7,1743.94,47.13351351351351,37,1026,21,458.02
13411.0,16,1,213.55,11.863888888888889,18,72,17,0.0
13412.0,528,1,487.34999999999997,14.333823529411763,34,176,33,0.0
13413.0,548,6,429.44,9.986976744186046,43,455,38,0.0
13414.0,42,6,2494.14,45.348,55,2702,48,0.0
13415.0,381,4,784.17,7.764059405940594,101,496,85,0.0
13416.0,645,1,228.3,32.614285714285714,7,66,7,712.5
13417.0,113,5,1264.66,21.43491525423729,59,442,42,404.83
13418.0,7,28,10176.36,21.06906832298137,483,6604,306,1383.3
13420.0,58,2,159.85,19.98125,8,101,8,0.0
13421.0,199,7,3050.08,13.43647577092511,227,1718,157,1008.67
13423.0,337,1,217.03,18.085833333333333,12,141,12,0.0
13424.0,358,1,572.77,14.31925,40,529,40,0.0
13425.0,16,5,3390.4300000000003,19.154971751412432,177,2358,124,0.0
13426.0,91,17,6084.74,22.61985130111524,269,3822,127,2082.64
13427.0,29,5,888.79,19.321521739130436,46,766,32,117.74000000000001
13428.0,423,2,276.76,4.130746268656717,67,205,66,201.78
13431.0,315,6,2047.14,24.66433734939759,83,898,74,1269.1
13432.0,480,2,439.1,3.955855855855856,111,217,98,0.0
13433.0,409,4,658.32,27.430000000000003,24,190,22,0.0
13434.0,5,4,1205.46,40.182,30,624,17,461.4000000000001
13435.0,19,5,1725.56,20.30070588235294,85,1519,64,2721.77
13437.0,7,4,2173.6,18.113333333333333,120,689,108,1234.46
13438.0,455,1,46.5,46.5,1,10,1,0.0
13439.0,164,3,986.61,5.907844311377246,167,952,132,0.0
13440.0,332,7,1295.25,21.953389830508474,59,573,49,0.0
13441.0,0,2,720.9,18.971052631578946,38,520,33,0.0
13442.0,576,3,419.87,11.04921052631579,38,115,33,0.0
13443.0,357,6,1273.16,6.3658,200,805,176,0.0
13444.0,283,2,619.08,10.861052631578948,57,331,51,0.0
13445.0,535,1,241.89999999999998,34.55714285714286,7,198,7,0.0
13446.0,338,11,3881.89,20.218177083333334,192,2403,113,0.0
13448.0,127,11,6634.5,16.181707317073172,410,3267,271,2111.4300000000003
13450.0,33,11,3497.7799999999997,29.393109243697477,119,3606,47,622.26
13451.0,34,10,6577.3,6.9089285714285715,952,4844,534,512.76
13452.0,168,3,729.8,243.26666666666665,3,6,2,0.0
13453.0,74,3,781.6899999999999,19.54225,40,341,33,0.0
13454.0,550,1,219.87,9.559565217391304,23,198,23,0.0
13455.0,275,5,1847.59,18.85295918367347,98,631,70,365.4
13456.0,64,3,855.0600000000001,37.176521739130436,23,261,18,911.6600000000001
13457.0,597,2,148.22,16.468888888888888,9,96,9,0.0
13458.0,8,12,9991.12,25.293974683544306,395,5773,258,1968.15
13459.0,533,2,1160.4099999999999,15.896027397260273,73,986,57,0.0
13461.0,47,5,3599.2,69.21538461538461,52,2798,29,560.8
13462.0,161,5,1153.85,16.251408450704226,71,697,64,0.0
13464.0,303,5,2422.96,22.02690909090909,110,1037,95,674.68
13465.0,355,2,931.12,27.385882352941177,34,584,34,0.0
13466.0,92,5,1013.35,18.424545454545456,55,660,49,0.0
13468.0,1,64,11827.33,18.655094637223975,634,5092,276,965.9499999999999
13469.0,562,1,82.4,13.733333333333334,6,52,6,0.0
13470.0,8,2,165.0,16.5,10,100,7,0.0
13472.0,372,2,592.24,21.15142857142857,28,310,24,0.0
13473.0,241,7,2476.38,40.596393442622954,61,932,56,181.38
13474.0,145,3,646.59,5.131666666666667,126,318,116,0.0
13475.0,100,4,1431.78,16.648604651162792,86,1012,64,0.0
13476.0,87,5,2061.4700000000003,19.447830188679248,106,713,86,0.0
13477.0,47,9,2264.14,17.82787401574803,127,1696,93,555.03
13478.0,378,5,2215.78,17.72624,125,1189,114,0.0
13479.0,109,4,851.37,16.063584905660377,53,716,45,0.0
13480.0,325,2,627.82,15.31268292682927,41,362,40,0.0
13481.0,17,10,3387.61,17.195989847715737,197,1774,142,443.23
13482.0,140,2,336.09,16.804499999999997,20,187,20,0.0
13484.0,149,3,790.72,20.274871794871796,39,224,38,0.0
13485.0,142,11,3019.2200000000003,19.108987341772153,158,1798,131,0.0
13486.0,37,2,819.61,15.76173076923077,52,529,52,302.8
13487.0,121,4,680.27,17.44282051282051,39,310,26,166.6
13488.0,29,19,11834.03,21.019591474245118,563,6089,335,2371.93
13489.0,14,4,449.52,32.10857142857143,14,560,11,0.0
13490.0,563,1,154.25,19.28125,8,25,8,0.0
13491.0,56,26,4340.29,17.155296442687746,253,2258,137,127.37
13492.0,45,3,1269.8400000000001,25.396800000000002,50,408,38,0.0
13493.0,184,2,618.63,77.32875,8,380,6,0.0
13494.0,220,1,316.26000000000005,17.570000000000004,18,162,18,0.0
13495.0,141,8,3890.87,34.43247787610619,113,2121,50,972.44
13496.0,268,1,501.01,19.269615384615385,26,229,26,152.32
13497.0,191,6,1166.83,20.117758620689653,58,525,52,0.0
13498.0,639,1,327.38,19.25764705882353,17,362,17,0.0
13499.0,134,2,463.79,22.085238095238097,21,265,18,695.32
13500.0,31,2,625.9300000000001,15.64825,40,357,38,840.37
13501.0,196,3,2885.11,25.30798245614035,114,1253,90,0.0
13502.0,183,4,677.66,28.235833333333332,24,336,20,102.84
13503.0,388,5,1642.39,9.548779069767443,172,857,148,216.85
13505.0,75,3,2583.12,21.000975609756097,123,1261,110,1810.51
13506.0,225,5,1338.08,16.519506172839506,81,942,55,0.0
13507.0,7,3,2022.79,15.803046875,128,1212,123,456.37
13508.0,152,2,287.05,10.251785714285715,28,180,27,0.0
13509.0,8,6,840.02,23.33388888888889,36,907,24,274.7
13510.0,4,9,3664.54,15.593787234042553,235,2401,147,893.75
13511.0,585,1,282.76,56.552,5,60,5,0.0
13512.0,169,4,713.39,18.292051282051283,39,419,31,0.0
13513.0,35,3,824.59,20.61475,40,364,32,0.0
13514.0,337,3,663.7,39.04117647058824,17,248,13,152.20000000000002
13515.0,26,5,898.66,17.281923076923075,52,611,45,367.16
13516.0,147,2,441.85,18.410416666666666,24,185,22,1243.41
13517.0,15,2,1612.18,14.927592592592593,108,981,99,516.24
13519.0,351,1,220.46,20.041818181818183,11,110,11,122.75
13520.0,46,10,5929.63,33.31252808988764,178,2842,72,676.37
13523.0,108,4,2938.93,22.434580152671753,131,1065,117,1595.64
13524.0,10,3,408.86,22.714444444444446,18,187,14,271.32
13525.0,157,1,282.88,141.44,2,208,2,345.9
13526.0,647,2,1182.0,26.863636363636363,44,1911,29,0.0
13527.0,14,9,3661.45,10.31394366197183,355,2341,231,879.84
13529.0,113,1,181.1,25.87142857142857,7,30,7,126.66000000000001
13530.0,543,1,402.97999999999996,22.387777777777774,18,272,18,0.0
13531.0,113,6,1433.07,19.107599999999998,75,497,44,0.0
13533.0,91,3,269.09,3.5878666666666663,75,202,61,0.0
13534.0,16,31,6222.35,18.85560606060606,330,3150,145,1498.55
13535.0,311,1,89.5,89.5,1,10,1,0.0
13537.0,334,2,717.85,17.09166666666667,42,337,38,0.0
13538.0,3,11,2813.03,20.533065693430657,137,921,104,290.1
13539.0,149,6,1253.67,17.90957142857143,70,621,58,315.69
13540.0,376,3,632.39,19.7621875,32,189,26,0.0
13541.0,335,2,785.25,78.525,10,279,10,0.0
13542.0,285,17,3959.4900000000002,11.962205438066466,331,804,98,0.0
13543.0,543,2,1439.61,30.63,47,329,37,0.0
13544.0,149,5,627.15,3.1047029702970295,202,282,186,163.05
13545.0,299,2,364.93,6.757962962962963,54,252,54,0.0
13546.0,109,3,647.41,7.992716049382715,81,337,58,438.83
13547.0,317,1,167.07999999999998,3.797272727272727,44,79,44,0.0
13548.0,5,3,901.44,4.899130434782609,184,558,169,0.0
13549.0,51,6,849.65,16.659803921568628,51,507,41,156.15
13550.0,292,1,342.55,8.155952380952382,42,430,40,0.0
13551.0,228,2,244.2,48.839999999999996,5,36,5,0.0
13552.0,32,19,5971.76,34.320459770114944,174,2237,145,977.16
13553.0,583,1,499.6,5.613483146067416,89,201,85,0.0
13554.0,289,7,1629.35,8.313010204081632,196,578,156,0.0
13555.0,110,11,6383.01,20.135678233438487,317,2994,204,2508.83
13556.0,337,2,200.82,22.313333333333333,9,134,8,0.0
13557.0,189,12,2688.88,16.598024691358024,162,2076,116,343.38
13559.0,421,2,990.0,495.0,2,360,1,0.0
13561.0,124,11,1803.4,7.875109170305677,229,1125,131,0.0
13562.0,50,7,4248.58,25.440598802395208,167,1373,87,589.6
13563.0,48,1,310.88,7.971282051282051,39,146,39,466.65
13564.0,53,37,16498.97,13.749141666666668,1200,8878,484,0.0
13565.0,243,2,284.76,8.136,35,166,28,130.04
13566.0,343,3,831.76,4.2221319796954315,197,690,159,856.84
13567.0,337,4,1079.29,5.369601990049751,201,643,180,0.0
13568.0,82,1,187.05,4.3500000000000005,43,66,41,0.0
13569.0,276,3,497.74,4.046666666666667,123,232,103,228.8
13570.0,152,1,239.49,8.870000000000001,27,161,27,0.0
13571.0,1,21,3532.15,6.912230919765166,511,2285,223,1005.11
13572.0,114,1,1384.25,41.946969696969695,33,534,32,0.0
13573.0,162,5,646.04,9.939076923076923,65,355,54,258.48
13574.0,320,1,404.45,4.444505494505495,91,304,84,0.0
13575.0,42,2,218.75,16.826923076923077,13,113,13,513.32
13576.0,5,23,9326.19,43.99146226415095,212,3671,112,1876.4
13577.0,1,10,2995.48,19.707105263157896,152,1467,92,493.8
13578.0,318,1,147.66,16.406666666666666,9,127,9,0.0
13579.0,277,4,1072.0,16.0,67,588,62,302.34
13580.0,315,1,107.75,21.55,5,45,5,0.0
13581.0,218,2,280.53000000000003,8.500909090909092,33,119,32,0.0
13582.0,298,2,241.68,21.970909090909092,11,106,10,0.0
13583.0,64,2,1445.031,15.052406249999999,96,1097,93,0.0
13584.0,215,3,385.7,4.82125,80,360,74,0.0
13585.0,439,3,684.54,17.552307692307693,39,1386,29,0.0
13586.0,450,1,127.28,6.364,20,38,20,0.0
13587.0,358,3,961.1,43.68636363636364,22,484,20,712.4
13588.0,8,4,1420.72,13.660769230769231,104,1648,101,1058.23
13589.0,88,5,888.09,22.20225,40,207,36,232.65
13590.0,59,16,5470.5,14.785135135135135,370,4323,242,865.54
13591.0,113,6,1753.04,21.642469135802468,81,628,71,340.9
13592.0,114,3,205.51,15.808461538461538,13,71,12,42.45
13593.0,17,14,5493.29,13.463946078431372,408,2170,212,0.0
13594.0,394,1,136.35000000000002,19.47857142857143,7,37,7,396.96999999999997
13595.0,425,3,784.48,5.485874125874126,143,341,114,0.0
13597.0,309,2,396.71,23.335882352941177,17,231,17,0.0
13598.0,404,4,601.92,10.559999999999999,57,341,46,160.04
13599.0,65,20,6974.96,30.06448275862069,232,4486,146,2836.08
13600.0,221,2,518.42,12.644390243902437,41,599,35,0.0
13601.0,119,3,839.87,6.561484375,128,684,114,320.12
13602.0,290,3,596.28,17.036571428571428,35,271,29,428.89
13604.0,567,1,717.62,34.172380952380955,21,242,21,0.0
13605.0,295,2,522.67,9.861698113207547,53,425,50,0.0
13606.0,152,2,246.63,6.665675675675676,37,240,37,30.119999999999997
13607.0,311,1,400.3,16.679166666666667,24,178,24,675.51
13608.0,449,1,232.05,6.825,34,110,31,0.0
13609.0,502,1,167.35,23.907142857142855,7,19,7,0.0
13610.0,19,12,1786.14,5.162254335260116,346,745,287,317.57
13611.0,79,9,2780.25,14.94758064516129,186,1654,142,517.68
13612.0,541,1,818.29,16.3658,50,444,50,0.0
13613.0,361,5,1039.8500000000001,17.62457627118644,59,445,50,0.0
13614.0,73,4,1526.16,9.846193548387097,155,500,142,806.58
13615.0,227,8,6272.53,17.091362397820163,367,2910,259,0.0
13616.0,477,2,283.85,8.110000000000001,35,172,31,0.0
13617.0,22,7,1100.27,12.090879120879121,91,481,43,178.48
13618.0,82,1,177.34,13.641538461538461,13,246,13,0.0
13619.0,453,2,224.94,4.998666666666667,45,79,39,0.0
13620.0,437,1,112.34,22.468,5,74,5,0.0
13621.0,25,1,213.85,11.255263157894737,19,343,19,0.0
13622.0,605,1,658.95,20.5921875,32,379,32,0.0
13623.0,118,9,2344.49,8.715576208178438,269,873,198,188.57
13624.0,297,1,462.08,21.003636363636364,22,820,22,0.0
13625.0,505,1,301.26,14.345714285714285,21,144,21,0.0
13626.0,161,2,707.04,16.069090909090907,44,398,44,0.0
13627.0,85,5,1634.43,16.182475247524753,101,1138,97,611.47
13628.0,585,1,310.14000000000004,19.383750000000003,16,106,16,0.0
13629.0,7,16,11296.86,144.83153846153846,78,6572,27,2074.0
13630.0,14,5,1361.46,22.319016393442624,61,973,49,670.3199999999999
13631.0,8,11,3070.42,279.1290909090909,11,467,6,0.0
13632.0,82,6,2339.14,14.711572327044024,159,912,124,1306.67
13634.0,15,14,4242.38,12.086552706552707,351,1737,191,791.39
13635.0,351,3,1928.1299999999999,19.281299999999998,100,1207,89,1071.03
13636.0,31,4,646.55,15.76951219512195,41,339,36,302.57
13637.0,96,2,678.65,7.457692307692308,91,350,75,125.65
13639.0,345,1,312.93,16.47,19,197,19,1033.34
13640.0,520,1,405.0,101.25,4,108,4,0.0
13641.0,549,5,1016.47,23.10159090909091,44,1098,41,0.0
13642.0,124,4,472.2,4.497142857142857,105,231,93,0.0
13643.0,7,9,1896.73,21.55375,88,755,63,260.04
13644.0,14,1,851.09,17.731041666666666,48,659,48,1773.17
13645.0,28,1,252.1,50.42,5,158,5,0.0
13646.0,308,2,326.25,5.625,58,79,58,0.0
13647.0,84,6,2197.42,23.3768085106383,94,1349,78,844.26
13648.0,309,8,1764.02,16.641698113207546,106,960,95,0.0
13649.0,165,6,1453.68,13.46,108,782,97,0.0
13650.0,116,6,2197.18,19.61767857142857,112,1108,84,1090.82
13651.0,290,1,132.65,16.58125,8,29,8,94.2
13652.0,165,4,1805.21,15.562155172413794,116,1170,102,456.84000000000003
13653.0,396,1,152.2,16.91111111111111,9,72,9,0.0
13654.0,54,9,5314.94,19.540220588235293,272,4112,223,993.0600000000001
13655.0,23,6,2280.51,19.163949579831936,119,1225,103,0.0
13656.0,73,4,1078.85,12.400574712643676,87,862,81,0.0
13657.0,110,1,152.34,16.926666666666666,9,132,9,229.79999999999998
13658.0,112,5,4319.63,26.830000000000002,161,1452,119,1705.87
13659.0,114,12,4884.68,17.827299270072995,274,2527,224,0.0
13660.0,308,1,306.64,7.6659999999999995,40,136,39,0.0
13661.0,512,1,325.24,19.131764705882354,17,118,17,0.0
13662.0,121,10,1868.79,15.837203389830508,118,989,109,364.82
13663.0,88,5,2047.51,20.681919191919192,99,893,87,0.0
13665.0,295,3,1711.6599999999999,16.147735849056602,106,1652,97,0.0
13666.0,196,4,107.3,7.153333333333333,15,50,15,20.6
13667.0,58,1,299.05,3.603012048192771,83,149,82,0.0
13668.0,22,30,11539.62,18.58231884057971,621,5312,356,1408.86
13669.0,58,2,243.15,30.39375,8,169,8,170.4
13671.0,303,1,172.6,2.696875,64,95,61,0.0
13672.0,210,3,419.92,23.32888888888889,18,138,13,0.0
13674.0,341,1,240.68,17.19142857142857,14,102,14,0.0
13675.0,60,2,486.82000000000005,19.472800000000003,25,330,25,0.0
13676.0,447,2,243.9,18.76153846153846,13,104,13,0.0
13677.0,313,2,551.24,5.200377358490566,106,217,98,0.0
13678.0,60,1,232.6,14.5375,16,924,16,0.0
13679.0,402,3,281.26,5.6251999999999995,50,102,44,0.0
13680.0,246,10,10092.14,19.333601532567048,522,4505,280,1327.53
13681.0,64,1,203.46,15.650769230769232,13,96,13,624.37
13682.0,96,1,59.5,19.833333333333332,3,10,3,0.0
13683.0,366,1,258.6,25.860000000000003,10,180,10,0.0
13684.0,194,4,594.88,5.508148148148148,108,234,81,0.0
13686.0,91,3,409.04,12.030588235294118,34,378,27,0.0
13687.0,346,1,11880.84,264.01866666666666,45,87167,45,0.0
13688.0,544,1,375.5,75.1,5,130,5,0.0
13689.0,353,1,349.5,116.5,3,210,3,910.0
13691.0,304,1,212.78,3.9403703703703705,54,145,54,0.0
13692.0,122,4,2497.66,33.30213333333333,75,1610,69,616.74
13693.0,282,9,2011.82,18.97943396226415,106,880,78,0.0
13694.0,16,132,176512.71,126.4417693409742,1396,173719,845,19127.98
13695.0,7,13,2033.67,29.05242857142857,70,1362,36,737.0600000000001
13696.0,330,3,2020.4,84.18333333333334,24,552,24,0.0
13698.0,505,2,451.73,11.887631578947369,38,227,31,0.0
13699.0,63,2,764.15,20.6527027027027,37,219,33,0.0
13700.0,1,11,1983.1100000000001,8.932927927927928,222,2500,162,613.86
13701.0,355,1,161.0,17.88888888888889,9,80,9,0.0
13702.0,354,1,135.18,27.036,5,74,5,0.0
13703.0,227,2,425.56,11.501621621621622,37,128,36,0.0
13705.0,53,6,1528.01,22.806119402985075,67,780,51,189.18
13706.0,211,2,631.17,16.609736842105264,38,301,38,0.0
13707.0,175,5,3365.86,21.715225806451613,155,2210,142,0.0
13708.0,180,1,285.33,5.823061224489796,49,301,49,0.0
13709.0,10,10,4182.51,17.427125,240,2504,184,3388.84
13710.0,332,2,329.04,47.00571428571429,7,160,7,180.48
13711.0,127,9,1792.26,19.48108695652174,92,819,80,0.0
13712.0,155,2,766.42,23.224848484848483,33,1128,32,0.0
13713.0,316,3,740.76,9.2595,80,284,70,0.0
13714.0,374,1,161.35,5.378333333333333,30,50,30,0.0
13715.0,189,17,8153.04,15.92390625,512,4800,277,0.0
13716.0,178,1,138.28,6.584761904761905,21,138,21,0.0
13717.0,37,6,1274.28,13.701935483870967,93,1752,82,489.02
13718.0,155,2,306.55,25.545833333333334,12,173,9,0.0
13719.0,114,8,2080.14,10.000673076923077,208,1165,159,702.94
13720.0,25,4,799.9,18.60232558139535,43,501,42,0.0
13721.0,303,1,217.39999999999998,15.528571428571427,14,196,14,524.14
13722.0,40,10,5635.41,29.816984126984128,189,3059,137,0.0
13723.0,125,6,1194.08,20.58758620689655,58,593,51,0.0
13724.0,546,1,213.01,5.071666666666666,42,130,39,0.0
13725.0,77,7,1865.7,19.638947368421054,95,724,86,114.86
13726.0,9,1,292.68,12.725217391304348,23,384,23,786.98
13727.0,520,6,740.6700000000001,11.756666666666668,63,206,55,333.48
13728.0,16,15,2636.05,17.45728476821192,151,1165,68,219.12
13729.0,344,3,724.73,18.582820512820515,39,419,36,0.0
13730.0,44,2,752.6,17.50232558139535,43,488,38,0.0
13731.0,128,2,610.59,16.068157894736842,38,278,36,0.0
13733.0,319,2,487.03000000000003,16.794137931034484,29,335,28,0.0
13734.0,417,4,6695.690000000001,247.98851851851856,27,302,24,0.0
13735.0,84,11,8288.92,14.961949458483755,554,3726,318,1473.85
13736.0,169,6,2380.2,5.409545454545454,440,1281,255,372.27
13737.0,108,1,339.59999999999997,11.319999999999999,30,125,29,0.0
13738.0,305,1,434.78000000000003,4.885168539325843,89,237,88,0.0
13739.0,436,1,75.3,25.099999999999998,3,22,3,216.9
13740.0,149,5,1582.77,16.837978723404255,94,987,83,0.0
13741.0,92,2,363.13,18.1565,20,143,20,305.3
13742.0,71,10,2632.57,10.203759689922482,258,964,163,475.3
13743.0,16,5,912.1199999999999,30.403999999999996,30,1212,8,429.48
13744.0,4,2,1080.52,17.15111111111111,63,1153,54,0.0
13745.0,70,2,777.36,13.881428571428572,56,1146,46,0.0
13746.0,322,1,176.69,19.63222222222222,9,83,9,0.0
13747.0,282,2,169.79999999999998,33.959999999999994,5,60,4,0.0
13748.0,4,9,2064.35,35.592241379310344,58,1028,40,0.0
13750.0,49,10,3271.55,46.736428571428576,70,1285,47,330.63
13751.0,196,1,296.25,32.916666666666664,9,152,9,0.0
13752.0,33,7,1579.8300000000002,16.806702127659577,94,1005,75,0.0
13753.0,196,4,2094.5699999999997,26.182124999999996,80,1450,64,0.0
13754.0,60,3,447.05,21.288095238095238,21,315,16,0.0
13756.0,2,17,6438.76,22.05054794520548,292,3793,134,2217.19
13757.0,583,1,195.55,24.44375,8,54,8,0.0
13758.0,110,13,7859.1,29.882509505703425,263,4316,199,839.03
13760.0,165,4,1211.94,13.466000000000001,90,522,80,151.7
13761.0,88,5,1373.23,16.347976190476192,84,661,82,578.94
13762.0,127,5,2472.48,70.64228571428572,35,2608,23,0.0
13763.0,326,2,3502.48,100.07085714285715,35,2496,35,1714.96
13764.0,52,5,2343.4900000000002,7.811633333333334,300,1742,240,576.13
13765.0,562,1,352.821,20.754176470588238,17,297,17,0.0
13766.0,404,1,190.35,11.197058823529412,17,137,16,0.0
13767.0,17,64,26359.58,38.93586410635155,677,11206,113,7543.990000000001
13768.0,635,2,875.97,26.544545454545457,33,373,30,0.0
13769.0,1,18,4858.2300000000005,20.15863070539419,241,2145,111,619.89
13770.0,331,4,785.37,16.361875,48,468,48,0.0
13771.0,108,7,4559.22,27.300718562874252,167,2488,135,1169.6
13772.0,5,7,2660.36,5.331382765531062,499,1214,356,439.66
13773.0,305,2,301.54,15.870526315789474,19,174,19,0.0
13775.0,499,1,1049.66,16.661269841269842,63,455,63,0.0
13776.0,336,2,623.98,311.99,2,2,1,0.0
13777.0,38,52,36021.340000000004,129.57316546762593,278,16252,44,13616.92
13778.0,12,4,1124.49,25.55659090909091,44,511,33,0.0
13779.0,424,1,161.13,5.967777777777777,27,53,27,0.0
13780.0,79,2,488.34000000000003,9.7668,50,334,43,243.73000000000002
13781.0,159,3,778.83,13.663684210526316,57,300,56,0.0
13782.0,33,10,1362.01,7.362216216216217,185,458,151,424.07
13783.0,396,4,1542.09,154.209,10,3437,4,0.0
13784.0,3,12,2571.59,65.93820512820513,39,2599,13,338.64
13785.0,337,4,542.49,18.083000000000002,30,151,26,0.0
13786.0,276,6,3127.99,26.965431034482755,116,1515,80,0.0
13787.0,273,5,1019.86,16.449354838709677,62,717,56,202.64000000000001
13788.0,414,1,3.75,3.75,1,1,1,0.0
13789.0,297,1,239.45999999999998,13.303333333333333,18,258,18,0.0
13791.0,36,2,1516.0,137.8181818181818,11,1200,7,0.0
13792.0,196,2,263.0,18.785714285714285,14,92,14,120.95
13793.0,555,1,96.0,13.714285714285714,7,52,7,0.0
13794.0,455,1,126.03,14.003333333333334,9,63,9,0.0
13795.0,296,4,836.3,28.837931034482757,29,1250,23,0.0
13796.0,408,1,289.7,13.168181818181818,22,218,22,0.0
13797.0,345,3,1179.45,15.121153846153847,78,573,71,0.0
13798.0,2,95,67436.16,106.87188589540412,631,42543,154,7992.71
13799.0,25,9,2803.57,26.448773584905663,106,1539,64,0.0
13800.0,218,3,1679.56,23.00767123287671,73,891,73,0.0
13802.0,47,19,26259.11,58.61408482142857,448,14129,212,0.0
13803.0,164,3,1338.91,17.16551282051282,78,831,73,0.0
13804.0,5,6,2098.7400000000002,17.636470588235294,119,1258,107,1062.38
13805.0,38,1,500.24,83.37333333333333,6,728,6,424.36
13807.0,276,3,422.2,16.887999999999998,25,116,24,0.0
13808.0,2,2,723.1,20.66,35,324,33,1024.56
13809.0,214,3,679.7,27.188000000000002,25,281,23,0.0
13811.0,92,3,814.5,62.65384615384615,13,68,7,0.0
13812.0,14,1,278.74,13.937000000000001,20,191,20,260.26
13813.0,43,5,1783.75,19.60164835164835,91,917,55,981.72
13814.0,1,3,2257.32,28.573670886075952,79,1214,56,0.0
13815.0,81,6,6426.13,20.335854430379747,316,4786,188,1049.61
13817.0,260,1,128.7,14.299999999999999,9,63,9,254.28
13818.0,338,1,61.28,12.256,5,60,5,0.0
13819.0,210,6,2642.35,26.161881188118812,101,2309,47,0.0
13820.0,327,3,652.75,7.334269662921348,89,285,68,0.0
13821.0,53,6,1379.08,6.760196078431372,204,477,158,0.0
13823.0,0,6,3096.21,20.77993288590604,149,1450,101,307.24
13824.0,44,11,3045.66,33.840666666666664,90,1334,52,269.1
13825.0,530,2,255.59,6.38975,40,182,38,0.0
13826.0,85,1,189.5,18.95,10,82,10,0.0
13827.0,42,2,300.76,4.930491803278688,61,95,59,109.04
13829.0,329,1,102.0,102.0,1,12,1,0.0
13830.0,490,1,156.85000000000002,14.259090909090911,11,47,11,0.0
13831.0,47,16,5837.94,33.941511627906976,172,2165,121,747.5999999999999
13832.0,331,1,557.69,10.724807692307694,52,392,51,52.199999999999996
13833.0,68,2,700.41,15.91840909090909,44,243,43,0.0
13834.0,485,2,324.19,20.261875,16,221,15,0.0
13835.0,64,5,798.04,15.960799999999999,50,369,41,297.23
13836.0,308,2,620.37,20.011935483870968,31,273,29,0.0
13837.0,120,2,266.59000000000003,14.810555555555558,18,182,17,0.0
13838.0,26,9,1482.79,4.21247159090909,352,604,291,207.28
13839.0,395,1,139.95000000000002,19.992857142857144,7,25,7,0.0
13840.0,325,1,651.4,16.285,40,358,40,0.0
13841.0,161,1,85.0,85.0,1,100,1,0.0
13842.0,64,16,4098.99,15.704942528735632,261,1841,166,1220.35
13843.0,289,1,319.75,17.76388888888889,18,145,18,0.0
13846.0,151,3,1106.66,16.038550724637684,69,662,69,201.13
13847.0,628,1,310.72,16.353684210526318,19,96,19,0.0
13848.0,1,8,3015.0,301.5,10,9200,3,0.0
13849.0,79,4,2524.93,16.082356687898088,157,1199,139,944.37
13850.0,38,1,1595.48,17.155698924731183,93,944,93,0.0
13851.0,4,8,4606.46,32.903285714285715,140,2525,111,0.0
13852.0,519,1,187.35000000000002,17.031818181818185,11,85,11,0.0
13854.0,1,34,10304.199999999999,65.63184713375796,157,3158,57,1640.3600000000001
13855.0,409,4,1310.3400000000001,17.949863013698632,73,575,64,0.0
13856.0,77,11,1142.03,21.148703703703703,54,1105,33,0.0
13857.0,302,6,1001.01,7.820390625,128,782,99,0.0
13859.0,234,2,515.86,14.329444444444444,36,167,34,0.0
13861.0,338,2,273.26,13.012380952380951,21,225,21,0.0
13862.0,17,7,2128.03,16.244503816793895,131,1516,97,428.06
13863.0,156,4,1239.55,17.707857142857144,70,553,59,0.0
13864.0,295,1,662.4000000000001,662.4000000000001,1,192,1,0.0
13865.0,45,3,383.34000000000003,16.66695652173913,23,154,23,118.22
13867.0,126,1,138.85,17.35625,8,31,8,866.24
13869.0,32,10,7996.87,9.542804295942721,838,4302,502,0.0
13870.0,10,12,5120.61,23.92808411214953,214,3182,152,591.47
13871.0,1,13,6095.24,19.598842443729904,311,2646,148,1790.6100000000001
13872.0,436,3,919.57,16.13280701754386,57,339,51,0.0
13873.0,28,8,1038.92,17.315333333333335,60,472,55,0.0
13874.0,266,7,2049.15,29.697826086956525,69,864,46,0.0
13875.0,42,13,4452.38,18.02582995951417,247,2761,147,361.99
13877.0,378,2,332.44,16.622,20,370,20,117.24
13878.0,456,3,1145.33,17.0944776119403,67,464,59,1271.57
13879.0,554,1,395.5,15.82,25,204,25,0.0
13880.0,54,12,2754.85,18.868835616438357,146,1545,101,1539.01
13881.0,4,34,37418.26,93.54565000000001,400,25570,177,7760.84
13883.0,127,14,5628.32,21.001194029850744,268,3052,190,931.7
13884.0,186,8,1233.68,9.275789473684211,133,517,87,591.35
13885.0,98,2,506.8,18.1,28,182,28,0.0
13887.0,112,1,349.55,18.397368421052633,19,147,19,0.0
13888.0,28,7,2001.59,11.705204678362573,171,795,124,0.0
13889.0,1,6,1991.23,23.990722891566264,83,979,57,0.0
13890.0,16,6,1544.68,16.609462365591398,93,832,59,1382.7
13891.0,286,3,859.21,8.678888888888888,99,476,97,0.0
13892.0,155,3,689.1999999999999,57.43333333333333,12,2282,11,578.4499999999999
13893.0,206,1,821.1,39.1,21,190,21,0.0
13894.0,219,1,160.85,16.085,10,105,10,403.77000000000004
13895.0,52,4,2352.75,20.82079646017699,113,1131,100,1655.77
13896.0,534,1,388.55,18.502380952380953,21,149,21,0.0
13897.0,347,2,849.56,20.227619047619047,42,620,42,311.16
13898.0,234,2,686.4,14.921739130434782,46,544,43,0.0
13899.0,183,1,298.5,19.9,15,122,15,90.02
13900.0,91,6,1610.59,16.95357894736842,95,938,80,0.0
13901.0,16,14,5461.42,18.51328813559322,295,3152,265,214.92000000000002
13902.0,541,5,34095.26,541.1946031746032,63,220600,58,0.0
13903.0,308,1,165.45000000000002,16.545,10,103,10,0.0
13904.0,203,1,201.12,11.830588235294117,17,223,17,131.52
13905.0,641,1,312.65000000000003,26.05416666666667,12,135,12,0.0
13906.0,318,1,42.0,42.0,1,100,1,0.0
13907.0,600,1,136.8,34.2,4,68,4,0.0
13908.0,35,3,1461.61,19.231710526315787,76,919,65,907.94
13909.0,331,2,282.85,7.44342105263158,38,301,35,0.0
13911.0,53,19,4091.71,17.48594017094017,234,3945,178,143.28
13912.0,332,1,124.95,17.85,7,29,7,0.0
13913.0,415,1,42.22,14.073333333333332,3,10,3,0.0
13915.0,303,1,70.80000000000001,35.400000000000006,2,24,2,0.0
13916.0,372,4,1275.81,17.240675675675675,74,673,72,0.0
13917.0,100,1,65.38,13.075999999999999,5,38,5,206.66
13918.0,161,1,198.20000000000002,24.775000000000002,8,100,8,1014.64
13919.0,30,3,1189.02,18.292615384615384,65,997,59,171.66
13920.0,340,4,1774.68,20.635813953488373,86,1772,81,0.0
13921.0,310,4,730.7,16.606818181818184,44,210,36,0.0
13922.0,260,3,865.2,28.84,30,467,30,0.0
13925.0,1,4,678.25,16.54268292682927,41,331,28,0.0
13927.0,345,1,359.27,17.9635,20,249,20,348.99
13928.0,15,2,225.45,17.342307692307692,13,87,13,239.12
13929.0,78,11,3494.1,61.3,57,1566,38,0.0
13930.0,45,1,210.0,21.0,10,210,10,127.33999999999999
13931.0,4,11,5257.38,19.399926199261994,271,3488,205,0.0
13932.0,203,1,307.4,19.2125,16,72,16,0.0
13933.0,18,2,608.7900000000001,26.469130434782613,23,205,23,0.0
13934.0,172,1,922.0999999999999,29.745161290322578,31,390,31,0.0
13935.0,505,3,6116.92,76.4615,80,2252,67,0.0
13936.0,88,3,939.66,15.9264406779661,59,661,56,0.0
13937.0,77,2,880.13,16.298703703703705,54,587,54,0.0
13939.0,17,6,1382.62,13.965858585858586,99,1418,81,178.34
13940.0,25,2,391.06,14.483703703703704,27,240,25,448.08000000000004
13941.0,80,13,7745.48,100.59064935064934,77,3800,38,2281.7000000000003
13942.0,443,1,320.0,320.0,1,1000,1,0.0
13943.0,486,1,246.54,16.436,15,94,15,0.0
13944.0,562,1,200.43,5.726571428571429,35,153,35,0.0
13945.0,303,2,854.15,16.748039215686273,51,413,49,0.0
13946.0,110,5,1800.63,33.345,54,2667,48,75.6
13948.0,269,4,548.76,22.865,24,248,23,0.0
13949.0,3,1,537.9,14.155263157894737,38,542,38,1889.42
13950.0,155,1,179.30999999999997,25.615714285714283,7,81,7,565.75
13951.0,84,3,674.45,17.293589743589745,39,459,38,0.0
13952.0,126,14,12823.521,31.35335207823961,409,5947,238,0.0
13953.0,24,10,5729.36,337.0211764705882,17,4548,8,911.32
13955.0,62,3,544.07,6.400823529411765,85,272,82,0.0
13956.0,46,3,676.07,6.2599074074074075,108,381,95,343.2
13957.0,326,3,458.25,16.97222222222222,27,157,21,0.0
13958.0,288,8,4709.2300000000005,20.745506607929517,227,2264,172,0.0
13959.0,189,5,808.17,8.00168316831683,101,537,75,256.6
13961.0,301,1,538.4,28.336842105263155,19,226,19,0.0
13962.0,154,2,310.85,16.360526315789475,19,103,19,51.95
13963.0,217,17,2860.57,17.33678787878788,165,2007,129,0.0
13964.0,296,2,438.9,18.287499999999998,24,228,22,0.0
13965.0,385,3,996.61,41.525416666666665,24,425,23,0.0
13966.0,344,1,384.26,18.298095238095236,21,760,21,0.0
13967.0,54,2,166.3,27.71666666666667,6,66,4,0.0
13968.0,332,1,123.66,15.4575,8,174,8,0.0
13969.0,16,28,7832.52,9.90204804045512,791,4082,374,5140.9400000000005
13970.0,295,2,846.55,65.11923076923077,13,469,10,0.0
13971.0,15,12,3895.21,18.20191588785047,214,2572,165,772.36
13972.0,110,1,145.9,16.211111111111112,9,42,9,44.349999999999994
13973.0,196,1,264.7,24.063636363636363,11,109,11,0.0
13974.0,490,1,264.13,17.608666666666668,15,107,15,413.59000000000003
13975.0,37,10,4261.83,6.918555194805195,616,3135,377,994.57
13976.0,115,4,1192.36,21.292142857142856,56,452,49,0.0
13977.0,320,1,519.81,39.98538461538461,13,303,13,0.0
13979.0,302,6,2510.06,7.404306784660767,339,1631,309,869.87
13980.0,348,4,568.6800000000001,10.936153846153847,52,291,47,200.14
13981.0,324,1,331.14,15.05181818181818,22,234,22,0.0
13982.0,72,8,3312.62,17.714545454545455,187,2125,98,641.67
13983.0,95,17,5831.52,19.835102040816327,294,3535,216,922.37
13984.0,35,11,1792.6200000000001,21.340714285714288,84,1269,50,101.18
13985.0,16,14,5733.77,19.97829268292683,287,2871,103,4287.09
13987.0,288,2,682.54,14.837826086956522,46,492,46,0.0
13988.0,71,5,2533.34,14.643583815028903,173,1631,141,2224.46
13989.0,148,4,1656.65,24.3625,68,1763,53,369.40999999999997
13990.0,122,1,311.3,19.45625,16,190,16,0.0
13991.0,52,1,126.35,18.05,7,83,7,726.53
13992.0,289,2,142.7,23.78333333333333,6,90,5,76.8
13993.0,9,16,5556.76,23.848755364806866,233,1888,108,1218.95
13994.0,14,2,419.56,19.97904761904762,21,133,18,1854.58
13995.0,24,12,3380.2200000000003,17.071818181818184,198,2088,134,521.79
13996.0,294,2,895.76,27.144242424242425,33,613,29,0.0
13997.0,427,3,376.46,8.55590909090909,44,143,36,0.0
13998.0,355,3,566.7,18.280645161290323,31,204,30,0.0
13999.0,4,26,8469.42,20.556844660194177,412,4533,168,1032.8400000000001
14000.0,119,5,2046.3400000000001,41.76204081632653,49,1838,28,0.0
14001.0,141,8,3494.9100000000003,39.71488636363637,88,1449,48,733.94
14002.0,42,2,529.73,11.270851063829788,47,877,47,0.0
14003.0,641,1,209.41,13.088125,16,149,16,0.0
14004.0,7,9,4879.07,26.37335135135135,185,2433,97,1379.38
14005.0,42,3,696.5600000000001,18.330526315789474,38,864,29,2178.16
14006.0,24,7,2196.67,28.528181818181817,77,2181,55,0.0
14007.0,421,1,79.48,15.896,5,16,5,0.0
14008.0,341,1,509.04,15.9075,32,326,32,0.0
14009.0,107,3,1099.91,14.863648648648649,74,951,71,0.0
14010.0,474,2,445.15,18.547916666666666,24,177,20,0.0
14011.0,389,2,457.82,14.306875,32,644,32,0.0
14012.0,186,1,328.8,29.89090909090909,11,160,11,0.0
14013.0,19,5,1084.57,15.949558823529411,68,775,56,0.0
14014.0,285,2,1443.03,39.00081081081081,37,928,37,505.18
14016.0,70,11,11403.41,25.45404017857143,448,5722,354,0.0
14017.0,480,1,229.75,16.410714285714285,14,73,14,0.0
14018.0,554,1,367.15000000000003,28.242307692307694,13,224,13,0.0
14019.0,7,2,800.53,19.060238095238095,42,553,28,621.0799999999999
14020.0,385,2,606.21,18.37,33,207,29,642.8
14021.0,64,7,1716.58,19.07311111111111,90,878,84,0.0
14022.0,134,2,792.15,16.854255319148937,47,681,45,0.0
14023.0,159,1,273.14,17.07125,16,162,16,310.93
14024.0,30,3,645.74,18.99235294117647,34,238,33,0.0
14025.0,373,8,4057.9,40.98888888888889,99,1914,60,0.0
14026.0,379,2,713.11,14.2622,50,427,43,0.0
14028.0,459,3,10396.5,1155.1666666666667,9,7170,3,0.0
14029.0,52,1,165.20000000000002,27.533333333333335,6,24,6,302.46
14030.0,29,18,6820.46,9.142707774798927,746,3597,541,701.34
14031.0,35,38,31359.68,46.52771513353116,674,11583,262,7659.83
14032.0,77,11,3416.19,18.667704918032786,183,3033,70,1130.22
14033.0,464,1,109.44,109.44,1,576,1,0.0
14034.0,66,2,473.90999999999997,18.9564,25,307,23,174.98
14035.0,16,7,2203.99,20.99038095238095,105,1113,48,590.76
14036.0,193,1,626.65,16.49078947368421,38,268,38,0.0
14037.0,85,6,836.95,7.341666666666667,114,590,96,0.0
14038.0,53,4,2595.92,19.372537313432836,134,1444,88,473.96
14039.0,484,1,115.08000000000001,28.770000000000003,4,100,4,152.2
14040.0,3,33,11697.95,16.090715268225587,727,4714,318,825.86
14041.0,175,1,141.41,6.733809523809524,21,94,21,0.0
14042.0,634,1,431.98,20.570476190476192,21,180,21,0.0
14043.0,399,2,302.6,7.380487804878049,41,152,37,0.0
14044.0,12,9,2966.9900000000002,3.6994887780548633,802,2043,520,110.71000000000001
14045.0,18,16,10986.63,296.93594594594595,37,4459,16,0.0
14046.0,193,1,154.99,11.070714285714287,14,460,14,0.0
14047.0,108,12,3295.42,23.87985507246377,138,1370,88,672.69
14048.0,214,3,748.69,5.309858156028369,141,467,126,0.0
14049.0,67,12,10689.42,12.487640186915888,856,6822,471,2333.98
14050.0,15,1,485.98,13.134594594594596,37,447,37,260.38
14051.0,0,30,15432.43,65.11573839662448,237,4240,75,6338.55
14052.0,299,1,241.3,3.7123076923076925,65,85,65,225.36
14053.0,33,4,572.3,63.58888888888888,9,490,3,0.0
14055.0,15,3,1520.96,46.08969696969697,33,720,33,0.0
14056.0,15,17,5333.97,7.286844262295082,732,2864,274,2818.7400000000002
14057.0,9,18,6940.68,17.308428927680797,401,5510,222,1405.98
14058.0,371,2,469.19,19.549583333333334,24,211,23,0.0
14059.0,175,1,183.6,22.95,8,128,8,0.0
14060.0,16,25,6860.6,35.18256410256411,195,5803,86,2037.64
14061.0,415,3,917.4300000000001,48.28578947368421,19,133,17,0.0
14062.0,0,22,23921.47,73.60452307692309,325,11344,138,1664.18
14063.0,346,9,22710.2,567.755,40,3850,30,0.0
14064.0,21,14,3022.93,13.995046296296296,216,3651,116,237.31
14065.0,297,3,891.02,18.18408163265306,49,582,42,0.0
14066.0,175,1,152.55,21.792857142857144,7,45,7,0.0
14067.0,5,1,224.67,8.986799999999999,25,216,25,150.03
14068.0,228,4,1516.72,14.043703703703704,108,510,93,0.0
14069.0,423,2,225.81,5.507560975609756,41,58,37,0.0
14070.0,593,1,321.6,7.843902439024391,41,85,40,0.0
14071.0,169,2,356.81,12.303793103448276,29,295,22,1080.76
14072.0,575,1,390.85,20.571052631578947,19,65,19,0.0
14074.0,532,1,219.4,36.56666666666667,6,228,6,0.0
14075.0,169,4,1100.53,19.65232142857143,56,1010,48,634.3399999999999
14076.0,38,1,118.67,2.6970454545454547,44,79,43,0.0
14077.0,91,4,426.06,8.87625,48,256,41,189.01999999999998
14078.0,10,9,1553.47,10.49641891891892,148,586,107,0.0
14079.0,33,2,618.73,47.59461538461539,13,302,13,0.0
14080.0,322,4,1070.08,13.545316455696202,79,220,70,45.599999999999994
14081.0,210,10,4867.57,5.767263033175355,844,3381,465,0.0
14082.0,273,2,413.36,6.359384615384616,65,246,48,0.0
14083.0,35,9,612.68,5.779999999999999,106,429,99,469.51
14084.0,421,1,150.5,21.5,7,306,7,0.0
14085.0,50,27,8520.32,9.054537725823591,941,5447,443,1200.35
14086.0,371,1,39.95,39.95,1,1,1,0.0
14087.0,313,2,638.0,4.4,145,468,126,191.47
14088.0,37,10,39052.88,100.65175257731958,388,9685,297,24983.920000000002
14090.0,233,1,76.32000000000001,76.32000000000001,1,72,1,0.0
14091.0,563,2,9530.08,733.0830769230769,13,3316,13,0.0
14092.0,8,20,5897.96,18.664430379746836,316,3035,152,1331.49
14094.0,348,1,311.77,7.250465116279069,43,158,41,0.0
14095.0,631,1,2.95,2.95,1,1,1,0.0
14096.0,0,3,244.68,4.147118644067796,59,97,56,64920.11
14097.0,390,2,422.86,10.5715,40,352,39,0.0
14099.0,29,17,4956.66,10.523694267515923,471,3213,252,794.25
14100.0,46,1,191.95,7.678,25,63,24,0.0
14101.0,51,12,8929.53,105.05329411764707,85,10006,19,1032.4
14104.0,63,5,743.53,5.507629629629629,135,496,117,0.0
14105.0,147,5,5988.83,21.465340501792113,279,3534,200,0.0
14106.0,646,1,214.79999999999998,214.79999999999998,1,24,1,0.0
14107.0,5,10,4636.01,20.333377192982457,228,3302,99,241.29
14108.0,10,3,738.38,21.717058823529413,34,488,32,306.58
14110.0,28,26,10564.42,30.53300578034682,346,4914,154,2423.53
14111.0,4,3,295.5,59.1,5,202,5,397.35
14112.0,39,10,4820.26,17.464710144927537,276,3036,174,1014.33
14113.0,263,13,5685.6900000000005,63.17433333333334,90,2796,58,1406.92
14114.0,182,7,1364.09,18.43364864864865,74,650,72,0.0
14115.0,410,2,622.6700000000001,28.303181818181823,22,509,22,0.0
14116.0,1,2,628.87,19.05666666666667,33,380,29,753.87
14117.0,52,1,90.0,30.0,3,72,3,0.0
14118.0,337,1,458.45,30.563333333333333,15,97,15,0.0
14119.0,284,2,183.37,16.67,11,177,11,0.0
14122.0,315,3,362.42,27.87846153846154,13,114,12,0.0
14123.0,642,1,436.18,18.174166666666668,24,234,24,0.0
14126.0,353,1,466.33000000000004,16.654642857142857,28,379,28,706.1300000000001
14127.0,31,6,1900.0800000000002,16.240000000000002,117,828,96,0.0
14128.0,164,2,592.25,14.445121951219512,41,519,34,331.96
14129.0,4,7,2193.71,24.106703296703298,91,1177,40,397.63
14130.0,227,4,1858.77,8.448954545454546,220,1215,189,0.0
14131.0,557,1,168.22,3.65695652173913,46,105,45,0.0
14132.0,22,5,1552.46,17.844367816091953,87,1420,48,2033.57
14133.0,38,4,911.14,25.309444444444445,36,398,33,0.0
14134.0,291,15,11123.35,61.79638888888889,180,5814,130,0.0
14135.0,14,19,7339.68,38.42764397905759,191,8048,126,1499.99
14136.0,309,5,1570.81,14.818962264150944,106,1148,86,0.0
14137.0,604,1,332.7,30.245454545454546,11,462,11,0.0
14139.0,399,3,670.98,15.604186046511629,43,539,29,415.82
14141.0,14,1,285.16,17.8225,16,140,16,629.97
14142.0,281,2,671.34,15.257727272727273,44,518,42,0.0
14143.0,42,1,115.8,16.54285714285714,7,30,7,0.0
14144.0,395,1,30.599999999999998,30.599999999999998,1,12,1,0.0
14145.0,65,6,6709.05,304.95681818181816,22,1475,11,891.0
14146.0,163,9,7163.03,23.03225080385852,311,4154,248,2287.27
14147.0,194,8,2289.6,84.8,27,927,23,300.6
14148.0,142,2,466.29,27.428823529411765,17,223,15,0.0
14149.0,129,1,446.62,15.950714285714286,28,218,28,0.0
14150.0,268,1,306.18,25.515,12,262,12,352.46000000000004
14151.0,582,2,679.45,15.442045454545456,44,405,44,0.0
14152.0,143,6,1690.56,14.96070796460177,113,1502,90,306.78000000000003
14153.0,392,1,233.4,13.729411764705883,17,312,17,0.0
14154.0,147,8,6460.7,22.12568493150685,292,3222,236,0.0
14155.0,175,1,118.75,19.791666666666668,6,25,6,0.0
14156.0,1,143,294916.33,76.80112760416667,3840,155273,1385,18521.29
14157.0,194,4,822.98,10.828684210526315,76,436,68,155.71
14159.0,4,16,5963.18,4.3400145560407575,1374,4659,626,1897.62
14160.0,519,7,8421.47,78.70532710280374,107,4661,80,0.0
14161.0,124,7,2996.93,10.819241877256317,277,1480,202,0.0
14162.0,82,2,289.36,11.5744,25,142,25,0.0
14163.0,61,4,1808.1000000000001,37.66875,48,646,37,786.52
14165.0,184,1,120.44,5.0183333333333335,24,53,23,0.0
14166.0,413,2,251.15,4.924509803921569,51,82,39,0.0
14167.0,73,7,1101.55,10.591826923076923,104,296,45,172.74
14168.0,329,2,370.45,24.696666666666665,15,147,11,0.0
14169.0,339,2,621.51,9.71109375,64,205,50,0.0
14170.0,284,3,570.18,3.9322758620689653,145,270,123,0.0
14171.0,6,2,498.79,7.79359375,64,211,61,0.0
14172.0,514,3,369.02,8.386818181818182,44,78,38,0.0
14173.0,128,3,249.2,16.613333333333333,15,84,13,336.8
14175.0,80,7,5662.57,23.496141078838175,241,2120,166,2016.31
14176.0,206,5,756.46,20.444864864864865,37,265,33,0.0
14177.0,4,12,1959.69,9.701435643564357,202,983,141,250.0
14178.0,7,3,477.29,4.920515463917526,97,387,87,1122.97
14180.0,0,30,5627.9,21.07827715355805,267,763,120,489.6
14181.0,319,2,308.35,5.929807692307692,52,120,48,0.0
14182.0,352,4,678.77,13.5754,50,174,42,0.0
14183.0,320,2,278.34,8.186470588235293,34,60,27,0.0
14185.0,240,1,197.65,65.88333333333334,3,6,3,0.0
14186.0,336,5,1550.63,14.909903846153847,104,1550,75,0.0
14187.0,382,1,123.5,15.4375,8,50,8,0.0
14188.0,18,4,1383.46,32.173488372093026,43,783,25,670.9
14189.0,5,12,4116.99,18.216769911504425,226,3175,150,1386.16
14190.0,575,1,79.9,79.9,1,2,1,0.0
14191.0,17,9,2391.16,20.09378151260504,119,1450,73,2426.5
14192.0,296,1,293.74,20.981428571428573,14,218,14,0.0
14193.0,178,2,779.34,17.31866666666667,45,458,39,430.85
14194.0,15,27,12987.52,18.822492753623187,690,7440,380,5683.07
14195.0,110,6,2615.6,163.475,16,2144,10,0.0
14196.0,15,1,335.52,55.919999999999995,6,142,6,0.0
14197.0,319,1,390.05,19.5025,20,143,20,0.0
14198.0,54,7,1225.28,16.784657534246573,73,500,45,344.45
14199.0,127,4,1091.7,60.650000000000006,18,254,15,0.0
14200.0,526,1,379.2,18.057142857142857,21,140,21,0.0
14201.0,58,8,967.34,23.031904761904762,42,576,35,226.2
14202.0,289,3,847.76,29.233103448275862,29,166,27,0.0
14203.0,306,1,339.34,21.20875,16,80,16,0.0
14204.0,331,3,874.22,4.829944751381215,181,397,158,150.61
14205.0,173,8,2170.4,19.2070796460177,113,1264,70,243.8
14206.0,147,3,1185.01,16.690281690140846,71,930,62,0.0
14207.0,596,1,157.8,78.9,2,36,2,0.0
14208.0,3,2,567.05,16.20142857142857,35,529,34,0.0
14209.0,29,14,4796.17,21.316311111111112,225,1705,132,197.10000000000002
14210.0,14,16,5556.570000000001,17.69608280254777,314,2511,143,0.0
14211.0,5,15,3291.12,17.413333333333334,189,1926,126,1111.17
14212.0,354,1,1119.6599999999999,93.30499999999999,12,894,12,1070.48
14213.0,313,1,1192.2,238.44,5,244,5,0.0
14214.0,65,3,899.16,15.24,59,671,56,105.22
14215.0,95,7,2558.88,18.277714285714286,140,1412,128,691.45
14216.0,323,1,310.74,17.263333333333335,18,118,18,1839.3
14217.0,8,16,2505.11,18.285474452554745,137,921,103,793.48
14219.0,318,2,543.89,15.108055555555556,36,285,32,89.94
14220.0,156,4,1515.0,39.86842105263158,38,468,26,0.0
14221.0,21,15,5701.7,19.593470790378007,291,3163,136,815.79
14222.0,85,1,683.17,16.662682926829266,41,607,41,0.0
14223.0,1,3,991.13,16.518833333333333,60,585,50,0.0
14224.0,19,9,1841.71,8.042401746724892,229,826,189,0.0
14225.0,343,4,2031.07,23.617093023255812,86,1167,70,0.0
14226.0,119,3,2462.34,34.19916666666667,72,1493,66,522.7900000000001
14227.0,105,12,5417.27,16.122827380952383,336,3507,237,951.44
14228.0,346,3,745.5,19.61842105263158,38,260,38,0.0
14229.0,200,6,1808.97,31.189137931034484,58,627,37,785.0699999999999
14230.0,344,3,979.8000000000001,29.69090909090909,33,246,27,0.0
14231.0,92,4,1235.6200000000001,17.90753623188406,69,610,66,0.0
14232.0,24,4,1573.33,17.28934065934066,91,1503,71,474.74
14233.0,120,6,2400.65,41.390517241379314,58,991,30,503.62
14235.0,66,8,4375.99,31.035390070921984,141,2896,104,342.00000000000006
14236.0,280,4,1253.78,35.82228571428571,35,502,29,301.56
14237.0,282,2,471.14,18.12076923076923,26,238,26,0.0
14238.0,235,3,434.23,33.402307692307694,13,189,13,0.0
14239.0,3,19,3763.21,19.911164021164023,189,1539,91,499.96000000000004
14240.0,134,2,584.0,20.137931034482758,29,316,26,663.49
14241.0,92,2,333.7,27.808333333333334,12,242,12,0.0
14242.0,143,2,280.55,17.534375,16,123,13,0.0
14243.0,4,15,6934.93,19.87085959885387,349,3441,232,282.82
14244.0,569,1,366.41999999999996,22.901249999999997,16,814,16,0.0
14245.0,128,2,1693.45,15.680092592592594,108,976,107,0.0
14246.0,19,3,1474.06,19.654133333333334,75,804,57,0.0
14247.0,187,5,753.56,6.668672566371681,113,378,82,0.0
14248.0,227,3,1032.95,21.977659574468085,47,692,41,0.0
14249.0,319,12,5400.461,19.854636029411765,272,2383,178,0.0
14252.0,290,1,350.99,35.099000000000004,10,111,10,0.0
14253.0,402,2,363.40000000000003,30.283333333333335,12,88,11,0.0
14254.0,341,1,601.03,26.13173913043478,23,263,23,0.0
14255.0,454,1,1000.63,1000.63,1,1,1,0.0
14256.0,169,5,2460.79,18.50218045112782,133,1147,100,0.0
14257.0,32,8,5580.57,23.84858974358974,234,2988,163,373.88
14258.0,60,23,28767.68,104.23072463768116,276,15808,94,3283.66
14259.0,50,1,120.0,24.0,5,68,5,0.0
14260.0,380,3,824.28,16.16235294117647,51,544,50,0.0
14262.0,16,3,855.0,16.764705882352942,51,593,42,1763.23
14263.0,332,1,322.93,20.183125,16,171,16,0.0
14264.0,63,6,1517.3600000000001,19.207088607594937,79,553,59,0.0
14265.0,18,4,1373.35,17.384177215189872,79,715,74,0.0
14266.0,337,1,40.56,40.56,1,24,1,0.0
14267.0,71,3,1516.24,27.568,55,530,25,0.0
14268.0,379,1,354.85,18.676315789473687,19,147,19,0.0
14269.0,348,1,295.73,18.483125,16,123,16,0.0
14270.0,240,1,492.65000000000003,16.98793103448276,29,197,29,0.0
14271.0,134,2,214.18,5.636315789473684,38,148,38,0.0
14272.0,163,3,614.94,15.76769230769231,39,585,38,305.87
14273.0,45,3,450.05,19.567391304347826,23,196,18,109.92
14274.0,595,1,256.6,17.10666666666667,15,178,15,0.0
14275.0,304,6,1189.3799999999999,51.71217391304347,23,538,14,0.0
14276.0,7,7,2102.68,17.377520661157025,121,1406,75,0.0
14277.0,121,7,14638.64,63.370735930735925,231,88685,218,2558.97
14278.0,318,1,205.83,15.833076923076923,13,131,13,0.0
14279.0,429,2,191.86,63.95333333333334,3,46,3,0.0
14280.0,105,1,134.04,16.755,8,52,8,0.0
14281.0,317,1,245.15,35.02142857142857,7,45,7,0.0
14282.0,18,19,6016.86,33.993559322033896,177,4298,91,1233.9
14283.0,372,4,628.4399999999999,15.327804878048779,41,550,36,0.0
14284.0,562,1,704.4,20.125714285714285,35,349,35,595.25
14285.0,85,5,1380.31,39.43742857142857,35,415,33,1904.1100000000001
14286.0,151,5,5901.09,16.391916666666667,360,6455,218,2578.67
14287.0,107,2,83.28,20.82,4,216,4,93.35
14288.0,122,1,426.6,26.6625,16,188,16,0.0
14289.0,43,5,832.78,19.828095238095237,42,278,33,78.48
14290.0,270,4,2979.4700000000003,40.81465753424658,73,905,59,1537.09
14291.0,29,19,6376.39,16.10199494949495,396,4875,203,1527.71
14292.0,54,11,6944.53,44.80341935483871,155,2591,106,2281.7200000000003
14293.0,56,8,2595.86,26.488367346938777,98,1276,78,307.15000000000003
14294.0,315,1,375.34,16.319130434782608,23,190,23,0.0
14295.0,347,4,2196.71,32.78671641791045,67,945,61,166.20000000000002
14296.0,330,2,456.4,16.9037037037037,27,314,27,0.0
14297.0,183,1,232.6,21.145454545454545,11,78,11,1072.73
14298.0,8,75,80849.7,32.10869737887212,2518,89623,1233,10344.789999999999
14299.0,16,23,12541.77,46.79764925373134,268,6909,148,1528.48
14301.0,26,4,1992.18,37.58830188679245,53,1686,37,0.0
14302.0,339,3,742.9000000000001,26.532142857142862,28,298,25,0.0
14303.0,316,2,277.94,12.633636363636363,22,218,21,0.0
14304.0,131,3,1725.01,19.602386363636363,88,775,69,0.0
14305.0,22,2,1048.45,16.642063492063492,63,582,62,810.51
14306.0,287,4,1058.0800000000002,81.39076923076924,13,990,12,2093.32
14307.0,43,8,3600.09,15.929601769911505,226,2469,174,687.83
14308.0,457,2,1147.02,573.51,2,2,1,0.0
14309.0,2,9,3061.98,19.754709677419356,155,2150,117,718.83
14310.0,341,1,492.1,22.36818181818182,22,230,22,0.0
14311.0,151,2,516.45,16.65967741935484,31,235,31,0.0
14312.0,0,10,2525.89,16.72774834437086,151,1372,129,564.4
14314.0,15,2,229.8,22.98,10,332,10,0.0
14315.0,38,7,2266.84,22.668400000000002,100,1012,68,930.98
14316.0,330,5,1370.34,44.20451612903226,31,4494,21,0.0
14318.0,369,1,158.02,17.55777777777778,9,152,9,0.0
14319.0,333,1,494.85,19.032692307692308,26,329,26,0.0
14320.0,115,5,1346.75,16.626543209876544,81,713,68,0.0
14321.0,25,5,1587.96,11.85044776119403,134,2385,129,630.1
14322.0,338,4,474.1,36.46923076923077,13,158,10,0.0
14323.0,23,2,605.0600000000001,16.807222222222222,36,350,32,0.0
14324.0,318,2,701.61,17.112439024390245,41,402,41,0.0
14325.0,478,1,245.48000000000002,13.637777777777778,18,320,18,0.0
14326.0,151,3,940.98,16.50842105263158,57,572,54,0.0
14327.0,72,6,1894.93,17.87669811320755,106,1296,99,0.0
14328.0,346,1,445.05,445.05,1,1,1,0.0
14329.0,17,12,8397.41,17.243141683778234,487,5010,309,1490.21
14330.0,532,1,200.63,15.433076923076923,13,103,13,0.0
14331.0,33,2,462.65999999999997,16.523571428571426,28,252,27,0.0
14332.0,56,3,1196.24,30.672820512820515,39,460,33,721.17
14334.0,2,11,4094.98,16.78270491803279,244,2852,146,223.5
14335.0,5,1,347.5,8.6875,40,337,40,107.36
14336.0,107,3,1114.39,18.887966101694918,59,989,53,500.52000000000004
14338.0,70,3,928.1,18.562,50,622,43,0.0
14339.0,151,2,620.27,26.968260869565217,23,456,21,0.0
14340.0,127,1,134.7,22.45,6,58,6,0.0
14341.0,39,16,3424.56,16.86975369458128,203,2125,137,1027.46
14342.0,46,4,669.62,29.11391304347826,23,350,20,248.82
14343.0,330,4,1079.66,4.613931623931625,234,626,193,0.0
14344.0,36,20,2993.05,13.013260869565219,230,1546,140,0.0
14346.0,29,5,2315.75,15.861301369863014,146,1878,123,0.0
14347.0,645,1,82.6,13.766666666666666,6,48,6,0.0
14348.0,168,1,409.57,22.753888888888888,18,183,18,0.0
14350.0,183,3,972.03,16.47508474576271,59,543,55,0.0
14351.0,73,1,51.0,51.0,1,12,1,0.0
14352.0,66,4,1078.96,22.95659574468085,47,538,44,0.0
14353.0,123,3,376.5,15.06,25,344,18,0.0
14355.0,274,3,840.0500000000001,14.000833333333334,60,617,57,0.0
14358.0,298,2,400.06,16.0024,25,338,21,0.0
14360.0,3,1,1124.49,15.837887323943661,71,733,71,993.54
14361.0,487,1,214.70999999999998,15.33642857142857,14,251,14,0.0
14363.0,310,2,227.47000000000003,28.433750000000003,8,105,8,0.0
14364.0,17,8,3717.35,53.87463768115942,69,1967,61,0.0
14365.0,303,2,634.68,12.44470588235294,51,557,50,0.0
14366.0,433,1,136.0,136.0,1,16,1,0.0
14367.0,46,10,5419.7,16.17820895522388,335,2562,209,3808.12
14368.0,228,1,155.0,19.375,8,36,8,0.0
14369.0,551,2,469.13,18.04346153846154,26,255,24,0.0
14370.0,359,6,1175.78,26.722272727272728,44,266,37,0.0
14371.0,203,1,100.5,25.125,4,34,4,0.0
14372.0,351,2,860.08,22.633684210526315,38,378,36,0.0
14373.0,267,1,76.55,19.1375,4,17,4,0.0
14374.0,450,1,108.0,15.428571428571429,7,20,7,0.0
14375.0,94,3,1106.82,5.399121951219512,205,647,176,0.0
14376.0,592,1,215.46,11.97,18,50,17,0.0
14377.0,100,2,617.05,56.095454545454544,11,219,11,0.0
14378.0,530,1,131.25,14.583333333333334,9,57,9,0.0
14379.0,204,3,1028.04,10.384242424242425,99,548,75,237.12
14380.0,590,1,48.96,48.96,1,1,1,0.0
14381.0,359,1,423.26,7.5582142857142856,56,303,56,202.68
14382.0,298,1,578.14,3.778692810457516,153,436,137,615.49
14383.0,72,1,242.09,16.139333333333333,15,201,15,1005.6
14384.0,409,1,58.5,19.5,3,30,3,0.0
14386.0,205,1,142.4,20.342857142857145,7,54,7,0.0
14387.0,18,1,440.76,11.019,40,209,40,1286.84
14388.0,0,14,5453.13,16.038617647058825,340,3638,159,935.07
14389.0,99,4,1165.69,19.10967213114754,61,848,40,732.32
14390.0,53,8,3098.17,9.773406940063092,317,1436,166,3051.86
14391.0,485,1,135.6,9.685714285714285,14,168,14,0.0
14392.0,341,1,266.4,19.02857142857143,14,114,14,0.0
14393.0,126,1,67.95,13.59,5,13,5,0.0
14394.0,473,1,93.8,15.633333333333333,6,58,6,0.0
14395.0,86,17,6274.34,10.185616883116884,616,3153,261,1527.59
14396.0,280,6,1591.74,7.579714285714286,210,773,167,377.64
14397.0,2,10,1036.12,24.669523809523806,42,764,16,1576.84
14398.0,310,2,707.79,13.354528301886791,53,267,50,0.0
14399.0,303,8,2108.21,10.980260416666667,192,965,119,0.0
14400.0,58,3,1732.47,23.73246575342466,73,1706,71,0.0
14401.0,4,19,5823.8,26.71467889908257,218,5443,137,972.1
14402.0,561,1,285.59999999999997,35.699999999999996,8,240,8,0.0
14403.0,39,6,1880.51,75.2204,25,737,20,0.0
14404.0,17,12,2597.33,15.46029761904762,168,1519,118,126.79999999999998
14405.0,295,1,195.0,97.5,2,100,2,0.0
14406.0,27,1,156.75,19.59375,8,77,8,0.0
14407.0,16,6,2157.73,29.557945205479452,73,1415,67,0.0
14408.0,3,10,3794.05,31.617083333333333,120,2276,62,308.22
14409.0,31,8,3311.57,34.49552083333334,96,2163,72,115.72
14410.0,1,11,2631.9,6.8361038961038965,385,1369,307,0.0
14411.0,219,1,1063.0,75.92857142857143,14,196,14,0.0
14412.0,333,1,656.16,16.00390243902439,41,642,41,770.03
14413.0,271,4,764.52,7.96375,96,277,93,0.0
14414.0,0,8,2399.33,20.333305084745763,118,2877,99,0.0
14415.0,6,19,9890.65,9.62125486381323,1028,5065,377,2089.44
14417.0,296,1,524.65,4.484188034188034,117,543,106,0.0
14418.0,16,1,150.44,7.917894736842105,19,148,17,1786.81
14419.0,161,3,509.99,6.374875,80,230,53,744.65
14420.0,7,4,1639.17,17.62548387096774,93,1120,85,0.0
14421.0,120,5,2111.44,25.136190476190478,84,1171,67,357.93
14422.0,79,15,7040.03,18.005191815856776,391,3702,227,3231.4900000000002
14423.0,127,3,916.6099999999999,61.10733333333333,15,419,12,0.0
14425.0,343,3,661.39,16.958717948717947,39,325,35,0.0
14426.0,49,13,10131.85,18.288537906137186,554,5927,426,1596.09
14427.0,403,2,900.1800000000001,33.34,27,310,27,363.34000000000003
14428.0,148,2,330.62,11.807857142857143,28,145,25,893.44
14429.0,312,1,516.28,23.467272727272725,22,286,22,0.0
14430.0,420,3,1220.9,34.88285714285715,35,446,29,0.0
14431.0,211,4,2614.2,32.27407407407407,81,1202,72,0.0
14433.0,374,1,280.7,3.7932432432432432,74,131,72,0.0
14435.0,410,1,90.42,30.14,3,282,3,0.0
14436.0,7,2,271.7,24.7,11,297,11,0.0
14437.0,274,5,873.34,20.793809523809525,42,420,34,0.0
14438.0,215,1,131.9,14.655555555555557,9,82,9,0.0
14439.0,228,5,9443.04,73.20186046511628,129,2244,105,0.0
14440.0,225,10,4810.06,46.25057692307693,104,1358,55,1171.97
14441.0,3,9,3596.2000000000003,28.541269841269845,126,1026,83,1015.49
14442.0,113,7,5367.0199999999995,29.3279781420765,183,1431,128,0.0
14443.0,47,4,1654.29,15.755142857142857,105,1085,93,428.68
14444.0,364,1,120.44,10.94909090909091,11,172,11,0.0
14445.0,364,1,221.65,6.9265625,32,83,32,0.0
14446.0,155,2,492.96999999999997,3.9437599999999997,125,493,113,707.31
14447.0,105,3,1149.53,15.327066666666667,75,655,63,562.2
14448.0,272,1,102.35,5.686111111111111,18,44,18,273.0
14449.0,155,6,1745.07,5.16292899408284,338,1196,211,485.89
14450.0,89,7,1128.44,14.847894736842106,76,522,47,0.0
14451.0,103,11,2974.78,6.481002178649238,459,1563,218,283.9
14452.0,2,3,527.27,5.325959595959596,99,215,86,131.68
14453.0,99,1,119.93,5.451363636363637,22,49,22,0.0
14454.0,285,5,977.3,8.884545454545455,110,400,93,0.0
14455.0,341,4,617.72,8.022337662337662,77,706,65,0.0
14456.0,40,3,636.65,2.641701244813278,241,576,220,2380.63
14457.0,219,1,113.64,28.41,4,88,4,0.0
14458.0,289,1,228.07,4.852553191489362,47,317,46,0.0
14459.0,64,2,5375.741,47.57292920353982,113,2303,113,0.0
14460.0,19,9,1093.5,26.035714285714285,42,1879,33,0.0
14461.0,56,13,6676.91,10.498286163522012,636,3005,515,0.0
14462.0,29,10,1772.89,7.708217391304348,230,785,160,469.92
14463.0,7,4,786.5699999999999,98.32124999999999,8,210,7,0.0
14464.0,476,2,111.0,27.75,4,62,4,0.0
14465.0,155,11,3925.85,20.34119170984456,193,2539,128,0.0
14466.0,24,11,3575.2000000000003,19.643956043956045,182,2098,76,691.95
14467.0,221,9,1738.68,7.592489082969433,229,948,120,464.56
14468.0,642,1,204.24,17.02,12,164,12,0.0
14469.0,325,4,2093.46,14.437655172413793,145,973,120,0.0
14470.0,196,2,548.49,10.547884615384616,52,227,48,163.55
14471.0,499,2,400.95,9.779268292682927,41,187,38,0.0
14472.0,12,9,2118.72,6.856699029126213,309,1271,173,0.0
14473.0,191,1,85.0,85.0,1,10,1,149.34
14474.0,488,1,711.23,7.257448979591837,98,308,97,547.66
14475.0,95,3,847.47,24.925588235294118,34,337,28,303.68
14476.0,166,1,193.0,11.352941176470589,17,110,17,0.0
14477.0,93,5,1183.0,169.0,7,700,5,786.6
14478.0,291,4,1276.66,18.774411764705885,68,1226,59,0.0
14479.0,162,4,1124.71,8.091438848920864,139,562,127,0.0
14480.0,311,3,1020.47,19.624423076923076,52,527,43,279.05
14481.0,73,5,2284.69,15.231266666666667,150,1568,114,0.0
14482.0,7,8,2749.86,21.48328125,128,1476,101,1556.86
14483.0,190,2,257.1,19.77692307692308,13,193,13,0.0
14484.0,310,3,749.06,19.206666666666667,39,534,37,321.92
14486.0,420,2,175.5,29.25,6,90,4,0.0
14487.0,277,2,225.89000000000001,5.5095121951219515,41,86,32,1040.3799999999999
14489.0,116,4,1574.93,15.7493,100,1011,65,0.0
14490.0,315,2,1273.47,15.918375000000001,80,933,72,0.0
14491.0,84,2,340.93,20.05470588235294,17,139,17,0.0
14492.0,339,7,1921.91,20.890326086956524,92,751,70,0.0
14493.0,63,6,3315.84,12.56,264,2190,228,1772.02
14494.0,310,2,261.9,26.189999999999998,10,118,10,139.56
14495.0,30,2,91.6,30.53333333333333,3,28,3,83.2
14496.0,220,7,2363.89,22.300849056603774,106,905,64,0.0
14497.0,217,2,697.0600000000001,17.4265,40,332,40,0.0
14498.0,25,9,3225.3,10.933220338983052,295,1711,231,675.53
14499.0,42,6,1661.16,8.024927536231884,207,923,141,440.63
14500.0,20,2,335.85,55.975,6,107,5,21.0
14501.0,92,2,251.21,25.121000000000002,10,161,9,0.0
14502.0,58,7,1163.22,4.199350180505415,277,532,201,1266.61
14503.0,87,1,597.07,14.926750000000002,40,381,40,2946.19
14504.0,151,3,542.71,5.653229166666667,96,263,81,130.55
14505.0,18,17,10242.39,7.842565084226646,1306,4508,777,1636.69
14506.0,70,5,1818.56,9.002772277227722,202,483,143,1141.69
14507.0,10,9,2773.55,11.367008196721311,244,1375,180,443.19000000000005
14508.0,285,3,554.87,4.548114754098361,122,218,100,268.05
14509.0,443,1,110.95,4.438,25,38,25,0.0
14510.0,284,3,979.85,13.064666666666668,75,793,67,0.0
14511.0,1,2,329.89,20.618125,16,145,16,984.92
14512.0,96,7,1215.97,15.392025316455696,79,736,55,0.0
14513.0,9,6,788.01,41.47421052631579,19,593,15,0.0
14514.0,110,8,3792.95,13.12439446366782,289,1971,197,587.09
14515.0,100,8,2412.82,22.979238095238095,105,1154,72,1311.24
14516.0,425,1,151.17,4.3191428571428565,35,63,35,0.0
14517.0,50,1,252.45,18.032142857142855,14,73,14,78.0
14519.0,592,2,203.14,5.34578947368421,38,81,38,0.0
14520.0,199,1,165.0,165.0,1,100,1,105.60000000000001
14521.0,399,1,199.45,11.73235294117647,17,211,17,0.0
14522.0,1,6,1534.58,35.68790697674419,43,850,34,213.83999999999997
14523.0,17,1,241.09000000000003,20.090833333333336,12,251,12,0.0
14524.0,87,9,2094.9,8.026436781609195,261,916,211,814.96
14525.0,9,15,6630.929999999999,15.208555045871558,436,4189,289,1395.61
14526.0,298,1,258.65,6.308536585365853,41,178,41,0.0
14527.0,7,107,24021.170000000002,10.412297355873429,2307,5902,562,3225.71
14529.0,19,1,135.24,2.7048,50,84,49,443.37
14530.0,2,15,5709.08,12.800627802690583,446,2645,250,379.79
14531.0,388,1,376.34,12.977241379310344,29,260,29,0.0
14532.0,145,11,3845.78,12.247707006369428,314,1111,209,0.0
14533.0,21,6,2251.63,44.149607843137254,51,2931,44,1214.74
14534.0,4,22,4821.75,8.09018456375839,596,2277,385,1365.91
14535.0,36,8,4771.2,6.934883720930232,688,2356,495,1202.03
14536.0,168,1,170.95000000000002,9.497222222222224,18,39,18,0.0
14537.0,532,1,285.84,21.987692307692306,13,108,13,355.56
14538.0,165,4,1089.0900000000001,30.252500000000005,36,159,30,281.75
14540.0,218,9,2952.88,14.474901960784313,204,1306,149,756.76
14541.0,77,13,2345.38,13.63593023255814,172,1079,99,146.0
14542.0,94,1,103.25,20.65,5,19,5,0.0
14543.0,17,36,14222.64,70.06226600985221,203,2559,100,365.23
14544.0,270,2,2036.0,15.661538461538461,130,1712,111,902.53
14545.0,583,1,349.25,15.184782608695652,23,236,23,0.0
14546.0,110,8,3485.79,6.515495327102804,535,1876,314,1699.05
14548.0,59,9,2541.29,23.102636363636364,110,986,66,0.0
14549.0,220,4,913.6,6.388811188811189,143,394,117,0.0
14550.0,297,2,587.69,11.753800000000002,50,382,46,757.37
14551.0,112,6,817.29,10.753815789473684,76,446,68,60.8
14552.0,60,3,507.93,3.298246753246753,154,258,124,0.0
14553.0,127,6,1271.65,5.942289719626169,214,807,169,546.95
14555.0,210,5,2177.83,19.444910714285715,112,810,93,126.2
14556.0,505,3,815.69,4.161683673469388,196,323,158,0.0
14558.0,563,3,655.5,43.7,15,162,13,0.0
14559.0,298,1,75.6,37.8,2,72,2,0.0
14560.0,3,37,5441.46,31.63639534883721,172,3945,51,672.57
14561.0,71,2,566.99,15.749722222222223,36,375,35,513.77
14562.0,0,15,3940.76,10.425291005291006,378,1752,194,2697.39
14563.0,418,2,640.54,6.042830188679245,106,279,95,0.0
14564.0,343,2,2605.62,24.35158878504673,107,1295,107,0.0
14565.0,4,5,3859.2200000000003,24.120125,160,1940,139,0.0
14566.0,19,4,4092.0,255.75,16,2400,9,0.0
14567.0,39,1,800.76,61.596923076923076,13,172,13,729.6
14568.0,343,1,919.6999999999999,19.568085106382977,47,645,47,0.0
14569.0,361,3,369.94,16.815454545454546,22,178,21,227.39
14570.0,189,3,613.75,9.025735294117647,68,431,64,0.0
14571.0,334,1,160.0,5.333333333333333,30,56,30,0.0
14572.0,19,9,4785.58,10.587566371681415,452,2641,304,741.3000000000001
14573.0,88,13,2163.12,6.977806451612903,310,683,183,0.0
14574.0,641,1,143.70000000000002,13.063636363636364,11,63,11,0.0
14575.0,397,1,420.22,5.836388888888889,72,163,71,0.0
14576.0,280,1,35.400000000000006,35.400000000000006,1,12,1,0.0
14577.0,72,6,1151.08,7.725369127516778,149,496,95,213.07
14579.0,341,1,105.56,4.2224,25,56,24,0.0
14580.0,427,1,14.850000000000001,14.850000000000001,1,3,1,0.0
14581.0,453,1,271.05,6.303488372093024,43,87,43,138.6
14583.0,53,7,1415.05,3.7734666666666667,375,872,292,245.24
14584.0,77,8,1738.16,7.973211009174312,218,960,127,0.0
14585.0,291,4,986.22,12.027073170731708,82,539,64,157.05
14586.0,185,1,237.36,12.49263157894737,19,444,19,0.0
14587.0,93,8,1452.68,4.138689458689459,351,716,166,127.61
14588.0,487,1,135.39000000000001,8.461875000000001,16,62,16,0.0
14589.0,280,1,39.75,13.25,3,5,3,0.0
14590.0,333,20,2993.37,14.818663366336633,202,901,124,0.0
14591.0,122,1,204.01999999999998,5.5140540540540535,37,91,33,1116.19
14593.0,107,11,3387.97,6.465591603053435,524,1636,369,277.56
14594.0,282,1,255.0,8.225806451612904,31,146,31,108.33
14595.0,222,3,587.65,15.067948717948717,39,326,30,1576.8
14596.0,535,1,222.22,4.192830188679245,53,75,50,0.0
14597.0,100,5,1483.49,29.088039215686276,51,988,44,701.14
14598.0,478,1,162.07,4.05175,40,165,40,221.97
14599.0,299,2,457.89,5.796075949367088,79,292,77,0.0
14600.0,214,2,865.1700000000001,16.02166666666667,54,487,53,0.0
14602.0,565,1,205.35999999999999,6.624516129032258,31,80,31,0.0
14603.0,183,1,660.0,330.0,2,400,2,0.0
14604.0,542,1,143.86,6.254782608695653,23,88,20,0.0
14605.0,283,4,921.5600000000001,8.532962962962964,108,416,88,0.0
14606.0,2,170,27384.13,4.801706119586183,5703,13881,1221,2567.2400000000002
14607.0,170,9,8048.63,64.38904,125,4109,76,15714.5
14608.0,271,8,1771.79,73.82458333333334,24,538,10,1581.15
14609.0,51,9,1371.0,114.25,12,12000,6,115.2
14610.0,304,2,24.35,2.435,10,15,10,0.0
14611.0,352,2,604.3299999999999,15.903421052631577,38,582,37,0.0
14612.0,323,1,877.7,62.69285714285714,14,134,14,0.0
14613.0,589,1,76.32000000000001,76.32000000000001,1,72,1,0.0
14614.0,295,1,295.13,15.533157894736842,19,189,19,0.0
14615.0,303,5,951.76,19.828333333333333,48,495,40,0.0
14616.0,151,5,527.78,105.556,5,170,3,0.0
14617.0,311,2,190.47000000000003,21.163333333333338,9,81,7,0.0
14618.0,246,5,1000.6800000000001,25.017000000000003,40,532,35,341.64
14619.0,154,2,1291.24,21.520666666666667,60,594,58,0.0
14620.0,114,2,412.78000000000003,15.876153846153848,26,214,26,0.0
14621.0,65,7,2215.12,19.430877192982454,114,1123,100,785.45
14622.0,93,1,320.58000000000004,15.265714285714287,21,146,21,0.0
14623.0,25,8,1736.44,6.836377952755906,254,872,175,280.54
14624.0,324,4,588.22,15.479473684210527,38,483,30,225.85
14625.0,105,11,4497.88,16.90932330827068,266,2155,167,0.0
14626.0,31,9,4190.94,23.413072625698323,179,2611,139,1219.98
14627.0,287,1,462.75,15.956896551724139,29,284,29,0.0
14628.0,0,5,1998.0,23.232558139534884,86,1147,65,0.0
14630.0,392,1,338.65,16.126190476190477,21,111,21,0.0
14631.0,143,5,1648.79,21.983866666666668,75,1137,55,376.9
14632.0,171,1,114.56,14.32,8,96,8,0.0
14633.0,174,1,344.90000000000003,17.245,20,96,20,0.0
14634.0,346,4,2124.46,19.49045871559633,109,1906,105,0.0
14635.0,362,1,215.22,14.348,15,118,15,0.0
14636.0,177,1,300.19,18.761875,16,117,16,309.66
14637.0,586,1,106.67999999999999,15.239999999999998,7,100,7,0.0
14639.0,29,7,3983.7,16.95191489361702,235,1768,166,995.26
14640.0,36,8,3025.34,17.69204678362573,171,1337,142,624.02
14643.0,79,5,1679.89,27.095000000000002,62,1377,57,0.0
14644.0,207,6,1604.46,36.465,44,578,37,643.26
14645.0,65,3,876.89,18.268541666666668,48,587,45,0.0
14646.0,1,120,426699.12,135.54609911054638,3148,298022,805,101903.4
14647.0,110,2,506.04,10.5425,48,175,42,0.0
14648.0,325,15,4466.65,10.363457076566124,431,3265,286,0.0
14649.0,121,7,2830.72,7.276915167095115,389,1760,301,820.47
14650.0,497,1,62.5,15.625,4,22,4,0.0
14651.0,119,8,1787.24,7.415933609958507,241,722,185,238.28
14653.0,247,6,2011.22,11.362824858757062,177,1329,150,1581.84
14654.0,647,1,246.85999999999999,9.142962962962962,27,273,27,0.0
14655.0,131,4,2756.84,40.54176470588236,68,1774,55,1121.67
14656.0,78,5,790.0,3.816425120772947,207,309,148,0.0
14657.0,63,5,1240.91,7.050625,176,752,132,209.28
14658.0,26,1,123.14,8.795714285714286,14,23,14,124.00999999999999
14659.0,54,6,1641.55,10.455732484076433,157,767,107,888.38
14660.0,9,1,128.95,9.210714285714285,14,104,14,156.79
14662.0,143,6,1147.34,6.829404761904762,168,651,139,229.09
14663.0,339,2,490.6,7.214705882352941,68,397,60,0.0
14665.0,205,5,1645.6100000000001,19.8266265060241,83,672,78,1104.04
14667.0,3,47,17231.76,15.58025316455696,1106,10000,509,3163.58
14668.0,354,1,111.63000000000001,9.3025,12,49,10,0.0
14669.0,150,7,3216.78,8.312093023255814,387,2043,334,0.0
14670.0,189,3,583.33,3.2588268156424585,179,423,159,0.0
14671.0,458,2,1127.45,20.49909090909091,55,571,48,0.0
14672.0,143,4,1113.14,10.501320754716982,106,646,93,0.0
14673.0,276,3,1674.41,18.81359550561798,89,1031,65,1362.91
14674.0,418,1,173.66,12.404285714285715,14,103,14,0.0
14675.0,297,1,419.21999999999997,3.380806451612903,124,324,114,596.36
14676.0,56,10,7499.47,63.02075630252101,119,8116,68,857.32
14677.0,501,1,184.91,13.207857142857142,14,139,14,0.0
14678.0,488,1,403.39,16.807916666666667,24,179,24,0.0
14679.0,290,3,1289.44,20.467301587301588,63,794,49,0.0
14680.0,4,56,52356.95,41.91909527622097,1249,25534,220,3331.55
14681.0,120,4,770.1500000000001,42.78611111111112,18,144,18,105.0
14682.0,96,6,1514.81,17.61406976744186,86,949,79,0.0
14683.0,496,1,146.56,6.979047619047619,21,386,21,0.0
14684.0,124,3,721.96,2.766130268199234,261,454,195,708.07
14685.0,485,8,4536.64,24.26010695187166,187,1969,109,0.0
14686.0,322,5,852.53,3.8928310502283106,219,457,185,0.0
14687.0,15,3,1402.06,35.0515,40,850,34,0.0
14688.0,1,23,5797.77,13.804214285714286,420,4410,162,1392.65
14689.0,117,1,112.8,8.676923076923076,13,76,13,0.0
14690.0,60,3,635.19,7.652891566265061,83,258,65,142.49
14691.0,5,2,1274.68,27.710434782608697,46,464,37,839.65
14692.0,46,12,1715.1399999999999,10.787044025157233,159,890,101,0.0
14693.0,173,7,1165.36,15.538133333333333,75,388,43,0.0
14694.0,525,1,244.31,16.287333333333333,15,193,15,0.0
14695.0,428,3,1534.22,18.71,82,661,76,0.0
14696.0,28,6,1852.8700000000001,16.253245614035087,114,1323,105,620.41
14697.0,127,2,188.60999999999999,8.573181818181817,22,181,22,0.0
14699.0,123,4,702.6,14.052,50,484,45,0.0
14700.0,98,4,2422.06,18.489007633587786,131,1140,88,654.0
14701.0,81,13,3902.4500000000003,7.773804780876494,502,1489,377,584.66
14702.0,25,21,4768.24,9.31296875,512,2075,260,1600.54
14704.0,51,4,466.46,3.7923577235772354,123,222,102,1286.46
14705.0,107,1,179.0,179.0,1,100,1,0.0
14706.0,527,1,367.53999999999996,14.7016,25,246,25,0.0
14707.0,344,2,139.2,69.6,2,96,1,0.0
14708.0,62,4,1368.03,50.66777777777778,27,948,14,425.19
14709.0,2,21,7918.03,25.057056962025317,316,3661,99,968.3000000000001
14710.0,288,9,1300.31,4.392939189189189,296,760,203,599.48
14711.0,0,9,2355.63,8.692361623616236,271,795,177,483.99
14712.0,21,2,526.72,37.62285714285714,14,198,14,801.35
14713.0,7,19,4483.17,7.337430441898527,611,2952,208,632.59
14714.0,315,3,746.05,8.988554216867469,83,413,59,160.19
14715.0,3,7,1552.82,13.502782608695652,115,806,87,272.63
14716.0,57,2,417.49,6.231194029850746,67,467,61,125.78999999999999
14717.0,642,1,81.3,7.390909090909091,11,32,11,0.0
14718.0,319,1,226.42,20.583636363636362,11,202,11,0.0
14719.0,88,2,488.12,6.3392207792207795,77,398,70,1093.72
14720.0,35,1,155.8,17.311111111111114,9,40,9,508.01
14721.0,288,1,109.07,4.3628,25,57,24,0.0
14722.0,56,3,489.52,5.626666666666666,87,214,72,0.0
14723.0,266,8,1136.35,4.715145228215767,241,694,180,666.71
14724.0,499,1,341.9,8.339024390243901,41,184,40,0.0
14725.0,303,3,597.16,11.267169811320754,53,747,41,655.58
14726.0,563,1,116.5,7.766666666666667,15,82,15,0.0
14727.0,183,3,463.72999999999996,10.08108695652174,46,458,43,0.0
14728.0,321,1,190.58,13.612857142857143,14,68,14,0.0
14729.0,282,3,586.24,4.441212121212121,132,372,126,0.0
14730.0,16,5,872.13,4.818397790055249,181,509,142,1025.44
14731.0,114,2,251.01999999999998,8.367333333333333,30,182,23,129.0
14732.0,52,16,4432.88,19.78964285714286,224,1828,132,1084.19
14733.0,19,14,13793.44,44.929771986970685,307,5680,137,541.71
14734.0,334,4,1056.42,16.76857142857143,63,378,48,0.0
14735.0,7,47,9770.18,33.345324232081914,293,3614,168,2469.98
14736.0,394,2,374.05,4.250568181818182,88,148,70,0.0
14737.0,37,3,3471.37,80.72953488372093,43,1029,28,82.8
14738.0,42,7,1265.1000000000001,21.442372881355933,59,507,47,556.8000000000001
14739.0,3,22,9918.92,45.49963302752293,218,8554,123,1654.7
14740.0,105,11,4161.06,18.013246753246754,231,2081,173,0.0
14741.0,22,5,1177.71,22.220943396226417,53,723,38,535.38
14742.0,344,1,579.85,17.054411764705883,34,374,34,0.0
14743.0,501,1,50.48,16.826666666666664,3,40,3,0.0
14744.0,206,12,3488.13,32.00119266055046,109,2291,53,171.95
14745.0,21,12,2551.41,18.22435714285714,140,1969,74,0.0
14746.0,315,4,593.5,65.94444444444444,9,398,7,0.0
14747.0,158,1,328.2,18.233333333333334,18,84,18,0.0
14748.0,32,9,2384.92,16.447724137931036,145,2260,118,296.98
14749.0,388,1,310.15,17.230555555555554,18,403,18,0.0
14750.0,644,1,112.03,3.5009375,32,65,32,0.0
14751.0,593,2,126.45,18.064285714285713,7,65,7,0.0
14753.0,369,1,306.36,17.02,18,201,18,563.15
14754.0,204,5,1138.15,10.346818181818183,110,697,90,409.78
14755.0,21,21,7829.95,20.12840616966581,389,3423,202,2142.6
14756.0,291,2,1914.8,23.639506172839507,81,1007,68,738.96
14758.0,53,7,2864.97,21.065955882352938,136,840,91,0.0
14759.0,21,2,870.85,16.747115384615384,52,247,47,755.12
14760.0,205,1,89.2,17.84,5,40,5,0.0
14761.0,243,2,289.52,14.475999999999999,20,146,20,158.4
14762.0,172,2,417.57,13.919,30,428,28,0.0
14765.0,21,2,95.5,11.9375,8,22,8,158.61
14766.0,77,9,5433.68,18.608493150684932,292,3634,226,942.0500000000001
14767.0,383,1,382.81,21.267222222222223,18,117,18,0.0
14768.0,36,1,133.20000000000002,33.300000000000004,4,40,4,59.400000000000006
14769.0,17,15,11381.97,11.59060081466395,982,8148,625,4132.14
14770.0,141,8,3637.64,18.465177664974618,197,1598,152,0.0
14771.0,530,2,594.62,12.651489361702128,47,622,46,0.0
14772.0,21,1,139.26,15.473333333333333,9,82,9,0.0
14773.0,501,1,140.55,14.055000000000001,10,53,10,0.0
14774.0,437,1,241.45,18.573076923076922,13,99,13,0.0
14775.0,46,2,701.46,17.5365,40,802,39,310.44
14776.0,14,12,3032.22,19.313503184713376,157,3754,68,676.08
14777.0,312,1,307.56,19.2225,16,212,16,0.0
14778.0,36,2,730.86,20.881714285714285,35,306,34,0.0
14779.0,189,3,386.15,9.418292682926829,41,84,40,0.0
14782.0,228,1,200.10000000000002,33.35,6,114,6,0.0
14783.0,567,1,307.3,18.076470588235296,17,262,17,0.0
14784.0,232,2,274.62,17.16375,16,182,14,175.31
14786.0,459,1,90.96,12.994285714285713,7,112,7,0.0
14787.0,380,1,110.65,7.376666666666667,15,59,14,0.0
14788.0,504,1,476.88,17.03142857142857,28,298,28,679.4399999999999
14790.0,28,8,2145.6,16.89448818897638,127,2327,62,381.02
14791.0,515,1,303.63,15.980526315789474,19,127,19,0.0
14793.0,443,1,396.91,15.8764,25,270,25,228.99
14794.0,112,7,1313.53,20.52390625,64,421,57,640.37
14795.0,75,1,131.45000000000002,21.908333333333335,6,17,6,0.0
14796.0,3,24,8775.02,6.964301587301588,1260,6043,428,1394.31
14797.0,416,1,300.31,18.769375,16,99,16,0.0
14798.0,53,7,647.97,14.399333333333335,45,555,26,76.34
14799.0,646,1,180.45,18.044999999999998,10,349,10,157.7
14800.0,18,14,6692.03,12.36974121996303,541,6011,302,499.3
14802.0,346,2,1502.98,751.49,2,2,1,0.0
14803.0,71,3,845.55,19.217045454545453,44,370,35,0.0
14805.0,222,4,645.4,6.454,100,331,82,437.15
14806.0,348,1,110.03999999999999,12.226666666666667,9,93,9,193.39
14807.0,299,2,504.14,13.266842105263157,38,234,37,0.0
14808.0,53,6,1833.82,9.91254054054054,185,1241,146,884.78
14809.0,530,2,686.76,38.153333333333336,18,232,18,0.0
14810.0,12,12,2135.48,7.765381818181818,275,1059,116,218.55
14811.0,296,1,170.5,6.089285714285714,28,74,28,0.0
14812.0,507,1,178.85,4.968055555555555,36,135,36,0.0
14813.0,278,4,888.91,6.4413768115942025,138,392,110,0.0
14814.0,490,1,154.21,5.140333333333333,30,93,28,0.0
14816.0,106,1,271.85,67.9625,4,5,4,0.0
14817.0,109,7,3959.86,17.216782608695652,230,2462,142,0.0
14818.0,78,5,905.39,11.177654320987655,81,421,70,248.17000000000002
14819.0,101,3,269.06,6.115,44,109,43,187.35
14820.0,82,6,907.24,21.09860465116279,43,558,38,367.52
14821.0,275,7,1230.15,17.82826086956522,69,459,65,0.0
14822.0,394,1,157.70000000000002,17.522222222222226,9,94,9,0.0
14823.0,89,3,321.43,4.591857142857143,70,88,56,0.0
14824.0,0,7,3337.11,23.174375,144,1646,82,685.8000000000001
14825.0,36,19,3847.54,14.741532567049807,261,2325,178,887.5400000000001
14826.0,490,2,385.2,38.519999999999996,10,152,10,0.0
14828.0,105,13,9839.460000000001,97.42039603960397,101,9718,72,0.0
14829.0,93,6,1289.95,15.541566265060242,83,869,72,165.92
14831.0,589,3,1676.57,20.445975609756097,82,885,67,0.0
14832.0,539,1,322.69,322.69,1,1,1,0.0
14833.0,407,1,94.8,13.542857142857143,7,58,7,0.0
14834.0,29,3,915.16,22.320975609756097,41,318,34,1291.0
14835.0,437,2,297.0,148.5,2,180,1,0.0
14837.0,14,8,3156.38,16.525549738219897,191,2820,159,303.94
14838.0,332,2,769.92,10.998857142857142,70,361,69,0.0
14839.0,327,3,915.28,12.368648648648648,74,927,61,0.0
14840.0,176,2,362.71,16.48681818181818,22,179,20,0.0
14841.0,88,12,6242.81,23.294067164179108,268,3621,182,920.19
14842.0,4,3,1901.52,21.128,90,711,86,923.17
14843.0,345,1,211.79999999999998,23.53333333333333,9,132,9,0.0
14844.0,32,9,5770.3,24.65940170940171,234,3837,140,932.13
14845.0,508,1,150.0,150.0,1,600,1,0.0
14846.0,335,1,437.4,36.449999999999996,12,193,12,0.0
14847.0,57,3,1348.95,21.75725806451613,62,533,56,0.0
14848.0,313,1,310.56,28.232727272727274,11,260,11,0.0
14849.0,4,35,13261.6,20.656697819314644,642,10232,267,2146.01
14850.0,220,7,1770.96,9.081846153846154,195,1393,129,0.0
14851.0,165,2,524.19,18.72107142857143,28,445,24,305.22
14852.0,5,17,5484.16,20.015182481751825,274,4009,126,648.27
14853.0,120,4,1115.57,44.6228,25,297,21,261.29999999999995
14854.0,42,10,3844.86,19.517055837563454,197,2596,158,458.2
14855.0,28,7,6520.3,31.499033816425122,207,3510,168,0.0
14857.0,57,6,3001.251,16.49039010989011,182,1805,149,650.6
14858.0,414,1,180.75,16.431818181818183,11,105,11,0.0
14859.0,113,2,648.76,34.14526315789474,19,426,17,1056.88
14861.0,289,9,1254.94,15.68675,80,959,58,125.79
14862.0,57,1,304.09999999999997,14.48095238095238,21,430,21,537.1
14865.0,280,3,77.52000000000001,15.504000000000001,5,192,3,15.0
14866.0,14,11,7520.54,117.5084375,64,2889,36,13226.0
14867.0,94,16,2952.06,21.547883211678833,137,996,67,0.0
14868.0,29,8,2527.4900000000002,18.18338129496403,139,1514,105,1656.52
14869.0,11,5,2443.75,10.958520179372197,223,1935,171,334.39
14870.0,170,6,1838.95,28.29153846153846,65,483,43,0.0
14871.0,87,8,1062.19,6.680440251572327,159,376,101,165.98000000000002
14872.0,392,3,816.6,18.990697674418605,43,662,34,0.0
14873.0,119,2,854.13,17.43122448979592,49,311,48,0.0
14874.0,444,1,116.18,19.363333333333333,6,148,6,0.0
14875.0,16,3,2862.4,32.16179775280899,89,1332,88,0.0
14876.0,430,2,256.7,19.746153846153845,13,162,12,0.0
14877.0,327,2,425.85,6.7595238095238095,63,168,57,0.0
14878.0,82,22,3683.4300000000003,11.229969512195122,328,2244,150,393.07
14879.0,593,1,185.06,6.854074074074074,27,104,27,0.0
14880.0,94,2,347.67,13.9068,25,237,25,342.92
14882.0,299,12,2956.9500000000003,54.75833333333334,54,1456,31,589.7
14883.0,72,2,358.48,14.3392,25,322,25,403.11
14884.0,578,1,120.6,15.075,8,72,8,0.0
14885.0,40,3,1598.12,51.552258064516124,31,1308,24,0.0
14886.0,161,1,364.8,20.266666666666666,18,160,18,0.0
14888.0,116,1,369.2,18.46,20,184,20,0.0
14889.0,245,1,135.9,13.59,10,90,10,0.0
14890.0,162,3,817.25,14.337719298245615,57,636,55,0.0
14891.0,56,4,1106.73,17.56714285714286,63,788,55,0.0
14892.0,599,1,202.35000000000002,15.565384615384618,13,79,13,0.0
14893.0,526,1,571.76,17.326060606060604,33,248,33,1237.85
14894.0,352,2,837.0600000000001,36.393913043478264,23,338,23,655.75
14895.0,0,31,21955.62,28.55087126137841,769,9281,415,3163.92
14896.0,113,8,1826.0,7.217391304347826,253,931,150,0.0
14897.0,205,5,1949.66,23.776341463414635,82,816,65,1190.88
14898.0,43,13,3087.82,12.351280000000001,250,2058,163,278.13
14899.0,304,1,1331.38,10.32077519379845,129,570,126,0.0
14900.0,431,1,13.919999999999998,13.919999999999998,1,48,1,0.0
14901.0,10,8,1319.83,13.467653061224489,98,628,80,599.17
14902.0,304,2,702.96,18.024615384615384,39,498,34,332.66
14903.0,33,4,2398.62,8.271103448275861,290,1330,195,396.71
14904.0,317,2,605.05,8.403472222222222,72,537,62,1025.44
14905.0,66,8,1971.39,25.27423076923077,78,1009,45,0.0
14906.0,353,1,68.44,68.44,1,1,1,0.0
14907.0,7,14,4654.8,19.892307692307693,234,2199,142,892.9200000000001
14908.0,371,1,104.10000000000001,20.82,5,50,5,277.8
14909.0,345,3,1404.68,17.558500000000002,80,888,61,0.0
14911.0,2,309,229613.43,27.45915211671849,8362,111191,2182,61807.38
14912.0,155,5,1504.1899999999998,30.083799999999997,50,1293,37,385.06
14913.0,92,7,3762.85,16.949774774774774,222,3574,161,310.28000000000003
14915.0,0,11,1811.25,20.125,90,707,65,0.0
14916.0,2,7,2741.73,23.84113043478261,115,2109,97,301.21999999999997
14917.0,505,2,1123.75,38.75,29,891,29,0.0
14918.0,24,9,5955.81,42.23978723404256,141,2551,79,0.0
14919.0,448,1,359.35,27.642307692307693,13,129,13,0.0
14920.0,121,3,1607.17,16.568762886597938,97,886,90,0.0
14921.0,110,1,903.01,17.037924528301886,53,631,53,413.06
14922.0,302,2,843.74,16.8748,50,376,49,0.0
14924.0,154,3,931.01,30.03258064516129,31,312,30,0.0
14926.0,290,2,359.4,119.8,3,204,2,0.0
14927.0,305,1,308.2,15.41,20,196,20,0.0
14928.0,536,1,223.91000000000003,10.662380952380953,21,268,21,0.0
14929.0,330,1,612.8100000000001,26.643913043478264,23,351,23,223.88
14930.0,17,6,5236.7300000000005,18.837158273381295,278,2193,213,0.0
14931.0,114,2,586.0,58.6,10,98,10,671.6800000000001
14932.0,274,2,666.13,20.8165625,32,257,29,0.0
14933.0,352,4,1770.0,442.5,4,600,1,0.0
14934.0,191,4,2441.4,17.82043795620438,137,1517,89,1062.1
14935.0,206,2,2849.83,109.60884615384614,26,1931,25,0.0
14936.0,17,7,9346.67,24.467722513089004,382,4541,195,3064.14
14937.0,39,1,759.56,58.427692307692304,13,172,13,862.32
14938.0,471,2,2322.43,32.710281690140846,71,1369,71,0.0
14940.0,326,2,531.49,16.6090625,32,384,32,0.0
14941.0,487,1,182.1,26.014285714285712,7,80,7,0.0
14942.0,310,4,746.56,39.292631578947365,19,354,12,0.0
14943.0,571,1,107.62,21.524,5,46,5,0.0
14944.0,3,14,7048.61,27.75043307086614,254,3748,161,2736.06
14945.0,322,1,179.4,16.30909090909091,11,156,11,0.0
14947.0,39,5,937.47,18.7494,50,355,43,112.32
14948.0,7,4,639.23,15.590975609756098,41,453,39,462.74
14949.0,378,4,515.0,19.074074074074073,27,250,16,0.0
14952.0,115,28,13064.47,51.0330859375,256,5409,209,4564.88
14953.0,327,3,685.65,3.58979057591623,191,790,153,285.67
14954.0,611,1,167.27,4.079756097560976,41,92,41,294.85
14955.0,641,1,163.77,5.282903225806452,31,74,30,0.0
14956.0,329,1,1325.0,331.25,4,2500,4,0.0
14957.0,161,2,261.69,9.34607142857143,28,97,27,0.0
14958.0,56,6,941.99,13.267464788732395,71,248,52,0.0
14959.0,18,3,537.32,10.535686274509805,51,400,33,158.1
14960.0,80,1,88.3,44.15,2,20,2,132.97
14961.0,0,20,14283.4,24.25025466893039,589,7333,297,2126.75
14962.0,179,4,366.91,26.207857142857144,14,123,14,0.0
14963.0,92,8,1945.43,6.041708074534162,322,1295,215,1178.14
14964.0,156,1,206.21,15.862307692307693,13,143,13,0.0
14965.0,5,2,596.09,7.359135802469136,81,363,80,0.0
14966.0,296,5,881.24,7.6629565217391304,115,881,93,183.02
14967.0,350,5,1518.81,66.03521739130434,23,512,19,463.8
14968.0,367,1,353.65,7.524468085106382,47,130,47,147.59
14969.0,612,1,906.23,69.71000000000001,13,665,13,0.0
14970.0,46,11,4447.04,46.32333333333333,96,897,57,472.31
14972.0,37,2,145.07,7.2535,20,40,20,0.0
14973.0,16,3,1314.45,41.0765625,32,369,29,0.0
14975.0,330,1,192.45,12.83,15,127,15,279.94
14976.0,9,4,559.96,10.36962962962963,54,162,38,230.9
14977.0,634,1,31.929999999999996,7.982499999999999,4,17,4,0.0
14978.0,144,9,2718.05,10.7859126984127,252,628,159,394.14
14979.0,644,1,429.66,8.768571428571429,49,209,42,0.0
14980.0,646,1,150.68,6.278333333333333,24,79,24,0.0
14981.0,155,2,372.92,16.950909090909093,22,241,20,0.0
14982.0,481,1,237.78,6.096923076923077,39,125,39,0.0
14983.0,597,1,183.20000000000002,6.106666666666667,30,90,30,0.0
14984.0,89,5,1160.37,37.431290322580644,31,310,27,100.14
14985.0,107,2,292.01,3.5181927710843373,83,256,78,0.0
14986.0,285,2,563.1,5.745918367346939,98,338,87,0.0
14987.0,274,7,1387.4499999999998,106.72692307692306,13,543,4,163.2
14988.0,120,7,2038.65,8.675106382978724,235,1260,171,0.0
14989.0,570,1,342.4,19.022222222222222,18,200,18,0.0
14990.0,521,2,304.16999999999996,7.2421428571428565,42,129,41,0.0
14991.0,339,1,314.67,14.984285714285715,21,191,21,0.0
14992.0,350,1,210.5,7.796296296296297,27,145,27,0.0
14993.0,472,1,36.13,3.6130000000000004,10,21,9,0.0
14994.0,291,5,946.72,3.1348344370860928,302,568,233,0.0
14995.0,189,1,119.31,3.2245945945945946,37,51,37,112.67
14996.0,390,2,442.28999999999996,10.787560975609756,41,404,37,0.0
14997.0,86,2,385.68,18.365714285714287,21,600,20,390.91999999999996
14998.0,78,4,753.18,6.02544,125,352,111,0.0
14999.0,501,1,129.48000000000002,14.386666666666668,9,88,9,0.0
15001.0,303,2,199.11,4.3284782608695656,46,70,44,0.0
15002.0,24,9,4138.08,12.279169139465875,337,2214,220,0.0
15003.0,382,6,1027.03,3.1216717325227963,329,525,253,0.0
15004.0,56,1,1220.77,7.927077922077922,154,623,154,0.0
15005.0,4,48,11966.76,5.709332061068703,2096,7456,524,1787.82
15006.0,362,1,277.4,5.547999999999999,50,101,47,480.38
15007.0,67,1,156.91,13.075833333333334,12,69,12,0.0
15008.0,389,2,360.0,30.0,12,1500,6,0.0
15011.0,304,2,416.6,20.830000000000002,20,289,17,0.0
15012.0,282,2,429.78000000000003,3.551900826446281,121,242,107,216.48
15013.0,396,10,1610.82,4.737705882352941,340,1715,177,0.0
15014.0,84,1,117.72999999999999,39.24333333333333,3,68,2,139.94
15015.0,410,13,2354.97,8.010102040816326,294,1584,158,0.0
15016.0,81,5,620.89,5.913238095238095,105,243,93,0.0
15018.0,161,2,291.34000000000003,17.137647058823532,17,94,17,204.87
15019.0,175,1,252.81,3.8304545454545456,66,150,64,0.0
15020.0,288,1,198.47,7.350740740740741,27,111,27,0.0
15021.0,65,8,1709.05,3.8842045454545455,440,765,289,791.54
15022.0,585,1,281.05,14.792105263157895,19,113,19,852.39
15023.0,25,17,9886.21,12.012405832320777,823,4124,425,1692.44
15024.0,21,11,2753.58,11.239102040816325,245,1426,130,805.8100000000001
15025.0,477,1,617.83,8.580972222222222,72,319,72,361.96
15026.0,149,4,810.67,7.870582524271844,103,451,83,238.22
15027.0,77,9,3096.42,35.59103448275862,87,2740,67,99.18
15028.0,277,3,521.78,7.673235294117647,68,333,45,441.16
15029.0,528,1,365.1,36.510000000000005,10,234,10,0.0
15030.0,177,7,1614.39,55.66862068965518,29,1009,21,365.52000000000004
15031.0,19,12,2711.54,8.26689024390244,328,1291,213,391.4
15032.0,165,8,11010.05,115.89526315789473,95,6601,39,0.0
15033.0,18,6,1608.95,5.829528985507246,276,903,203,948.23
15034.0,141,11,6597.42,12.105357798165137,545,3661,308,1633.78
15036.0,86,2,212.49,4.009245283018868,53,143,49,217.07
15037.0,285,2,397.76,8.83911111111111,45,298,40,0.0
15038.0,96,7,958.49,4.458093023255814,215,292,176,188.04
15039.0,0,84,37759.54,14.978000793335978,2521,17114,542,1381.94
15040.0,450,1,7.49,7.49,1,1,1,0.0
15041.0,78,2,289.4,2.7826923076923076,104,194,98,0.0
15042.0,107,2,315.45,35.05,9,238,9,0.0
15043.0,372,5,2333.3199999999997,48.610833333333325,48,719,39,537.0
15044.0,45,31,13542.1,18.704558011049723,724,3995,269,2482.05
15045.0,60,2,735.66,61.305,12,114,11,0.0
15046.0,5,21,6477.05,18.29675141242938,354,3749,226,1146.74
15047.0,178,1,343.62,15.61909090909091,22,222,22,0.0
15048.0,25,3,321.48,4.121538461538462,78,170,74,59.52
15049.0,182,1,121.17000000000002,40.39000000000001,3,63,3,0.0
15050.0,330,2,2349.5,32.18493150684932,73,1384,58,1737.69
15051.0,59,7,2921.29,16.139723756906076,181,2393,133,1005.62
15052.0,228,1,207.73,7.418928571428571,28,79,27,0.0
15053.0,65,2,478.6,11.965,40,514,28,215.35
15055.0,383,3,549.12,6.779259259259259,81,225,77,0.0
15056.0,428,1,113.64999999999999,18.941666666666666,6,69,6,0.0
15057.0,184,5,3255.96,46.513714285714286,70,1394,62,0.0
15058.0,33,12,2519.8,10.119678714859438,249,1198,169,867.78
15059.0,16,17,3162.08,5.910429906542056,535,1400,283,329.12
15061.0,36,116,108429.88,136.73377049180328,793,64553,120,17959.14
15062.0,126,7,2411.8,16.406802721088436,147,1650,95,173.82
15063.0,122,1,370.79999999999995,74.16,5,56,5,0.0
15064.0,319,4,1254.41,15.486543209876544,81,810,75,0.0
15065.0,73,4,3027.48,20.318657718120807,149,1244,140,299.38
15067.0,191,3,2966.17,22.816692307692307,130,1532,125,896.71
15068.0,165,3,861.5,5.630718954248366,153,598,139,313.4
15069.0,88,1,1109.53,15.850428571428571,70,520,70,0.0
15070.0,281,3,737.0500000000001,23.032812500000002,32,339,26,0.0
15071.0,2,4,1455.56,26.954814814814814,54,416,41,0.0
15072.0,388,1,187.51999999999998,14.424615384615382,13,164,13,0.0
15073.0,94,7,2606.57,17.493758389261746,149,1347,109,181.45
15074.0,14,3,1553.1299999999999,21.57125,72,1039,63,0.0
15076.0,81,3,1447.74,18.09675,80,866,68,0.0
15077.0,403,2,2428.08,75.8775,32,528,28,0.0
15078.0,14,43,14246.210000000001,22.05295665634675,646,7059,104,3040.52
15079.0,121,11,3625.4,25.712056737588654,141,1459,119,0.0
15080.0,336,2,546.25,17.620967741935484,31,287,31,0.0
15081.0,117,9,1597.82,18.797882352941176,85,672,65,256.75
15082.0,577,1,93.35000000000001,15.558333333333335,6,43,6,0.0
15083.0,165,1,88.2,17.64,5,38,5,0.0
15084.0,288,2,965.2,31.135483870967743,31,600,31,0.0
15085.0,638,1,347.53999999999996,38.61555555555555,9,169,9,0.0
15086.0,473,2,218.53,19.866363636363637,11,95,10,0.0
15087.0,190,1,306.94,20.462666666666667,15,470,15,0.0
15089.0,2,3,2036.28,16.82876033057851,121,1189,117,384.56
15090.0,217,1,381.32,16.57913043478261,23,208,23,0.0
15091.0,583,2,565.9,20.95925925925926,27,236,27,480.71
15092.0,124,3,776.46,17.25466666666667,45,230,39,0.0
15093.0,25,22,13132.46,43.198881578947365,304,10297,104,569.92
15094.0,371,2,83.0,16.6,5,28,4,0.0
15095.0,12,10,3141.64,25.335806451612903,124,2233,90,0.0
15097.0,492,2,660.27,16.104146341463416,41,254,39,248.08
15098.0,91,3,39916.5,13305.5,3,121,1,0.0
15100.0,242,7,2193.9,137.11875,16,270,11,0.0
15101.0,268,5,1262.69,23.38314814814815,54,469,48,215.25
15102.0,439,2,554.67,20.543333333333333,27,339,26,0.0
15104.0,105,2,993.54,14.828955223880596,67,635,66,0.0
15105.0,43,3,1328.96,19.260289855072465,69,810,67,1765.95
15106.0,49,3,1032.83,14.34486111111111,72,822,67,389.69
15107.0,220,9,824.35,19.627380952380953,42,330,32,0.0
15108.0,50,4,1300.25,21.670833333333334,60,499,50,0.0
15109.0,154,3,983.1,20.48125,48,258,46,0.0
15110.0,35,4,886.3000000000001,23.954054054054055,37,212,20,619.5500000000001
15111.0,281,3,1163.39,17.36402985074627,67,454,60,1278.98
15112.0,520,1,209.4,29.914285714285715,7,72,7,0.0
15114.0,2,9,2318.53,15.055389610389613,154,2253,94,1081.59
15115.0,641,1,191.74,13.695714285714287,14,88,14,340.11
15116.0,43,2,790.97,34.39,23,255,20,561.78
15117.0,29,5,1609.92,18.504827586206897,87,2230,65,876.0500000000001
15118.0,43,1,244.8,244.8,1,1440,1,0.0
15119.0,154,1,266.4,19.02857142857143,14,88,14,0.0
15120.0,42,1,358.82,17.086666666666666,21,296,21,0.0
15121.0,197,1,295.15,16.397222222222222,18,125,18,162.57
15122.0,22,11,4487.27,19.767709251101323,227,2033,155,0.0
15123.0,115,4,3526.33,27.125615384615383,130,1838,113,1129.84
15124.0,100,3,357.38,14.2952,25,318,25,93.44
15125.0,21,21,16291.87,69.92218884120172,233,8149,146,733.0
15126.0,445,2,449.49,17.9796,25,273,25,0.0
15127.0,428,1,304.97,25.41416666666667,12,213,12,406.53
15128.0,35,4,1482.92,14.53843137254902,102,1247,80,300.76
15129.0,15,22,6209.51,31.52035532994924,197,3829,80,650.6700000000001
15130.0,78,1,330.11,15.005,22,197,22,0.0
15131.0,303,1,80.28,11.468571428571428,7,88,7,0.0
15132.0,14,3,842.23,17.546458333333334,48,633,47,135.70000000000002
15133.0,36,5,1806.9,36.875510204081635,49,960,45,0.0
15134.0,36,6,823.16,17.149166666666666,48,560,31,773.13
15135.0,147,2,305.68,15.284,20,84,17,0.0
15136.0,4,1,582.9,20.099999999999998,29,374,29,703.8000000000001
15137.0,429,2,823.4,24.21764705882353,34,596,34,0.0
15138.0,302,1,502.52,16.210322580645162,31,300,31,0.0
15139.0,148,2,178.96,13.766153846153847,13,208,13,0.0
15140.0,24,6,2617.55,29.410674157303372,89,1704,82,626.14
15141.0,366,7,1388.47,17.355875,80,1197,44,0.0
15142.0,319,5,2121.18,18.28603448275862,116,1790,97,498.74
15143.0,134,2,563.63,18.181612903225805,31,320,27,0.0
15144.0,1,22,9140.710000000001,35.705898437500004,256,4121,170,3019.6
15145.0,135,2,724.03,17.659268292682928,41,438,35,470.7
15146.0,73,2,1327.16,14.584175824175825,91,1473,90,0.0
15147.0,148,1,623.5,22.267857142857142,28,366,28,0.0
15149.0,42,5,1554.61,22.530579710144927,69,380,62,0.0
15150.0,18,8,7256.2300000000005,15.53796573875803,467,4999,441,1721.71
15151.0,331,2,2085.61,36.58964912280702,57,795,56,0.0
15152.0,22,7,2901.35,18.020807453416147,161,1463,131,2362.48
15154.0,386,2,1089.44,10.680784313725491,102,244,101,254.28
15155.0,292,1,383.97,15.998750000000001,24,192,24,0.0
15157.0,63,4,2223.41,19.167327586206895,116,2984,116,430.70000000000005
15158.0,310,1,204.62,51.155,4,21,4,401.40000000000003
15159.0,21,22,12445.69,27.4739293598234,453,7737,271,9671.04
15160.0,266,4,589.27,25.620434782608694,23,307,17,0.0
15161.0,296,1,119.92,3.633939393939394,33,144,33,0.0
15162.0,640,1,312.9,26.075,12,74,12,0.0
15163.0,101,1,155.0,15.5,10,48,10,149.47
15164.0,117,8,1566.76,5.120130718954249,306,703,223,461.35
15165.0,282,1,487.75,18.064814814814813,27,160,27,0.0
15166.0,376,1,167.16,13.93,12,140,12,0.0
15167.0,229,5,1627.62,5.3540131578947365,304,863,262,0.0
15169.0,291,2,569.22,9.647796610169491,59,356,58,0.0
15170.0,315,1,81.15,20.2875,4,33,4,0.0
15171.0,240,1,1289.5,257.9,5,290,5,0.0
15172.0,44,3,886.74,14.53672131147541,61,838,60,737.31
15173.0,289,7,1494.6,17.37906976744186,86,840,68,0.0
15174.0,231,2,481.46,14.160588235294117,34,382,34,0.0
15176.0,576,1,988.0400000000001,19.000769230769233,52,448,52,0.0
15177.0,334,1,948.9300000000001,36.49730769230769,26,485,26,0.0
15178.0,169,1,40.5,13.5,3,30,3,0.0
15179.0,142,11,6740.09,25.24378277153558,267,4772,190,751.83
15180.0,276,3,816.9300000000001,15.710192307692308,52,654,46,0.0
15181.0,84,4,945.7199999999999,67.55142857142856,14,396,14,254.48
15182.0,63,11,2998.952,23.991616,125,1186,78,0.0
15183.0,456,3,639.93,16.840263157894736,38,297,33,0.0
15184.0,99,3,518.42,12.343333333333332,42,336,34,166.97
15186.0,77,4,1221.05,28.396511627906975,43,663,26,182.15
15187.0,0,6,1883.88,48.30461538461539,39,801,37,2893.3
15188.0,634,1,310.43,13.496956521739131,23,233,23,0.0
15189.0,0,38,13934.76,67.64446601941748,206,5380,84,3589.62
15190.0,343,1,834.4399999999999,20.860999999999997,40,790,40,0.0
15191.0,372,3,588.05,16.80142857142857,35,287,33,0.0
15192.0,28,5,1666.39,18.311978021978025,91,1448,56,0.0
15194.0,35,24,8874.53,23.477592592592593,378,6502,227,3147.0
15196.0,341,2,313.7,7.469047619047619,42,130,34,0.0
15197.0,161,5,1571.15,37.40833333333334,42,791,35,306.36
15198.0,1,5,571.35,18.43064516129032,31,327,28,0.0
15199.0,3,9,2821.45,58.78020833333333,48,803,17,300.95
15200.0,403,1,549.05,18.301666666666666,30,195,30,0.0
15201.0,35,6,1539.67,18.550240963855423,83,1364,38,303.28
15202.0,329,3,6001.49,2000.4966666666667,3,3,1,0.0
15203.0,14,13,3900.7,12.747385620915033,306,3768,141,499.48
15204.0,266,1,316.58,35.175555555555555,9,258,9,0.0
15205.0,35,1,476.3,19.845833333333335,24,196,24,176.94
15206.0,8,3,236.7,39.449999999999996,6,90,3,183.6
15207.0,325,3,683.9200000000001,28.49666666666667,24,428,19,0.0
15208.0,72,3,423.92,19.26909090909091,22,194,19,546.6
15209.0,638,1,178.98,13.767692307692307,13,94,13,0.0
15210.0,133,3,1176.19,17.55507462686567,67,841,66,0.0
15211.0,273,1,383.07,16.655217391304348,23,117,23,511.34000000000003
15212.0,150,2,208.27999999999997,20.827999999999996,10,84,7,0.0
15213.0,227,2,328.35,13.68125,24,272,22,0.0
15214.0,92,2,651.63,14.165869565217392,46,556,46,1009.8100000000001
15215.0,5,5,1987.53,21.143936170212765,94,643,71,434.90000000000003
15216.0,527,1,389.49,17.704090909090908,22,189,22,96.6
15217.0,472,1,426.24,15.222857142857142,28,190,28,0.0
15218.0,25,19,9577.29,26.529889196675903,361,5459,132,1891.54
15219.0,84,2,685.45,26.36346153846154,26,271,26,0.0
15220.0,24,5,1284.05,14.591477272727273,88,1137,84,494.91
15221.0,275,4,2062.2,71.1103448275862,29,244,21,0.0
15222.0,227,11,3550.91,25.73123188405797,138,4458,98,0.0
15223.0,134,5,1417.95,41.70441176470588,34,385,26,0.0
15224.0,267,5,871.36,24.896,35,443,24,0.0
15225.0,143,1,409.40000000000003,17.8,23,226,23,0.0
15226.0,219,1,154.41,19.30125,8,71,8,0.0
15227.0,124,7,2145.91,20.437238095238094,105,1056,79,342.58
15228.0,38,5,4417.59,22.311060606060607,198,2625,163,1162.68
15229.0,495,1,160.5,17.833333333333332,9,114,9,0.0
15230.0,148,2,429.6,18.678260869565218,23,351,23,0.0
15231.0,530,1,250.26,17.875714285714285,14,190,14,0.0
15232.0,21,2,612.0600000000001,19.743870967741938,31,686,26,0.0
15233.0,310,1,59.400000000000006,59.400000000000006,1,12,1,0.0
15234.0,185,1,197.0,14.071428571428571,14,196,14,0.0
15235.0,126,16,2772.76,15.577303370786518,178,1676,161,0.0
15236.0,207,1,321.05,21.403333333333332,15,269,15,0.0
15237.0,112,2,1093.65,14.39013157894737,76,798,74,318.67
15238.0,4,2,772.78,20.885945945945945,37,577,37,299.21000000000004
15240.0,100,10,3798.79,20.206329787234043,188,2600,108,661.1899999999999
15241.0,35,9,2638.58,15.991393939393939,165,3068,112,411.58
15242.0,331,1,302.04,75.51,4,196,4,0.0
15243.0,343,1,610.6,15.656410256410258,39,358,39,316.68
15244.0,157,2,578.45,19.946551724137933,29,307,28,333.63
15245.0,42,8,4610.84,31.154324324324325,148,3021,72,0.0
15246.0,147,3,780.4,15.301960784313724,51,359,45,0.0
15247.0,31,3,976.06,57.41529411764706,17,514,13,0.0
15248.0,320,3,1893.93,17.867264150943395,106,1065,103,0.0
15249.0,0,16,8216.880000000001,18.341250000000002,448,4474,282,1049.1200000000001
15250.0,549,1,60.0,20.0,3,48,3,0.0
15251.0,0,18,19535.37,88.39533936651583,221,11641,178,789.17
15252.0,92,4,1663.18,18.89977272727273,88,1007,82,440.23
15253.0,78,4,1310.74,17.476533333333332,75,933,67,744.35
15254.0,36,3,1088.35,16.244029850746266,67,711,64,0.0
15255.0,305,8,2815.17,19.965744680851063,141,1725,101,890.85
15256.0,57,2,170.4,17.04,10,92,6,0.0
15257.0,192,2,685.9,57.15833333333333,12,71,11,0.0
15258.0,77,2,623.16,18.328235294117647,34,142,32,0.0
15259.0,421,4,1182.38,20.743508771929825,57,631,50,0.0
15260.0,9,25,8767.73,23.01241469816273,381,4468,186,0.0
15261.0,44,4,1508.0,16.391304347826086,92,806,87,0.0
15262.0,232,3,418.82,16.108461538461537,26,218,22,0.0
15263.0,15,1,156.51,13.042499999999999,12,89,12,0.0
15264.0,439,1,454.66,14.208125,32,178,32,393.74
15265.0,60,4,3345.64,17.334922279792746,193,1570,179,0.0
15266.0,247,5,852.21,18.938000000000002,45,236,38,0.0
15267.0,64,2,1407.76,201.10857142857142,7,704,7,309.6
15268.0,387,3,961.9000000000001,43.722727272727276,22,428,21,0.0
15269.0,289,2,816.56,24.744242424242422,33,346,32,408.8
15270.0,26,19,7995.66,49.35592592592592,162,3506,66,529.2
15271.0,3,19,3627.78,8.079688195991091,449,1947,314,900.76
15272.0,358,4,1309.01,5.87,223,355,209,721.94
15273.0,508,1,228.96,228.96,1,216,1,0.0
15276.0,302,3,491.17,3.8075193798449614,129,256,115,128.63
15277.0,333,1,220.44,15.745714285714286,14,168,14,255.89999999999998
15278.0,470,4,496.15999999999997,17.10896551724138,29,458,29,0.0
15279.0,263,5,1580.54,16.814255319148934,94,802,74,0.0
15280.0,80,3,397.52,6.625333333333333,60,507,48,0.0
15281.0,45,15,8403.2,16.380506822612087,513,5150,421,140.37
15282.0,478,1,348.59,12.91074074074074,27,395,27,0.0
15283.0,299,3,148.33,16.48111111111111,9,27,9,0.0
15284.0,409,1,24.75,24.75,1,5,1,0.0
15285.0,316,1,94.92,15.82,6,120,6,0.0
15287.0,288,3,369.34000000000003,23.083750000000002,16,577,13,486.69
15288.0,64,9,3415.2200000000003,23.716805555555556,144,1282,124,300.15999999999997
15289.0,46,4,1351.29,15.53206896551724,87,1387,65,241.8
15290.0,12,20,5945.65,29.003170731707314,205,3789,66,4550.63
15291.0,3,37,12534.48,54.97578947368421,228,4259,112,983.28
15292.0,110,1,178.39,7.432916666666666,24,55,24,0.0
15293.0,574,1,247.5,13.026315789473685,19,178,19,0.0
15294.0,319,1,233.35,15.556666666666667,15,97,15,0.0
15295.0,563,1,207.04,3.9815384615384612,52,139,50,0.0
15296.0,18,11,9249.66,19.190165975103735,482,4961,334,1073.3700000000001
15298.0,1,18,7620.09,21.344789915966388,357,5004,180,1441.68
15299.0,72,8,4684.53,585.56625,8,2986,7,1472.0
15301.0,22,14,5587.12,20.540882352941175,272,3010,202,1322.55
15302.0,639,1,308.0,20.533333333333335,15,102,15,0.0
15303.0,199,3,1224.18,17.741739130434784,69,514,63,0.0
15304.0,73,7,593.9,31.257894736842104,19,82,8,202.5
15305.0,464,1,93.6,18.72,5,40,5,0.0
15306.0,1,8,2967.45,22.145149253731343,134,2776,99,517.28
15307.0,4,1,205.3,17.108333333333334,12,37,12,0.0
15308.0,183,1,310.46999999999997,16.34052631578947,19,175,19,0.0
15309.0,519,4,797.96,14.777037037037038,54,440,49,0.0
15310.0,387,1,1634.64,36.32533333333333,45,1476,45,0.0
15311.0,3,182,100354.42,27.47178209690665,3653,61466,779,14612.0
15312.0,12,11,2800.14,18.182727272727274,154,1587,111,130.05
15313.0,18,1,52.0,52.0,1,25,1,0.0
15314.0,108,3,820.4499999999999,16.409,50,750,49,0.0
15315.0,25,1,233.54,14.59625,16,262,16,336.96
15316.0,235,1,165.0,165.0,1,100,1,0.0
15317.0,585,1,129.75,25.95,5,45,5,0.0
15319.0,192,1,204.5,12.78125,16,175,16,0.0
15321.0,200,10,5120.89,20.320992063492064,252,3017,206,1588.8400000000001
15322.0,385,1,711.1800000000001,17.345853658536587,41,555,41,679.68
15323.0,471,3,434.6,14.986206896551725,29,188,29,0.0
15324.0,610,1,140.22000000000003,17.527500000000003,8,74,8,0.0
15325.0,12,8,1601.46,7.149375,224,1382,164,0.0
15326.0,242,5,1700.52,13.182325581395348,129,1351,94,0.0
15328.0,316,1,107.24000000000001,13.405000000000001,8,88,8,0.0
15329.0,43,10,2663.13,19.159208633093527,139,1117,91,295.7
15331.0,408,3,767.91,17.4525,44,701,41,0.0
15332.0,275,6,4892.68,31.770649350649354,154,2306,113,0.0
15333.0,117,1,1028.56,64.285,16,344,16,0.0
15334.0,65,3,350.82,3.579795918367347,98,273,67,0.0
15336.0,310,1,240.5,16.033333333333335,15,84,15,0.0
15337.0,320,1,373.02,17.762857142857143,21,200,21,0.0
15338.0,586,1,277.93,4.791896551724138,58,148,56,0.0
15339.0,227,6,1504.85,8.599142857142857,175,881,134,316.17
15340.0,470,1,105.5,15.071428571428571,7,76,7,0.0
15341.0,357,1,382.2,54.6,7,196,7,2020.52
15342.0,38,1,406.09,16.920416666666664,24,283,24,0.0
15346.0,241,3,596.12,16.111351351351352,37,260,36,0.0
15347.0,275,4,1162.0,32.27777777777778,36,542,29,0.0
15349.0,66,2,463.90999999999997,6.533943661971831,71,321,65,0.0
15350.0,282,2,547.6,18.253333333333334,30,272,26,0.0
15351.0,278,4,1770.23,12.124863013698631,146,737,103,1659.99
15352.0,457,1,111.15,3.269117647058824,34,40,34,0.0
15353.0,163,7,2794.47,7.762416666666666,360,1391,274,0.0
15354.0,511,3,284.4,94.8,3,3,1,0.0
15356.0,14,11,2752.71,4.689454855195912,587,1604,276,486.86
15358.0,29,35,13718.47,15.075241758241757,910,12785,320,2707.39
15359.0,571,8,181.35,11.334375,16,145,10,0.0
15361.0,270,4,689.07,68.90700000000001,10,373,10,0.0
15362.0,357,2,613.08,15.327000000000002,40,368,38,0.0
15363.0,281,2,678.11,19.37457142857143,35,383,32,0.0
15364.0,4,2,913.19,31.489310344827587,29,493,29,0.0
15365.0,5,8,3204.09,21.219139072847682,151,1451,105,1353.04
15366.0,266,6,1892.1100000000001,18.550098039215687,102,1887,68,496.97
15367.0,154,9,4619.92,18.553895582329318,249,2637,191,461.40999999999997
15368.0,303,1,275.8,68.95,4,176,4,446.94000000000005
15369.0,401,11,6251.26,105.9535593220339,59,3288,44,0.0
15370.0,49,5,2866.42,24.291694915254237,118,1178,82,872.5899999999999
15371.0,571,1,59.400000000000006,59.400000000000006,1,12,1,0.0
15372.0,45,8,6017.06,105.56245614035089,57,6410,45,0.0
15373.0,24,14,2355.53,15.003375796178345,157,580,98,729.01
15374.0,37,2,307.32,30.732,10,290,8,0.0
15375.0,599,1,60.96,10.16,6,84,6,0.0
15376.0,26,2,977.22,9.675445544554456,101,533,94,244.34
15377.0,291,4,1211.75,57.70238095238095,21,253,15,0.0
15378.0,371,2,246.5,20.541666666666668,12,130,8,0.0
15379.0,78,8,4877.84,18.546920152091257,263,3000,177,0.0
15380.0,49,8,2141.26,64.88666666666667,33,794,22,1107.7
15381.0,122,5,1890.57,78.77374999999999,24,802,20,0.0
15382.0,93,10,9904.960000000001,21.532521739130438,460,6794,243,3828.59
15384.0,78,4,2027.79,17.184661016949153,118,1767,83,0.0
15385.0,301,2,625.1999999999999,69.46666666666665,9,267,8,316.88
15386.0,95,1,394.14,12.714193548387096,31,446,31,0.0
15387.0,400,1,468.65,23.432499999999997,20,335,20,0.0
15388.0,179,1,140.54,14.053999999999998,10,88,10,0.0
15389.0,80,5,2733.8,455.6333333333334,6,3940,2,0.0
15390.0,305,2,1216.66,15.800779220779221,77,894,77,0.0
15391.0,493,1,289.87,24.155833333333334,12,109,12,0.0
15392.0,269,4,1715.07,21.70974683544304,79,1269,54,1196.55
15393.0,189,4,783.58,19.5895,40,322,35,107.76
15394.0,113,9,4539.7,23.16173469387755,196,2008,119,747.1
15395.0,234,1,107.45,15.35,7,17,7,0.0
15396.0,21,2,796.38,49.77375,16,278,16,0.0
15397.0,198,1,94.0,15.666666666666666,6,20,6,0.0
15400.0,1,8,1302.3,48.233333333333334,27,662,16,0.0
15401.0,361,2,216.95000000000002,15.496428571428572,14,93,14,0.0
15402.0,57,6,1830.54,13.973587786259541,131,2034,79,0.0
15403.0,400,2,170.88,21.36,8,492,6,0.0
15404.0,284,1,257.06,16.06625,16,334,16,0.0
15405.0,98,2,659.84,21.994666666666667,30,348,29,0.0
15406.0,209,3,717.45,6.405803571428572,112,423,101,258.42
15407.0,92,3,740.73,11.947258064516129,62,329,62,306.01
15408.0,173,1,267.18,7.858235294117647,34,106,34,0.0
15409.0,630,1,131.25,14.583333333333334,9,59,9,0.0
15410.0,7,9,4324.29,29.416938775510204,147,1751,75,361.43
15411.0,33,2,382.21000000000004,17.37318181818182,22,155,22,966.72
15412.0,80,1,190.53,19.053,10,108,10,0.0
15413.0,600,5,6798.72,271.9488,25,2694,20,0.0
15414.0,151,1,36.199999999999996,7.239999999999999,5,12,5,738.7
15415.0,222,1,559.61,11.906595744680851,47,551,46,0.0
15416.0,63,6,3732.83,19.961657754010695,187,2028,161,839.99
15418.0,334,2,449.42,6.609117647058824,68,264,64,0.0
15420.0,343,6,743.0,13.267857142857142,56,844,52,0.0
15421.0,124,9,3594.34,11.823486842105263,304,1806,170,211.0
15422.0,231,7,1619.97,13.49975,120,710,80,0.0
15423.0,490,2,223.39,18.61583333333333,12,97,12,43.5
15424.0,163,3,597.78,18.114545454545453,33,873,33,0.0
15425.0,308,4,1941.12,13.574265734265733,143,1041,114,0.0
15426.0,165,6,1386.41,5.251553030303031,264,640,218,769.94
15428.0,296,3,668.97,17.60447368421053,38,245,35,93.78
15430.0,376,2,954.75,26.520833333333332,36,309,36,0.0
15431.0,411,1,153.24,76.62,2,84,2,0.0
15432.0,450,1,149.57,24.92833333333333,6,27,6,171.19
15433.0,122,2,533.3,13.00731707317073,41,534,40,0.0
15434.0,15,9,2112.86,19.034774774774775,111,1255,79,454.20000000000005
15436.0,142,1,484.1,3.8728000000000002,125,246,124,583.65
15437.0,171,2,393.45,6.902631578947368,57,177,56,0.0
15438.0,40,1,156.58,6.2632,25,59,25,0.0
15439.0,313,4,1269.05,22.264035087719297,57,572,49,0.0
15440.0,45,2,237.66,7.426875,32,125,25,146.02
15441.0,305,3,1254.21,22.003684210526316,57,587,45,0.0
15442.0,157,1,594.0,297.0,2,120,2,0.0
15443.0,18,9,2585.44,7.906544342507646,327,1407,263,2528.79
15445.0,173,2,284.5,20.321428571428573,14,118,12,0.0
15446.0,285,3,399.75,3.5691964285714284,112,265,90,0.0
15447.0,239,5,492.88,16.99586206896552,29,228,27,0.0
15448.0,221,2,788.81,16.09816326530612,49,487,49,0.0
15449.0,93,2,647.7,16.192500000000003,40,516,30,326.82
15451.0,343,2,226.85999999999999,3.7809999999999997,60,76,56,0.0
15452.0,173,4,1493.63,8.117554347826088,184,941,148,291.48
15453.0,1,4,701.2,4.802739726027397,146,357,102,670.5699999999999
15454.0,271,2,305.99,7.64975,40,146,35,0.0
15455.0,506,1,38.25,19.125,2,3,2,0.0
15456.0,192,10,2091.52,9.21374449339207,227,2727,128,0.0
15457.0,171,1,237.07,4.087413793103448,58,132,56,0.0
15458.0,310,1,208.79999999999998,34.8,6,144,6,161.64
15459.0,326,2,202.82999999999998,28.975714285714282,7,121,6,0.0
15460.0,262,1,214.26,3.8260714285714283,56,107,53,0.0
15461.0,369,2,429.7,214.85,2,230,1,0.0
15462.0,3,4,737.05,17.976829268292683,41,495,32,0.0
15464.0,246,1,1044.65,6.739677419354839,155,348,155,0.0
15465.0,47,29,10737.91,46.085450643776824,233,2287,94,1362.49
15466.0,298,3,1225.93,5.980146341463415,205,695,172,334.53
15467.0,54,2,402.56,10.322051282051282,39,235,36,122.32
15468.0,301,1,962.97,17.19589285714286,56,1245,56,467.51
15469.0,28,2,640.0,18.285714285714285,35,262,30,234.25
15470.0,484,1,63.419999999999995,15.854999999999999,4,232,4,0.0
15471.0,289,2,837.53,10.213780487804877,82,414,67,454.48
15472.0,22,1,371.56,4.888947368421053,76,251,76,0.0
15473.0,353,1,274.8,91.60000000000001,3,104,3,1771.2
15474.0,504,1,150.35000000000002,7.913157894736844,19,55,19,0.0
15476.0,289,4,2209.98,27.974430379746835,79,1174,67,0.0
15477.0,558,1,368.4,184.2,2,216,2,0.0
15478.0,483,1,583.56,23.342399999999998,25,319,24,1399.92
15479.0,642,1,147.4,16.37777777777778,9,38,9,0.0
15480.0,25,5,6279.0,29.204651162790697,215,1852,199,0.0
15481.0,310,1,1993.34,52.456315789473685,38,1450,38,0.0
15482.0,74,11,5465.9,75.91527777777777,72,2187,46,8951.46
15483.0,70,10,817.82,3.0402230483271375,269,905,216,0.0
15484.0,448,2,1061.69,20.03188679245283,53,924,53,3590.41
15485.0,244,6,3514.55,37.388829787234044,94,1450,56,1296.3700000000001
15486.0,436,1,102.0,102.0,1,40,1,0.0
15487.0,588,1,231.32,16.52285714285714,14,144,14,0.0
15488.0,1,5,431.92,39.265454545454546,11,251,10,0.0
15489.0,120,6,1633.5900000000001,18.77689655172414,87,876,66,786.02
15490.0,339,1,210.85,8.434,25,82,22,0.0
15491.0,3,6,3100.09,20.130454545454548,154,1646,108,0.0
15493.0,58,7,3455.2200000000003,6.722217898832685,514,1013,242,666.46
15494.0,30,4,3541.9,10.636336336336337,333,2984,275,160.7
15495.0,288,1,246.5,12.325,20,194,20,0.0
15496.0,540,1,146.14000000000001,6.6427272727272735,22,98,22,0.0
15497.0,228,8,8365.79,72.11887931034484,116,2841,65,291.6
15498.0,29,36,20782.83,25.753197026022306,807,10554,537,4190.03
15499.0,632,1,158.65,3.8695121951219513,41,59,40,0.0
15501.0,313,2,399.95,5.796376811594203,69,205,64,0.0
15502.0,32,7,8574.47,29.669446366782005,289,5084,216,4429.4
15503.0,271,2,257.3,2.1991452991452993,117,130,112,0.0
15504.0,429,3,349.87,6.860196078431373,51,108,33,52.83
15505.0,22,3,2091.14,52.278499999999994,40,964,36,1519.82
15506.0,47,4,1267.02,7.725731707317073,164,939,114,763.31
15507.0,80,1,475.86,10.574666666666667,45,160,41,0.0
15508.0,98,6,1000.27,10.8725,92,440,78,0.0
15509.0,289,1,152.41,5.861923076923077,26,58,26,0.0
15510.0,239,1,250.0,250.0,1,2,1,0.0
15512.0,64,4,331.58,10.361875,32,235,29,0.0
15513.0,3,33,23030.97,46.6213967611336,494,9192,258,3406.08
15514.0,134,13,4870.28,19.48112,250,3173,129,1521.78
15515.0,296,1,171.81,24.544285714285714,7,131,7,0.0
15517.0,142,1,267.03,9.889999999999999,27,293,27,0.0
15518.0,33,14,3872.3,9.132783018867926,424,2664,241,317.69
15519.0,292,2,344.61,9.313783783783784,37,116,34,0.0
15521.0,3,15,6424.82,16.95203166226913,379,4141,183,673.42
15523.0,297,15,16847.18,83.40188118811881,202,15501,63,412.01
15524.0,515,1,151.4,18.925,8,24,8,440.0
15525.0,282,2,430.78,5.983055555555556,72,253,66,459.44
15527.0,53,20,4457.15,17.90020080321285,249,1729,170,1097.74
15528.0,162,1,229.33,8.820384615384615,26,123,26,0.0
15529.0,51,9,3208.29,6.327988165680473,507,2841,333,1575.37
15530.0,58,4,1475.06,11.52390625,128,1044,98,333.62
15532.0,40,9,3388.61,5.986943462897527,566,1193,386,350.24
15534.0,634,1,162.25,20.28125,8,63,8,0.0
15535.0,81,6,1044.3700000000001,8.033615384615386,130,314,88,0.0
15536.0,317,1,259.09,16.193125,16,242,16,0.0
15537.0,72,1,110.92,4.621666666666667,24,29,24,0.0
15538.0,446,6,3358.3999999999996,239.88571428571427,14,1016,3,0.0
15540.0,284,1,247.38,15.46125,16,244,16,213.3
15541.0,23,1,85.13000000000001,2.9355172413793107,29,49,29,0.0
15542.0,421,3,855.71,3.7863274336283186,226,418,212,0.0
15543.0,197,2,242.26,4.326071428571429,56,167,50,0.0
15544.0,28,18,7033.55,14.901588983050848,472,5848,154,774.34
15545.0,279,1,135.32999999999998,4.365483870967742,31,75,31,153.64
15546.0,515,2,1079.1000000000001,89.92500000000001,12,198,6,0.0
15547.0,18,20,7891.61,7.931266331658291,995,5120,473,2165.44
15548.0,504,1,158.09,6.8734782608695655,23,64,23,0.0
15549.0,66,7,2272.58,15.150533333333334,150,898,129,61.58
15550.0,15,11,2068.7,9.276681614349775,223,1096,160,142.35
15551.0,303,6,1243.75,10.910087719298245,114,578,95,436.06
15552.0,126,2,252.52,8.417333333333334,30,166,29,0.0
15554.0,186,1,217.2,15.514285714285714,14,74,14,0.0
15555.0,12,30,9258.68,7.741371237458194,1196,6512,550,1985.23
15558.0,548,1,202.68,8.812173913043479,23,73,23,0.0
15559.0,477,1,1109.4,17.893548387096775,62,526,62,0.0
15560.0,306,2,153.52,15.352,10,72,10,0.0
15561.0,58,7,1583.47,19.549012345679014,81,1162,55,350.92
15562.0,260,3,671.4300000000001,20.346363636363638,33,560,32,0.0
15563.0,109,5,2194.64,10.653592233009707,206,2246,151,664.82
15564.0,372,2,70.74000000000001,17.685000000000002,4,42,4,0.0
15566.0,301,2,227.87,18.989166666666666,12,153,9,0.0
15569.0,12,10,3583.45,25.596071428571427,140,1734,123,0.0
15570.0,50,22,7397.65,11.346088957055214,652,3151,405,1338.84
15571.0,295,10,3241.92,5.970386740331492,543,2147,410,650.4300000000001
15572.0,18,7,2984.57,11.391488549618321,262,1563,204,980.63
15573.0,527,3,597.23,5.238859649122807,114,415,104,591.1899999999999
15574.0,86,6,1101.44,4.788869565217391,230,750,191,0.0
15575.0,528,1,30.1,10.033333333333333,3,6,3,0.0
15577.0,59,5,396.03,6.712372881355932,59,120,58,0.0
15578.0,71,1,127.10000000000001,9.776923076923078,13,52,13,0.0
15579.0,222,4,1118.38,8.104202898550726,138,651,125,132.25
15580.0,285,8,1375.39,6.112844444444445,225,955,150,0.0
15581.0,29,38,7480.4,10.93625730994152,684,3028,542,0.0
15582.0,9,2,541.51,15.041944444444445,36,407,33,141.4
15583.0,285,1,95.96000000000001,2.460512820512821,39,56,37,0.0
15584.0,70,3,697.74,5.246165413533834,133,218,125,570.46
15585.0,85,1,455.3,14.687096774193549,31,320,31,0.0
15586.0,501,3,1139.1,29.97631578947368,38,1338,30,0.0
15587.0,51,5,1065.24,106.524,10,372,3,456.84000000000003
15588.0,586,1,579.6,144.9,4,96,4,0.0
15589.0,164,3,478.53000000000003,16.501034482758623,29,243,28,0.0
15590.0,291,5,1496.6,17.20229885057471,87,832,75,0.0
15591.0,491,3,217.9,31.12857142857143,7,58,6,0.0
15594.0,2,2,788.22,17.516000000000002,45,464,43,983.56
15595.0,396,1,357.6,89.4,4,144,4,0.0
15596.0,9,9,2727.72,17.598193548387094,155,1208,82,0.0
15597.0,484,1,238.8,15.92,15,114,15,324.57
15598.0,336,1,307.34,13.969999999999999,22,244,22,240.68
15599.0,113,2,937.15,15.619166666666667,60,741,58,312.90999999999997
15600.0,337,4,1199.31,16.89169014084507,71,657,55,0.0
15601.0,31,27,13000.64,17.3111051930759,751,9415,286,1191.1
15602.0,109,12,2383.04,24.823333333333334,96,1500,53,754.92
15603.0,556,1,40.0,20.0,2,32,2,48.480000000000004
15605.0,161,7,1233.9,17.378873239436622,71,466,59,508.05
15606.0,28,16,4750.21,35.71586466165414,133,1485,78,480.78
15607.0,245,9,1708.97,15.67862385321101,109,1470,95,0.0
15608.0,29,2,977.98,15.523492063492064,63,778,57,808.0
15609.0,93,1,298.48,18.655,16,148,16,0.0
15611.0,12,21,2352.9700000000003,31.372933333333336,75,500,37,644.3100000000001
15613.0,519,1,433.72,16.063703703703705,27,700,27,0.0
15614.0,346,4,3147.36,38.8562962962963,81,1632,73,0.0
15615.0,14,43,18342.08,23.425389527458496,783,10419,268,3031.89
15616.0,347,1,317.11,24.393076923076926,13,137,13,0.0
15617.0,304,3,828.5500000000001,19.727380952380955,42,485,41,0.0
15618.0,1,3,419.041,17.460041666666665,24,215,22,357.81
15620.0,129,3,1264.19,14.204382022471911,89,934,84,678.17
15622.0,106,13,6745.05,17.796965699208442,379,3642,296,1107.56
15623.0,49,8,2437.05,22.56527777777778,108,1087,91,0.0
15624.0,25,4,588.13,17.297941176470587,34,357,26,0.0
15625.0,12,9,3236.4,18.926315789473684,171,3020,106,0.0
15626.0,238,2,673.6,13.207843137254903,51,684,50,393.92
15627.0,366,2,566.9,23.620833333333334,24,344,23,0.0
15628.0,7,13,4088.2400000000002,17.249957805907172,237,2733,113,1244.84
15629.0,359,4,2240.9,29.102597402597404,77,1518,39,0.0
15630.0,113,2,691.91,16.875853658536585,41,467,41,789.49
15631.0,551,1,596.67,15.299230769230768,39,525,39,0.0
15632.0,30,6,2351.84,20.630175438596492,114,1304,76,933.47
15633.0,418,13,4335.96,24.636136363636364,176,2048,77,0.0
15634.0,292,1,311.1,16.373684210526317,19,128,19,243.55
15635.0,304,1,100.35,50.175,2,5,2,0.0
15636.0,191,3,1026.52,25.663,40,358,28,418.06
15637.0,322,4,574.23,22.08576923076923,26,523,23,223.36
15638.0,287,6,2265.2,90.60799999999999,25,1134,20,0.0
15639.0,43,3,1065.08,15.435942028985506,69,849,61,0.0
15640.0,30,25,19914.94,33.1363394342762,601,10429,261,3579.37
15641.0,14,12,5345.55,17.188263665594857,311,4422,249,0.0
15642.0,638,1,105.78000000000002,17.630000000000003,6,270,6,0.0
15643.0,100,3,664.0,20.12121212121212,33,246,31,0.0
15644.0,75,4,803.54,3.4635344827586207,232,550,166,0.0
15645.0,322,2,443.16,27.6975,16,140,16,612.01
15646.0,66,5,784.8100000000001,11.541323529411766,68,821,65,0.0
15647.0,324,1,169.0,15.363636363636363,11,124,11,0.0
15648.0,113,2,639.5,26.645833333333332,24,218,23,0.0
15649.0,245,4,1660.35,150.9409090909091,11,365,8,0.0
15650.0,430,2,553.88,15.385555555555555,36,210,33,0.0
15651.0,169,3,840.08,19.092727272727274,44,630,44,418.98
15652.0,0,5,1405.94,13.78372549019608,102,657,93,0.0
15653.0,1,2,877.4399999999999,146.23999999999998,6,1200,4,0.0
15655.0,152,1,560.6700000000001,16.49029411764706,34,324,34,0.0
15656.0,87,3,563.63,16.103714285714286,35,202,34,184.87
15658.0,99,8,2117.27,20.757549019607843,102,627,79,0.0
15659.0,295,2,226.04,22.604,10,50,8,306.45
15660.0,44,12,1887.17,16.70061946902655,113,1311,57,716.52
15661.0,226,8,1215.95,27.635227272727274,44,779,27,0.0
15662.0,569,2,283.73,23.644166666666667,12,145,12,0.0
15663.0,15,1,138.14,15.348888888888887,9,106,9,0.0
15664.0,357,3,867.6,16.369811320754717,53,373,46,386.43
15665.0,77,5,3987.07,13.940804195804196,286,2777,163,0.0
15666.0,380,2,632.9399999999999,9.44686567164179,67,469,62,0.0
15668.0,126,1,76.32000000000001,76.32000000000001,1,72,1,0.0
15669.0,12,3,565.54,18.851333333333333,30,262,29,118.8
15670.0,205,2,325.2,17.11578947368421,19,132,19,0.0
15671.0,3,5,1972.89,30.82640625,64,1185,47,684.24
15672.0,633,1,45.300000000000004,15.100000000000001,3,10,3,0.0
15673.0,65,8,5492.79,23.881695652173914,230,2854,153,711.53
15674.0,122,12,5881.29,19.802323232323232,297,2999,219,1066.94
15675.0,63,3,443.74,14.791333333333334,30,582,28,98.30000000000001
15676.0,192,1,897.8,14.718032786885246,61,555,61,2537.96
15677.0,330,2,648.4,16.625641025641023,39,356,32,657.23
15678.0,304,2,1473.24,18.4155,80,838,67,352.7
15679.0,63,2,260.26,11.83,22,398,18,521.02
15680.0,275,8,3173.9,16.88244680851064,188,2122,128,854.79
15681.0,91,12,2266.76,33.83223880597015,67,1026,40,722.94
15682.0,508,2,318.24,12.7296,25,222,25,0.0
15683.0,26,2,524.54,20.174615384615382,26,332,25,0.0
15684.0,455,3,173.95,15.813636363636363,11,77,9,0.0
15685.0,359,1,55.980000000000004,3.2929411764705883,17,36,17,0.0
15686.0,329,1,90.0,90.0,1,72,1,0.0
15687.0,95,5,1679.45,17.313917525773196,97,657,69,1313.65
15688.0,327,1,190.57,7.058148148148148,27,95,26,0.0
15689.0,28,3,521.03,21.70958333333333,24,207,20,0.0
15690.0,9,1,111.0,13.875,8,204,8,128.76
15691.0,161,4,571.3,40.80714285714286,14,212,12,0.0
15693.0,568,1,37.5,37.5,1,30,1,0.0
15694.0,84,19,6804.86,64.80819047619048,105,1529,46,3173.62
15695.0,175,4,1131.04,19.170169491525424,59,484,55,0.0
15696.0,129,11,2800.06,17.949102564102564,156,1088,116,1081.16
15697.0,598,1,246.75,17.625,14,127,14,0.0
15698.0,532,1,46.2,23.1,2,60,2,0.0
15700.0,80,2,696.68,8.10093023255814,86,357,85,0.0
15701.0,19,1,853.9,6.886290322580645,124,472,119,675.1
15702.0,385,2,140.39,4.679666666666666,30,103,30,0.0
15703.0,173,1,211.5,42.3,5,66,5,0.0
15704.0,49,6,3734.66,18.307156862745096,204,1709,129,0.0
15705.0,110,1,143.1,23.849999999999998,6,62,6,0.0
15706.0,25,1,450.05,15.51896551724138,29,160,29,610.51
15708.0,47,8,3241.2400000000002,11.372771929824562,285,1237,114,645.91
15709.0,192,2,327.85,12.142592592592594,27,169,26,0.0
15710.0,325,1,898.87,8.171545454545454,110,641,110,0.0
15711.0,465,2,420.25,16.81,25,199,25,0.0
15712.0,18,10,3166.36,20.56077922077922,154,1162,79,306.05
15713.0,52,4,839.64,16.146923076923077,52,451,48,0.0
15714.0,362,3,453.93,32.42357142857143,14,175,14,330.03000000000003
15715.0,464,5,658.02,17.316315789473684,38,246,33,0.0
15716.0,54,11,2485.26,8.68972027972028,286,1379,188,0.0
15717.0,143,5,607.0,25.291666666666668,24,224,17,0.0
15718.0,448,1,293.79,16.32166666666667,18,95,18,0.0
15719.0,8,29,9227.87,5.713851393188855,1615,4811,415,968.1
15720.0,459,1,140.49,5.6196,25,46,25,598.73
15722.0,17,9,4436.24,28.256305732484076,157,1846,84,797.76
15723.0,273,4,930.6999999999999,7.566666666666666,123,427,108,0.0
15724.0,110,3,310.85,18.28529411764706,17,117,17,0.0
15726.0,298,1,321.91,13.99608695652174,23,123,23,0.0
15727.0,16,14,8802.04,13.62544891640867,646,5470,407,569.67
15728.0,288,2,544.6,45.38333333333333,12,132,10,0.0
15729.0,121,3,192.55,17.504545454545454,11,47,10,0.0
15730.0,1,4,1382.92,15.715000000000002,88,861,81,343.65999999999997
15731.0,462,1,125.3,15.6625,8,122,8,0.0
15732.0,121,10,1543.97,15.595656565656565,99,1264,53,0.0
15733.0,191,1,162.3,16.23,10,62,10,0.0
15734.0,23,4,2263.3,52.63488372093024,43,516,36,0.0
15735.0,330,1,327.68,17.246315789473684,19,206,19,0.0
15736.0,344,2,1767.1200000000001,17.671200000000002,100,1208,95,0.0
15737.0,56,5,880.9300000000001,16.621320754716983,53,443,43,307.19
15738.0,5,38,12084.35,27.27844243792325,443,8405,70,958.97
15741.0,366,2,208.62,17.385,12,70,11,0.0
15742.0,528,1,156.87,3.82609756097561,41,51,41,0.0
15743.0,22,2,434.05,12.766176470588235,34,119,31,341.91
15745.0,145,1,302.85,16.825000000000003,18,127,18,791.74
15746.0,43,1,196.88,7.031428571428571,28,178,28,0.0
15747.0,29,8,2078.54,12.299053254437869,169,1159,95,421.27
15748.0,357,2,465.45000000000005,29.090625000000003,16,211,16,144.36
15749.0,144,3,44534.3,4453.43,10,18028,5,0.0
15750.0,79,14,5098.121,10.870194029850747,469,3551,328,1354.8700000000001
15751.0,369,11,1380.44,10.618769230769232,130,443,90,0.0
15752.0,2,8,3391.68,6.522461538461538,520,2489,332,533.23
15753.0,213,1,79.2,79.2,1,144,1,0.0
15754.0,155,7,2670.84,24.503119266055048,109,1599,96,366.77
15755.0,17,14,4773.7,16.127364864864866,296,3231,230,1219.42
15756.0,61,3,359.89,2.6658518518518517,135,166,118,168.12
15757.0,126,5,2487.3,15.166463414634148,164,1433,140,453.06
15759.0,127,7,830.9300000000001,48.87823529411765,17,523,10,0.0
15760.0,539,2,13916.34,6958.17,2,2,1,0.0
15761.0,351,1,143.05,28.610000000000003,5,31,5,0.0
15764.0,16,7,4499.73,18.217530364372468,247,2943,187,3.35
15765.0,575,1,370.63,14.8252,25,335,25,0.0
15766.0,365,2,516.0,34.4,15,164,15,315.06
15768.0,24,34,15308.89,12.672922185430464,1208,4215,437,0.0
15769.0,10,39,74223.52,414.6565363128492,179,41536,19,14389.0
15770.0,521,1,321.45,17.858333333333334,18,67,18,0.0
15771.0,513,3,1006.54,35.94785714285714,28,512,26,0.0
15772.0,327,1,280.88,17.555,16,110,16,0.0
15773.0,318,1,138.84,3.7524324324324327,37,99,37,635.6800000000001
15774.0,327,5,1017.54,11.971058823529411,85,378,69,270.8
15775.0,154,2,150.5,16.72222222222222,9,260,9,0.0
15776.0,42,1,241.62,13.423333333333334,18,138,18,0.0
15777.0,149,7,1762.61,45.1951282051282,39,599,29,0.0
15778.0,340,1,307.95,18.11470588235294,17,101,17,0.0
15779.0,371,2,124.08000000000001,15.510000000000002,8,20,8,0.0
15780.0,92,3,475.28000000000003,16.38896551724138,29,220,26,0.0
15781.0,46,2,211.3,19.20909090909091,11,66,11,134.16
15782.0,339,1,1399.36,77.74222222222221,18,980,18,2614.7400000000002
15784.0,376,2,848.3299999999999,19.72860465116279,43,381,33,0.0
15785.0,66,15,5306.79,26.93802030456853,197,3878,88,663.14
15786.0,23,3,6730.26,18.489725274725274,364,4903,267,1771.36
15788.0,417,1,221.83,15.845,14,115,14,0.0
15789.0,267,6,1962.01,14.217463768115943,138,2499,110,0.0
15791.0,113,4,3218.89,22.047191780821915,146,1797,112,389.45000000000005
15792.0,308,2,933.84,16.383157894736843,57,606,57,0.0
15793.0,177,6,1740.6000000000001,82.88571428571429,21,1324,9,658.97
15794.0,645,2,777.0,51.8,15,288,15,0.0
15795.0,58,8,1979.8700000000001,15.11351145038168,131,1411,111,0.0
15796.0,18,14,4035.79,16.47261224489796,245,1401,133,1135.8400000000001
15797.0,21,6,2821.08,235.09,12,1281,12,0.0
15798.0,401,3,1535.37,18.49843373493976,83,915,73,0.0
15799.0,94,3,1018.4399999999999,10.950967741935484,93,925,91,402.9
15800.0,16,7,1227.07,5.289094827586206,232,575,198,0.0
15801.0,18,1,137.22,15.246666666666666,9,70,9,926.73
15802.0,51,1,451.42,451.42,1,1,1,0.0
15803.0,354,3,1513.84,35.20558139534884,43,740,42,415.82000000000005
15804.0,3,5,2554.84,16.37717948717949,156,1492,130,1651.55
15805.0,15,24,8209.25,19.270539906103288,426,5111,278,1939.68
15806.0,66,2,521.88,22.690434782608694,23,413,19,262.7
15807.0,317,2,913.62,22.8405,40,1102,40,903.9
15808.0,215,21,17180.25,22.254209844559586,772,6753,348,0.0
15809.0,93,6,1157.88,23.157600000000002,50,650,45,116.56
15810.0,79,7,2968.25,18.099085365853657,164,1648,87,30.79
15811.0,14,6,3041.33,12.413591836734694,245,1470,181,444.82
15812.0,16,12,5201.47,41.611760000000004,125,3450,87,0.0
15813.0,116,2,1303.9099999999999,32.59775,40,603,40,0.0
15814.0,301,2,689.11,26.50423076923077,26,457,23,1945.33
15815.0,49,4,1874.7,46.8675,40,1514,24,225.9
15816.0,451,2,144.14999999999998,13.104545454545452,11,54,11,0.0
15817.0,329,3,2766.4,18.2,152,1596,133,0.0
15818.0,497,1,340.5,30.954545454545453,11,284,11,0.0
15819.0,40,9,3614.81,15.18827731092437,238,2710,171,319.98
15820.0,228,1,206.98,12.175294117647057,17,128,17,0.0
15822.0,268,5,1394.79,29.058125,48,735,34,445.27
15823.0,281,3,3882.17,25.04625806451613,155,1774,155,0.0
15824.0,362,2,890.94,34.26692307692308,26,478,24,0.0
15825.0,81,1,532.94,26.647000000000002,20,220,20,0.0
15826.0,119,2,1663.97,21.062911392405063,79,1349,66,934.3100000000001
15827.0,23,27,3365.21,16.74233830845771,201,1582,112,237.93
15828.0,283,1,1108.82,14.984054054054052,74,367,74,0.0
15829.0,7,2,636.14,12.473333333333333,51,996,44,0.0
15831.0,33,2,451.11,19.613478260869567,23,687,22,343.53
15832.0,163,1,836.79,15.49611111111111,54,465,54,0.0
15833.0,646,1,80.4,16.080000000000002,5,24,5,0.0
15834.0,74,6,3322.46,11.186734006734007,297,1531,268,441.93
15835.0,46,3,675.51,19.300285714285714,35,333,32,278.58
15837.0,394,1,385.03000000000003,13.75107142857143,28,216,28,391.98
15838.0,17,27,53715.92,378.2811267605634,142,53744,58,19489.58
15839.0,56,1,299.18,14.959,20,234,20,749.31
15840.0,81,1,241.74,14.22,17,256,17,113.82
15841.0,127,7,2131.61,30.892898550724638,69,1815,47,610.8
15842.0,302,2,548.8,21.951999999999998,25,296,24,0.0
15843.0,212,1,118.95000000000002,14.868750000000002,8,27,8,0.0
15845.0,53,8,3241.27,25.126124031007752,129,1580,105,1185.01
15846.0,294,1,107.01,3.6900000000000004,29,79,27,0.0
15847.0,196,4,613.98,17.542285714285715,35,542,28,208.59
15848.0,530,1,137.99,4.058529411764706,34,45,34,0.0
15850.0,77,5,888.03,3.3894274809160305,262,1275,231,118.72
15851.0,435,1,109.72999999999999,13.716249999999999,8,67,8,0.0
15852.0,95,3,257.26,7.795757575757576,33,60,31,0.0
15854.0,49,18,5002.85,23.269069767441863,215,1509,135,575.4300000000001
15855.0,45,6,1052.72,11.081263157894737,95,712,72,0.0
15856.0,3,42,27380.24,29.441118279569896,930,16125,347,4895.71
15857.0,338,1,273.48,27.348000000000003,10,276,10,297.0
15858.0,198,10,2941.06,8.427106017191976,349,2277,231,611.35
15859.0,341,1,438.46,19.93,22,174,22,0.0
15860.0,7,15,2163.28,6.8675555555555565,315,1167,232,198.02
15861.0,43,7,2346.04,5.213422222222222,450,2179,321,2023.1599999999999
15862.0,20,12,2339.14,5.186563192904656,451,1434,378,173.15
15863.0,101,4,295.46,4.843606557377049,61,145,58,59.64
15864.0,7,4,1202.3000000000002,80.15333333333335,15,852,13,978.46
15865.0,122,3,1660.22,16.276666666666667,102,951,99,581.2
15866.0,10,1,211.89,4.927674418604651,43,124,43,0.0
15867.0,21,28,8060.57,8.751976112920739,921,4500,509,862.73
15868.0,492,1,94.53,23.6325,4,57,4,0.0
15869.0,185,3,321.11,9.444411764705883,34,273,29,0.0
15870.0,305,3,506.02,7.333623188405797,69,171,61,351.44
15871.0,346,1,33.1,6.62,5,5,5,0.0
15872.0,287,2,413.0,5.1625,80,280,70,316.25
15873.0,408,4,313.91999999999996,52.31999999999999,6,1152,3,0.0
15874.0,86,20,9086.63,29.406569579288025,309,3633,236,2198.13
15875.0,554,1,108.52,4.718260869565217,23,74,18,0.0
15876.0,317,2,1449.1399999999999,131.73999999999998,11,886,11,0.0
15878.0,470,2,330.77,6.485686274509804,51,243,47,0.0
15879.0,312,4,1137.8,6.356424581005586,179,639,171,0.0
15880.0,278,1,329.03,3.427395833333333,96,202,95,0.0
15881.0,220,5,501.39000000000004,17.289310344827587,29,260,26,0.0
15882.0,107,8,1124.66,19.062033898305085,59,650,49,0.0
15884.0,340,2,244.60000000000002,17.47142857142857,14,152,14,0.0
15885.0,1,15,1951.82,16.972347826086956,115,622,83,0.0
15886.0,325,3,871.78,17.4356,50,520,47,181.09
15887.0,315,3,1027.15,27.760810810810813,37,605,27,0.0
15888.0,309,2,260.84999999999997,9.66111111111111,27,63,24,168.31
15889.0,65,8,1427.6,4.742857142857143,301,800,256,0.0
15890.0,303,5,535.65,53.565,10,119,10,0.0
15891.0,135,1,511.68,8.528,60,418,60,0.0
15892.0,577,1,128.2,3.3736842105263154,38,46,38,0.0
15893.0,390,1,305.28000000000003,305.28000000000003,1,288,1,0.0
15894.0,162,2,258.25,6.97972972972973,37,164,35,0.0
15895.0,58,1,179.17,16.288181818181815,11,94,11,0.0
15897.0,103,2,208.59,9.481363636363637,22,223,17,0.0
15898.0,135,24,4610.56,7.595650741350907,607,2014,280,385.89
15899.0,277,1,56.25,14.0625,4,39,4,0.0
15900.0,322,3,549.29,6.953037974683544,79,440,68,337.28
15901.0,63,5,446.48,5.798441558441558,77,525,70,241.24
15902.0,288,1,145.01,8.056111111111111,18,124,18,0.0
15903.0,136,7,4454.72,65.51058823529412,68,2192,39,4485.12
15905.0,451,1,114.69,5.213181818181818,22,82,22,0.0
15906.0,53,7,1760.21,14.547190082644628,121,447,86,769.98
15907.0,85,2,477.59,4.381559633027523,109,237,93,405.13
15908.0,399,2,758.62,18.9655,40,173,37,0.0
15909.0,82,1,191.93999999999997,27.419999999999995,7,98,7,0.0
15910.0,7,12,2095.65,4.0378612716763005,519,1655,343,565.52
15911.0,532,8,1700.24,6.590077519379845,258,810,162,0.0
15912.0,87,9,1074.7,11.31263157894737,95,759,83,0.0
15913.0,442,1,6.300000000000001,6.300000000000001,1,3,1,0.0
15914.0,286,2,205.99,15.845384615384615,13,149,13,0.0
15915.0,310,1,364.45,3.225221238938053,113,414,105,0.0
15916.0,100,10,2489.33,11.113080357142858,224,1259,178,655.91
15917.0,156,5,530.17,3.7335915492957743,142,248,127,0.0
15918.0,99,3,582.88,9.555409836065573,61,240,49,0.0
15919.0,277,1,214.08,5.48923076923077,39,175,38,311.61
15920.0,63,9,569.14,5.319065420560747,107,238,93,0.0
15921.0,81,4,775.26,9.813417721518988,79,335,69,0.0
15922.0,282,1,369.5,33.59090909090909,11,138,11,0.0
15923.0,281,1,127.08,6.051428571428572,21,122,21,0.0
15924.0,640,1,102.82000000000001,6.854666666666668,15,103,14,0.0
15925.0,103,1,207.15,17.2625,12,93,12,0.0
15926.0,451,1,134.44,19.205714285714286,7,155,7,0.0
15927.0,556,1,106.54,7.102666666666667,15,66,13,0.0
15928.0,565,1,293.53,26.684545454545454,11,164,11,0.0
15929.0,553,1,594.0,594.0,1,120,1,0.0
15931.0,336,1,239.9,17.135714285714286,14,118,14,0.0
15932.0,16,6,1885.95,24.492857142857144,77,1509,65,609.92
15934.0,326,2,2190.66,75.53999999999999,29,2166,29,0.0
15935.0,148,2,416.86,34.73833333333334,12,115,12,0.0
15936.0,287,2,282.79,14.883684210526317,19,211,16,0.0
15938.0,21,9,734.81,18.84128205128205,39,449,27,0.0
15939.0,16,15,8805.630000000001,55.38132075471699,159,6104,52,254.76
15940.0,219,1,35.8,35.8,1,4,1,0.0
15941.0,546,1,405.0,67.5,6,60,6,0.0
15942.0,42,1,337.44,24.102857142857143,14,232,14,0.0
15943.0,558,2,271.28999999999996,22.607499999999998,12,183,12,0.0
15944.0,185,4,2164.24,56.95368421052631,38,859,25,0.0
15945.0,274,4,646.27,23.081071428571427,28,345,24,0.0
15946.0,411,3,2304.18,88.62230769230769,26,1614,25,0.0
15948.0,333,1,553.85,15.824285714285715,35,285,35,955.24
15950.0,15,8,6467.58,17.768076923076922,364,3080,208,653.33
15951.0,194,2,680.12,17.003,40,281,35,333.05
15952.0,68,2,309.2,11.892307692307693,26,140,25,472.71
15953.0,120,14,2607.1,24.139814814814812,108,1300,69,833.24
15954.0,498,1,190.75,9.5375,20,119,20,0.0
15955.0,15,16,6133.37,24.73133064516129,248,2935,153,1952.6100000000001
15956.0,460,2,617.6,34.31111111111111,18,278,18,0.0
15957.0,329,2,492.36,4.734230769230769,104,242,88,428.89
15958.0,312,3,357.77,6.168448275862069,58,121,45,104.35000000000001
15959.0,590,3,542.89,7.646338028169014,71,269,58,0.0
15960.0,282,4,410.95,15.805769230769231,26,258,24,0.0
15961.0,287,1,451.29,10.745000000000001,42,154,42,0.0
15962.0,358,1,289.48,5.263272727272728,55,228,43,0.0
15964.0,572,1,269.21000000000004,13.460500000000001,20,93,20,0.0
15965.0,276,10,2119.26,8.942025316455696,237,953,144,652.6800000000001
15966.0,359,1,426.53000000000003,15.797407407407409,27,275,27,0.0
15967.0,227,11,2730.22,6.305357967667436,433,1038,290,235.78
15968.0,297,1,404.55,5.056875,80,247,70,0.0
15969.0,94,3,769.65,30.785999999999998,25,143,23,357.4
15970.0,212,2,1017.3199999999999,42.38833333333333,24,498,19,0.0
15971.0,17,13,3812.4300000000003,141.20111111111112,27,1446,12,2090.4
15972.0,365,5,1769.33,12.728992805755395,139,468,104,0.0
15973.0,275,3,680.62,61.874545454545455,11,195,8,0.0
15974.0,4,6,2895.01,19.429597315436244,149,1864,119,547.14
15976.0,74,6,1694.4099999999999,4.482566137566137,378,1053,265,0.0
15978.0,341,2,2180.64,27.258,80,1556,72,1098.78
15979.0,511,1,329.21999999999997,14.964545454545453,22,450,22,0.0
15980.0,163,5,4905.0,53.31521739130435,92,3854,83,1638.68
15981.0,46,19,8412.49,33.25094861660079,253,4257,131,950.28
15982.0,514,1,324.51,7.211333333333333,45,131,45,0.0
15983.0,269,7,2783.62,12.316902654867256,226,1680,117,326.75
15984.0,9,27,7419.9,11.485913312693498,646,4858,425,973.12
15985.0,31,7,2715.28,26.10846153846154,104,2750,50,0.0
15986.0,290,1,186.3,16.936363636363637,11,100,11,168.12
15987.0,29,7,1296.8500000000001,10.990254237288136,118,1431,98,239.14
15988.0,460,2,582.11,6.1926595744680855,94,296,93,156.78
15989.0,284,2,368.31,4.2826744186046515,86,169,81,0.0
15990.0,196,6,1607.01,10.858175675675676,148,814,95,390.74
15991.0,443,1,150.55,25.09166666666667,6,41,6,0.0
15992.0,305,2,854.61,16.757058823529412,51,497,51,41.989999999999995
15994.0,320,2,761.41,10.018552631578947,76,289,69,414.27
15995.0,323,1,694.54,6.314,110,352,108,0.0
15996.0,25,6,1233.58,7.95858064516129,155,599,128,152.82
15998.0,80,14,7299.18,5.783819334389857,1262,4688,614,974.96
15999.0,644,1,20.4,20.4,1,24,1,0.0
16001.0,289,1,583.39,20.11689655172414,29,337,29,0.0
16002.0,534,1,169.21,4.028809523809524,42,70,42,0.0
16003.0,43,8,4672.36,29.571898734177214,158,1620,126,941.47
16004.0,383,5,2146.39,23.848777777777777,90,1076,63,0.0
16005.0,91,8,2062.19,5.634398907103825,366,1106,232,303.3
16006.0,120,2,332.82,4.266923076923077,78,205,75,0.0
16007.0,89,5,2086.92,4.79751724137931,435,1824,269,966.14
16008.0,113,13,4999.5,22.121681415929203,226,2989,58,339.63
16009.0,68,1,441.59,7.613620689655172,58,196,55,530.52
16010.0,154,11,1694.86,5.864567474048442,289,919,122,0.0
16011.0,1,25,4433.71,11.791781914893617,376,2707,169,1167.3
16012.0,37,4,2695.42,13.682335025380711,197,1512,176,283.17
16013.0,7,72,42357.18,290.1176712328767,146,18862,52,13721.26
16014.0,60,4,967.83,3.6248314606741574,267,426,211,132.45000000000002
16016.0,105,7,1408.96,7.262680412371134,194,579,127,674.44
16017.0,326,4,1333.7,13.609183673469389,98,533,81,211.88
16018.0,89,3,451.13,10.491395348837209,43,357,39,247.0
16019.0,45,25,16495.170000000002,47.12905714285715,350,6419,210,833.99
16021.0,304,2,487.03,3.8653174603174603,126,276,117,0.0
16022.0,169,1,602.63,8.48774647887324,71,255,68,0.0
16023.0,101,2,500.69,7.702923076923077,65,227,59,219.12
16024.0,320,2,232.96,10.58909090909091,22,107,21,251.03
16027.0,0,15,2048.36,58.524571428571434,35,2099,20,0.0
16028.0,504,1,82.2,16.44,5,18,5,0.0
16029.0,2,96,91042.92,289.02514285714284,315,39768,56,26720.7
16030.0,218,1,331.24,11.422068965517242,29,283,28,0.0
16031.0,1,2,547.9,5.590816326530612,98,421,91,0.0
16032.0,364,6,1965.72,9.36057142857143,210,1467,130,0.0
16033.0,17,23,7694.54,8.133763213530655,946,2820,444,2914.27
16034.0,104,6,911.3199999999999,16.273571428571426,56,585,43,0.0
16035.0,469,1,217.73,10.368095238095238,21,33,21,0.0
16036.0,172,3,1986.65,20.694270833333334,96,780,88,570.19
16037.0,178,5,1509.3400000000001,21.25830985915493,71,766,62,0.0
16038.0,86,2,393.33,17.101304347826087,23,229,23,78.45
16039.0,332,2,456.4,14.2625,32,409,27,0.0
16040.0,56,6,1979.53,18.674811320754717,106,1010,82,437.37
16041.0,49,2,2739.8,547.96,5,1044,5,426.6
16042.0,16,5,1508.33,17.745058823529412,85,947,58,736.99
16043.0,120,7,1759.0900000000001,27.06292307692308,65,850,48,97.5
16044.0,343,1,340.84,17.93894736842105,19,170,19,0.0
16045.0,28,8,3434.93,23.208986486486484,148,2108,111,0.0
16046.0,471,1,235.78,10.717272727272727,22,248,22,0.0
16047.0,590,1,107.14,107.14,1,1,1,0.0
16048.0,282,4,818.7900000000001,22.74416666666667,36,425,30,0.0
16049.0,284,3,777.34,4.179247311827957,186,369,175,1074.81
16050.0,82,3,300.7,14.319047619047618,21,388,19,0.0
16051.0,590,1,188.44,15.703333333333333,12,80,12,0.0
16053.0,31,5,3247.08,18.878372093023255,172,2277,153,387.76
16054.0,54,4,2111.88,17.31049180327869,122,791,109,0.0
16055.0,129,1,134.8,16.85,8,22,8,0.0
16057.0,5,9,3135.96,17.422,180,1448,148,718.89
16058.0,314,1,62.7,31.35,2,18,2,0.0
16059.0,72,10,2545.01,7.376840579710145,345,1180,207,508.56
16060.0,309,3,541.95,22.58125,24,243,22,0.0
16061.0,340,1,89.65,29.883333333333336,3,19,3,0.0
16062.0,42,7,2487.97,14.72171597633136,169,1885,122,375.48
16063.0,169,1,335.32,14.57913043478261,23,262,23,0.0
16064.0,633,1,109.31,6.43,17,55,17,0.0
16065.0,274,8,1992.13,5.643427762039661,353,1207,214,0.0
16066.0,33,1,316.38,52.73,6,186,6,1204.66
16067.0,471,3,3269.11,48.07514705882353,68,1236,60,0.0
16068.0,502,1,115.73,3.3065714285714285,35,48,34,0.0
16069.0,326,1,457.7,18.308,25,138,25,0.0
16071.0,436,3,750.5600000000001,14.433846153846154,52,517,47,326.24
16072.0,197,4,4180.09,7.87210922787194,531,1580,414,0.0
16073.0,206,1,122.39999999999999,122.39999999999999,1,48,1,0.0
16074.0,299,1,252.5,10.1,25,38,23,0.0
16075.0,411,2,736.9300000000001,17.973902439024393,41,271,41,0.0
16076.0,1,5,1357.98,14.922857142857143,91,1012,69,876.75
16077.0,534,1,2300.4,287.55,8,840,8,0.0
16078.0,192,2,362.99,9.307435897435898,39,200,39,0.0
16080.0,183,3,515.66,20.6264,25,236,24,86.9
16081.0,94,6,2471.91,11.884182692307691,208,1180,155,1807.05
16082.0,579,1,106.75,6.671875,16,39,16,0.0
16083.0,9,4,2351.42,33.11859154929578,71,1514,61,0.0
16084.0,207,1,436.18,11.47842105263158,38,216,38,0.0
16085.0,145,9,1684.56,6.356830188679245,265,970,196,656.47
16086.0,7,9,2466.04,20.380495867768595,121,1327,65,221.69
16087.0,297,5,1739.92,173.99200000000002,10,664,6,0.0
16088.0,484,2,1437.43,239.5716666666667,6,373,3,0.0
16089.0,295,2,263.49,5.606170212765957,47,119,42,0.0
16090.0,533,1,180.56,10.03111111111111,18,58,18,0.0
16091.0,63,2,315.06,17.503333333333334,18,154,16,0.0
16092.0,23,6,1587.94,17.64377777777778,90,1188,60,0.0
16093.0,15,1,17.0,17.0,1,20,1,0.0
16094.0,128,8,2869.43,19.257919463087248,149,1537,81,826.13
16095.0,364,1,447.05,14.901666666666667,30,265,30,0.0
16096.0,173,4,1584.97,24.01469696969697,66,700,58,0.0
16097.0,149,1,185.04999999999998,18.505,10,87,10,0.0
16098.0,36,13,3717.56,27.135474452554742,137,1896,80,293.14
16099.0,46,6,1433.4,23.11935483870968,62,888,41,139.8
16100.0,371,1,582.64,15.747027027027027,37,438,37,0.0
16101.0,343,3,1938.46,16.71086206896552,116,1087,94,1290.7
16102.0,7,2,1392.8400000000001,28.425306122448983,49,776,41,449.3
16103.0,66,20,5918.47,31.314656084656086,189,2469,106,273.24
16104.0,327,8,2476.25,12.138480392156863,204,925,162,298.21
16105.0,157,5,2386.19,21.692636363636364,110,2125,92,0.0
16107.0,12,3,1494.1200000000001,83.00666666666667,18,500,16,1710.04
16108.0,343,3,1393.42,16.01632183908046,87,858,79,842.5
16109.0,127,3,939.48,30.305806451612902,31,1092,30,0.0
16110.0,171,3,1138.82,4.111263537906137,277,502,235,642.77
16111.0,336,1,549.33,7.525068493150686,73,233,72,0.0
16112.0,52,4,195.74,12.23375,16,574,15,0.0
16113.0,91,1,161.38,5.379333333333333,30,176,30,0.0
16114.0,79,1,135.75000000000003,16.968750000000004,8,43,8,0.0
16115.0,26,9,1817.51,5.939575163398692,306,1187,192,736.29
16116.0,120,1,612.78,18.02294117647059,34,248,34,0.0
16117.0,98,3,654.4,7.352808988764044,89,321,64,0.0
16118.0,561,1,4376.25,106.73780487804878,41,2851,41,0.0
16119.0,303,6,1297.45,34.14342105263158,38,571,31,423.36
16120.0,331,2,1658.3700000000001,26.747903225806454,62,1283,60,1309.14
16121.0,124,4,881.32,4.176872037914692,211,442,159,568.72
16122.0,21,5,761.46,14.643461538461539,52,1064,26,134.16000000000003
16124.0,226,4,1772.49,21.615731707317074,82,797,63,0.0
16125.0,276,14,4292.35,14.955923344947736,287,1819,168,0.0
16126.0,10,14,12063.53,35.796824925816026,337,5099,133,2581.07
16127.0,635,1,145.06,4.144571428571429,35,68,35,656.25
16128.0,52,8,2615.53,19.96587786259542,131,1823,116,1185.52
16129.0,316,3,1396.05,14.542187499999999,96,1261,91,0.0
16130.0,331,4,987.48,17.95418181818182,55,296,53,0.0
16131.0,24,10,8729.38,44.76605128205128,195,4210,130,1228.04
16132.0,453,2,664.1999999999999,39.07058823529411,17,280,14,0.0
16133.0,10,46,19022.49,46.17109223300971,412,10989,235,3969.77
16134.0,268,4,1810.78,18.66783505154639,97,1424,71,334.56
16135.0,171,2,819.45,21.011538461538464,39,395,35,0.0
16136.0,186,2,396.72,23.336470588235297,17,300,17,550.08
16137.0,589,1,422.7,15.096428571428572,28,210,28,0.0
16138.0,287,3,910.35,24.604054054054053,37,774,35,0.0
16139.0,21,4,782.11,19.075853658536587,41,427,35,329.04
16140.0,280,2,832.4200000000001,23.12277777777778,36,646,33,601.04
16141.0,326,1,335.54,16.777,20,172,20,620.4000000000001
16142.0,158,1,535.34,14.46864864864865,37,422,37,0.0
16143.0,16,11,4079.5,20.3975,200,1662,103,475.58000000000004
16144.0,155,1,175.2,175.2,1,16,1,0.0
16145.0,8,16,5606.26,17.092256097560977,328,4395,190,1199.18
16146.0,66,4,946.38,23.082439024390244,41,544,34,0.0
16147.0,42,5,2398.91,17.639044117647057,136,1395,113,0.0
16148.0,205,2,386.62,42.95777777777778,9,250,9,0.0
16149.0,51,2,305.38,13.277391304347827,23,458,23,116.84
16150.0,37,8,3357.85,18.758938547486032,179,1717,120,644.32
16152.0,177,1,1829.04,63.070344827586204,29,642,29,0.0
16153.0,24,10,4332.8,22.449740932642488,193,3150,140,800.69
16155.0,290,5,796.9,16.602083333333333,48,495,45,0.0
16156.0,60,16,4511.31,22.55655,200,2586,156,1676.8700000000001
16158.0,431,9,628.32,17.952,35,182,29,0.0
16159.0,190,4,1232.79,23.7075,52,635,31,0.0
16161.0,49,36,10083.05,10.726648936170212,940,5147,360,2497.01
16162.0,161,1,37.4,18.7,2,4,2,0.0
16163.0,141,6,2407.98,35.4114705882353,68,676,59,0.0
16165.0,414,1,79.9,79.9,1,2,1,0.0
16166.0,337,2,435.83,19.810454545454544,22,173,18,0.0
16167.0,323,5,1386.1200000000001,22.001904761904765,63,1494,51,0.0
16168.0,3,57,9205.19,32.99351254480287,279,4475,119,1155.48
16170.0,21,19,6544.61,15.694508393285371,417,5769,241,324.39
16172.0,4,8,1884.55,16.677433628318585,113,1419,81,0.0
16173.0,0,2,635.05,16.28333333333333,39,242,39,783.27
16174.0,35,7,2246.75,34.565384615384616,65,1431,28,0.0
16175.0,3,7,1836.44,18.739183673469388,98,932,59,0.0
16176.0,330,4,2052.69,28.509583333333335,72,952,53,0.0
16177.0,345,7,1915.36,18.595728155339806,103,926,66,331.95
16178.0,46,2,612.6,24.504,25,304,24,0.0
16180.0,8,13,16249.87,49.693792048929666,327,9813,171,0.0
16182.0,38,8,8198.0,204.95,40,4896,12,1773.65
16183.0,303,3,739.1,28.426923076923078,26,238,17,338.71000000000004
16184.0,14,5,985.8000000000001,26.643243243243244,37,470,22,172.99
16185.0,141,2,450.31,16.0825,28,214,28,194.41
16186.0,12,23,7408.02,16.91328767123288,438,5816,153,1310.41
16187.0,8,12,5395.7,23.257327586206895,232,3925,140,1515.74
16188.0,49,4,860.83,14.590338983050849,59,701,58,226.83
16190.0,303,7,2508.4700000000003,22.198849557522127,113,1143,88,215.08
16191.0,171,19,13112.98,90.4343448275862,145,7609,76,2564.84
16192.0,644,1,351.3,31.936363636363637,11,208,11,0.0
16193.0,145,2,630.4300000000001,16.59026315789474,38,379,38,0.0
16194.0,284,1,308.59999999999997,38.574999999999996,8,140,8,0.0
16195.0,632,1,323.25,20.203125,16,123,16,0.0
16196.0,397,1,93.3,23.325,4,26,4,0.0
16197.0,378,9,2016.71,21.68505376344086,93,1420,52,0.0
16198.0,346,1,629.36,34.964444444444446,18,255,18,400.68100000000004
16199.0,301,7,942.75,94.275,10,321,2,0.0
16200.0,73,11,5089.8,10.200000000000001,499,2783,281,518.3
16201.0,18,2,552.45,17.2640625,32,343,32,1559.67
16202.0,269,9,2501.9900000000002,20.17733870967742,124,1307,105,0.0
16203.0,56,5,729.24,13.258909090909091,55,433,48,214.6
16204.0,289,2,534.53,10.480980392156862,51,453,47,384.18
16205.0,88,4,1174.83,9.250629921259842,127,1000,109,645.28
16206.0,33,12,2462.67,10.614956896551725,232,1310,183,127.19999999999999
16208.0,198,9,3273.78,14.42193832599119,227,1451,164,166.67
16209.0,28,8,4001.06,64.53322580645161,62,1819,49,145.71999999999997
16210.0,7,28,23913.63,116.6518536585366,205,9219,122,9837.34
16211.0,330,2,543.5699999999999,41.81307692307692,13,365,12,547.02
16212.0,192,3,1101.52,16.440597014925373,67,478,61,192.19
16214.0,79,4,2038.25,20.7984693877551,98,1308,84,0.0
16216.0,176,1,914.93,24.727837837837836,37,254,37,0.0
16217.0,144,2,304.25,20.283333333333335,15,91,13,0.0
16218.0,23,12,3519.47,28.38282258064516,124,2463,77,449.2
16219.0,409,1,40.8,40.8,1,48,1,0.0
16221.0,184,8,1474.43,8.377443181818181,176,1002,117,545.49
16222.0,227,2,1272.05,8.772758620689656,145,463,133,0.0
16223.0,283,2,1087.05,8.83780487804878,123,643,101,0.0
16224.0,49,4,1187.12,13.803720930232556,86,1237,82,429.42
16225.0,58,14,2716.63,9.208915254237288,295,1239,188,142.68
16226.0,112,5,672.17,21.68290322580645,31,521,23,0.0
16227.0,134,3,1027.22,30.212352941176473,34,436,28,0.0
16228.0,294,3,885.71,16.402037037037037,54,555,45,0.0
16229.0,121,5,2215.46,15.712482269503546,141,1066,120,652.4
16230.0,98,2,542.03,15.486571428571429,35,365,32,0.0
16231.0,288,4,1074.47,10.7447,100,563,69,0.0
16232.0,52,6,2447.13,24.71848484848485,99,1737,60,265.84000000000003
16233.0,238,8,1608.13,26.80216666666667,60,593,37,210.18
16234.0,385,3,333.18,22.212,15,170,13,0.0
16235.0,95,7,1851.69,17.635142857142856,105,709,75,202.02
16237.0,345,1,136.65,19.521428571428572,7,57,7,0.0
16238.0,331,1,63.66,10.61,6,85,6,0.0
16239.0,98,5,1425.9,45.99677419354839,31,646,21,66.3
16241.0,5,13,3180.98,3.951527950310559,805,1766,438,811.88
16242.0,74,10,4671.38,10.155173913043479,460,2327,273,2733.27
16244.0,120,2,1522.75,16.733516483516482,91,855,88,0.0
16245.0,30,2,769.7,15.0921568627451,51,430,49,643.96
16246.0,368,2,821.35,9.333522727272728,88,336,79,0.0
16247.0,79,1,114.56,7.16,16,182,16,0.0
16249.0,21,4,1440.77,29.403469387755102,49,762,48,359.3
16250.0,170,3,565.24,16.149714285714285,35,268,29,0.0
16251.0,421,1,128.31,6.4155,20,44,20,0.0
16252.0,291,1,295.09,14.05190476190476,21,158,21,0.0
16253.0,164,6,5288.74,23.2984140969163,227,4137,170,1983.46
16254.0,287,3,967.44,13.073513513513515,74,543,65,0.0
16255.0,4,14,4092.88,8.708255319148936,470,2570,219,437.12
16256.0,175,3,1629.37,56.1851724137931,29,1590,27,0.0
16257.0,85,1,46.95,23.475,2,2,2,0.0
16258.0,36,14,10480.07,35.168020134228186,298,6551,216,1462.45
16259.0,319,3,340.94,4.011058823529412,85,143,75,0.0
16261.0,21,4,722.61,6.176153846153846,117,347,89,318.55
16262.0,287,1,755.15,16.416304347826088,46,446,46,0.0
16263.0,332,1,348.16,16.57904761904762,21,197,19,0.0
16264.0,347,2,823.53,13.071904761904761,63,616,62,0.0
16265.0,19,10,5550.19,20.3303663003663,273,2439,161,1384.98
16266.0,24,13,1657.18,16.91,98,746,67,100.77
16267.0,500,1,186.66,26.665714285714284,7,198,7,0.0
16269.0,346,1,717.57,13.539056603773586,53,579,53,0.0
16270.0,262,1,1141.24,21.134074074074075,54,688,54,0.0
16271.0,34,8,2861.61,11.727909836065574,244,2007,146,536.21
16272.0,25,1,411.7,16.468,25,224,25,0.0
16273.0,557,2,318.34,21.222666666666665,15,40,15,0.0
16274.0,282,1,351.75,5.411538461538462,65,153,64,0.0
16275.0,105,3,2151.11,19.37936936936937,111,1268,105,0.0
16276.0,85,3,2629.3900000000003,101.13038461538463,26,1467,20,0.0
16277.0,642,1,188.69,8.203913043478261,23,33,23,0.0
16278.0,8,3,1117.84,20.324363636363636,55,342,50,0.0
16279.0,85,7,4554.58,17.65341085271318,258,2793,175,1143.7
16280.0,634,1,238.05,14.878125,16,101,16,0.0
16281.0,332,2,1361.96,61.907272727272726,22,636,19,2062.06
16282.0,248,3,1307.58,39.623636363636365,33,790,31,0.0
16283.0,29,6,3365.86,6.869102040816327,490,2072,334,984.46
16284.0,302,1,205.8,6.86,30,139,30,812.68
16285.0,554,1,176.9,5.706451612903226,31,60,31,0.0
16286.0,386,2,328.95,19.349999999999998,17,101,17,0.0
16287.0,78,5,1006.98,23.975714285714286,42,1426,18,0.0
16288.0,379,1,129.85,18.55,7,19,7,0.0
16289.0,371,1,136.31,6.490952380952381,21,97,21,0.0
16290.0,373,4,1957.7,15.787903225806453,124,957,85,0.0
16291.0,590,1,117.72,117.72,1,1,1,0.0
16292.0,30,5,1253.76,20.22193548387097,62,688,51,0.0
16293.0,0,11,3484.54,18.633903743315507,187,1494,145,794.6600000000001
16294.0,385,1,126.05000000000001,15.756250000000001,8,54,8,0.0
16296.0,535,4,1313.67,17.752297297297297,74,645,56,0.0
16297.0,177,1,301.9,15.094999999999999,20,206,20,0.0
16298.0,95,5,601.8,22.288888888888888,27,160,20,483.9
16299.0,385,1,193.65,16.1375,12,107,12,0.0
16300.0,339,3,1367.32,5.745042016806722,238,643,190,0.0
16301.0,645,1,107.33,17.888333333333332,6,41,6,0.0
16302.0,35,1,233.22,21.201818181818183,11,158,11,0.0
16303.0,24,6,6603.97,26.102648221343873,253,3225,149,1324.3
16304.0,603,1,381.66,15.2664,25,228,25,0.0
16305.0,47,1,361.21999999999997,16.419090909090908,22,256,22,0.0
16306.0,122,7,1124.72,16.78686567164179,67,712,55,0.0
16307.0,338,3,1194.92,15.932266666666667,75,1123,69,0.0
16308.0,16,6,4160.0,693.3333333333334,6,13000,1,960.0
16309.0,15,2,706.57,16.823095238095238,42,467,39,0.0
16310.0,323,2,460.08,16.431428571428572,28,270,26,0.0
16312.0,341,1,171.15,17.115000000000002,10,53,10,0.0
16314.0,298,3,1491.4,24.05483870967742,62,636,58,0.0
16315.0,239,2,402.71,17.50913043478261,23,143,21,0.0
16316.0,66,12,5018.81,19.22915708812261,261,2758,181,726.1
16317.0,28,5,2192.51,18.73940170940171,117,1236,103,0.0
16319.0,126,1,404.40000000000003,134.8,3,72,3,0.0
16320.0,81,6,5628.99,23.356804979253113,241,3319,193,0.0
16321.0,214,5,454.55,23.923684210526318,19,187,14,150.0
16323.0,105,2,353.66,88.415,4,146,4,0.0
16324.0,37,3,408.59,3.6809909909909906,111,270,100,0.0
16325.0,64,11,3419.28,25.70887218045113,133,2390,103,178.22
16326.0,5,18,3206.7,10.37766990291262,309,718,185,1514.55
16327.0,108,14,8809.01,11.440272727272728,770,7182,270,1350.63
16328.0,472,1,310.83000000000004,19.426875000000003,16,141,16,0.0
16329.0,336,4,1664.92,16.008846153846154,104,797,83,0.0
16330.0,20,6,422.43,4.446631578947368,95,202,86,202.95
16331.0,341,6,2037.7,59.932352941176475,34,756,33,0.0
16332.0,39,7,1068.98,10.797777777777778,99,600,81,931.03
16333.0,7,18,15619.6,422.15135135135137,37,24352,8,11007.2
16334.0,400,1,263.73,4.883888888888889,54,206,54,0.0
16335.0,460,7,2753.52,7.6274792243767315,361,1004,193,0.0
16336.0,329,4,3517.69,51.73073529411765,68,1473,64,0.0
16338.0,66,1,214.8,19.527272727272727,11,94,11,0.0
16339.0,193,1,94.05,5.225,18,21,17,0.0
16340.0,16,3,1496.24,4.191148459383753,357,1319,277,0.0
16341.0,110,4,2676.57,24.332454545454546,110,2158,81,1174.22
16342.0,16,3,283.71,21.82384615384615,13,145,10,38.7
16343.0,316,1,285.54,8.158285714285714,35,170,28,328.58
16344.0,67,4,842.42,18.313478260869566,46,706,43,0.0
16345.0,391,1,613.33,8.638450704225352,71,323,68,565.46
16346.0,293,1,224.51,14.967333333333332,15,289,15,0.0
16347.0,297,9,2595.51,10.099260700389106,257,1374,167,847.45
16348.0,37,5,1067.06,5.799239130434782,184,759,142,677.36
16349.0,199,1,53.5,5.944444444444445,9,9,9,0.0
16350.0,242,6,1514.1200000000001,17.40367816091954,87,728,59,739.77
16351.0,241,13,3330.0299999999997,17.807647058823527,187,2165,124,0.0
16353.0,0,29,6587.56,44.211812080536916,149,2737,73,3207.9
16354.0,288,3,723.66,7.164950495049505,101,442,87,395.8
16355.0,284,1,416.35,8.673958333333333,48,179,47,0.0
16356.0,106,6,415.87,7.0486440677966105,59,190,27,0.0
16357.0,70,3,467.44,18.6976,25,198,22,400.93
16358.0,93,2,1354.3,20.213432835820896,67,984,61,1565.3500000000001
16359.0,3,14,2358.06,20.684736842105263,114,1457,77,339.69
16362.0,0,4,572.82,11.015769230769232,52,272,44,349.34000000000003
16364.0,46,1,346.3,12.367857142857144,28,114,28,359.49
16365.0,31,13,2489.48,22.839266055045872,109,855,86,677.86
16366.0,491,3,1220.83,20.347166666666666,60,626,57,327.3
16367.0,271,2,716.9,5.514615384615384,130,547,119,633.58
16368.0,344,1,141.53,6.73952380952381,21,56,20,479.91
16369.0,105,5,1465.6,21.87462686567164,67,758,42,1190.96
16370.0,26,3,944.49,5.397085714285715,175,519,133,357.42
16371.0,357,1,157.20000000000002,14.290909090909093,11,108,11,0.0
16372.0,318,3,934.58,4.1909417040358745,223,564,203,355.73
16373.0,291,2,309.49,10.672068965517242,29,119,25,0.0
16374.0,171,4,1410.87,5.364524714828897,263,585,227,312.53000000000003
16375.0,379,2,104.0,8.0,13,74,11,0.0
16377.0,176,2,1308.48,130.848,10,2928,6,0.0
16378.0,156,3,362.95,15.780434782608696,23,267,22,0.0
16381.0,304,2,247.85,4.06311475409836,61,108,60,0.0
16382.0,316,2,353.1,8.025,44,167,42,0.0
16383.0,177,6,2562.39,7.218,355,1427,219,334.3
16384.0,172,3,1183.55,16.438194444444445,72,801,71,175.4
16385.0,67,4,600.3100000000001,6.386276595744682,94,370,79,281.04
16386.0,162,2,826.6899999999999,13.333709677419353,62,521,55,241.47
16387.0,231,5,882.46,10.143218390804599,87,448,68,0.0
16388.0,562,1,186.05,14.311538461538463,13,83,13,0.0
16389.0,114,2,670.17,41.885625,16,307,16,711.9
16390.0,445,3,467.5,22.261904761904763,21,122,16,0.0
16391.0,309,4,1052.26,3.4613815789473685,304,715,261,0.0
16392.0,178,3,756.7,5.254861111111111,144,604,125,0.0
16393.0,3,19,4018.78,6.358829113924051,632,2441,296,1278.99
16394.0,80,3,933.1,15.551666666666668,60,1404,49,622.24
16395.0,77,12,3000.65,5.598227611940299,536,2325,371,517.76
16396.0,385,1,137.8,17.225,8,80,8,0.0
16397.0,537,1,123.13,13.681111111111111,9,43,9,0.0
16398.0,63,2,1705.8,20.802439024390242,82,758,75,0.0
16399.0,144,2,400.61,5.805942028985507,69,348,65,229.61
16400.0,3,9,3059.85,11.460112359550562,267,2066,214,0.0
16401.0,40,18,5206.25,18.3318661971831,284,4473,100,1642.8999999999999
16402.0,173,2,293.45,5.148245614035088,57,146,55,0.0
16403.0,221,1,177.5,17.75,10,114,10,0.0
16405.0,211,2,167.25,33.45,5,187,3,0.0
16406.0,359,2,374.01,4.155666666666667,90,141,85,154.35
16407.0,19,12,2164.34,12.227909604519775,177,1101,101,597.31
16408.0,500,1,231.93,5.154,45,227,45,0.0
16409.0,59,10,4663.13,6.633186344238976,703,3035,316,989.61
16410.0,643,1,130.32,26.064,5,348,5,0.0
16411.0,278,3,673.24,4.288152866242038,157,399,119,83.15
16412.0,302,4,457.2,4.969565217391304,92,225,72,135.99
16413.0,284,1,259.83,7.022432432432432,37,135,32,262.2
16414.0,189,4,475.76,8.063728813559322,59,190,56,75.45
16415.0,492,2,496.49,5.0662244897959186,98,330,78,200.27
16416.0,299,6,1906.48,16.57808695652174,115,1526,92,1051.4
16417.0,401,1,35.7,35.7,1,6,1,0.0
16418.0,1,4,765.98,6.839107142857143,112,458,94,262.76
16419.0,21,8,1463.7,16.263333333333335,90,701,62,0.0
16420.0,305,1,75.0,37.5,2,120,2,0.0
16421.0,285,3,526.27,13.849210526315789,38,123,35,0.0
16422.0,8,97,56354.17,90.89382258064516,620,58127,111,5566.7
16424.0,100,2,443.06,34.081538461538464,13,212,10,0.0
16425.0,211,1,302.7,14.414285714285715,21,199,21,0.0
16426.0,1,4,689.83,8.732025316455697,79,414,64,1173.93
16427.0,171,2,241.06,26.784444444444446,9,156,8,0.0
16428.0,322,3,638.49,5.02748031496063,127,575,121,0.0
16429.0,15,1,284.55,142.275,2,9,2,0.0
16430.0,290,6,817.09,37.140454545454546,22,204,17,300.85
16431.0,122,3,623.28,8.201052631578946,76,442,51,0.0
16433.0,317,1,200.26,11.78,17,108,17,184.26
16434.0,5,9,2060.73,16.226220472440946,127,992,90,612.96
16435.0,420,3,1003.0699999999999,8.02456,125,608,119,0.0
16436.0,577,3,319.14,7.9784999999999995,40,227,37,0.0
16437.0,289,2,301.25,14.345238095238095,21,197,17,0.0
16439.0,631,1,310.70000000000005,34.522222222222226,9,74,9,0.0
16440.0,123,2,488.76,8.145999999999999,60,205,58,3368.21
16441.0,199,4,848.93,11.472027027027027,74,415,60,170.2
16442.0,136,4,715.11,4.063125,176,489,165,176.87
16443.0,429,1,162.24,162.24,1,96,1,0.0
16444.0,4,16,3512.61,9.839243697478992,357,1875,208,113.27
16445.0,295,3,352.65,3.014102564102564,117,176,93,230.51
16446.0,114,1,2.9,1.45,2,2,2,168469.6
16447.0,44,3,727.1,10.69264705882353,68,315,59,0.0
16448.0,106,2,361.12,7.2224,50,176,45,0.0
16449.0,106,2,707.6899999999999,17.692249999999998,40,367,40,0.0
16450.0,58,3,1505.73,35.016976744186046,43,681,36,0.0
16451.0,469,2,746.1800000000001,14.630980392156864,51,404,50,266.97
16452.0,539,2,332.17,18.45388888888889,18,199,14,0.0
16453.0,439,2,251.70999999999998,16.780666666666665,15,139,15,0.0
16454.0,515,2,24.05,12.025,2,6,2,6.9
16455.0,3,10,3477.77,19.648418079096047,177,2619,96,517.8
16456.0,8,13,6000.94,15.347672634271099,391,3296,226,0.0
16457.0,127,1,208.36,23.151111111111113,9,140,9,0.0
16458.0,15,23,4359.65,13.973237179487178,312,2601,82,1331.24
16459.0,638,1,71.79,14.358,5,59,5,0.0
16461.0,86,3,1545.83,6.134246031746032,252,933,223,0.0
16462.0,94,2,68.0,34.0,2,8,1,68.0
16463.0,113,1,319.37,16.80894736842105,19,179,19,1103.03
16464.0,51,1,380.33,4.0895698924731185,93,310,88,918.33
16465.0,329,2,746.24,15.546666666666667,48,504,45,0.0
16466.0,12,13,3170.76,11.324142857142858,280,1521,178,596.33
16467.0,417,7,2869.16,119.54833333333333,24,7384,14,0.0
16468.0,378,2,712.62,16.572558139534884,43,340,37,74.9
16469.0,155,3,446.78000000000003,5.0200000000000005,89,183,73,357.12
16470.0,24,10,2203.21,5.521829573934837,399,1171,254,213.64
16471.0,183,4,1189.98,19.193225806451615,62,670,48,0.0
16472.0,343,2,789.6,20.246153846153845,39,252,39,0.0
16473.0,73,4,470.83,16.815357142857142,28,296,26,0.0
16474.0,54,1,341.35,3.6313829787234044,94,193,82,1469.3
16475.0,52,3,459.3,17.011111111111113,27,318,22,85.0
16476.0,340,1,350.35,14.597916666666668,24,187,24,0.0
16477.0,40,10,3599.17,16.2858371040724,221,2191,163,495.2
16481.0,591,1,453.38,28.33625,16,201,16,0.0
16483.0,101,1,139.35,7.334210526315789,19,44,19,0.0
16484.0,82,2,404.3,16.172,25,200,25,0.0
16485.0,341,4,1923.54,18.858235294117648,102,918,93,363.65
16486.0,446,1,134.36,19.194285714285716,7,24,7,0.0
16487.0,486,2,209.4,5.982857142857143,35,163,28,0.0
16488.0,23,2,354.57,16.116818181818182,22,619,22,144.23000000000002
16489.0,289,2,303.7,50.61666666666667,6,38,4,0.0
16490.0,344,1,205.41000000000003,15.800769230769232,13,113,13,0.0
16491.0,322,1,801.66,16.701249999999998,48,582,48,731.5
16492.0,449,1,385.56,16.763478260869565,23,235,23,0.0
16493.0,82,6,1562.75,17.558988764044944,89,1530,62,569.34
16494.0,205,1,826.53,16.5306,50,675,47,0.0
16495.0,184,2,246.51,7.47,33,166,32,401.75
16496.0,116,5,1916.29,16.80956140350877,114,1437,101,414.48
16497.0,112,22,5280.29,18.334340277777777,288,2443,204,1414.99
16498.0,70,2,100.97,6.731333333333334,15,45,15,0.0
16499.0,269,8,2578.34,17.90513888888889,144,1364,104,0.0
16500.0,239,4,608.05,25.335416666666664,24,264,20,235.86
16501.0,292,1,1191.23,5.98608040201005,199,628,181,0.0
16502.0,529,2,258.55,6.30609756097561,41,220,41,0.0
16503.0,15,11,3614.34,16.9687323943662,213,1535,161,0.0
16507.0,481,1,142.71,3.755526315789474,38,111,37,0.0
16508.0,539,1,240.95,5.603488372093023,43,103,42,0.0
16509.0,205,1,363.70000000000005,27.97692307692308,13,64,13,0.0
16510.0,281,6,1777.5,15.870535714285714,112,930,94,0.0
16511.0,53,5,1407.86,5.8176033057851235,242,631,189,352.63
16515.0,0,9,2802.28,12.795799086757992,219,1435,176,376.78
16517.0,186,1,162.7,9.570588235294117,17,96,17,0.0
16518.0,192,3,665.75,17.07051282051282,39,321,39,293.62
16519.0,274,3,327.68,11.702857142857143,28,120,25,111.38
16520.0,95,6,2148.38,6.103352272727273,352,1045,251,0.0
16521.0,324,3,1140.11,4.810590717299577,237,1014,212,0.0
16522.0,344,2,433.36,24.075555555555557,18,212,16,0.0
16523.0,4,20,7743.81,31.225040322580647,248,3039,121,4172.52
16524.0,355,2,306.19,5.777169811320754,53,259,50,0.0
16525.0,7,43,21496.2,68.02594936708861,316,12858,109,2655.1
16526.0,80,2,717.21,20.491714285714288,35,279,30,0.0
16527.0,333,1,1004.88,17.03186440677966,59,602,58,228.06000000000003
16529.0,98,4,1986.8,15.521875,128,739,87,0.0
16530.0,577,1,48.349999999999994,16.116666666666664,3,17,3,0.0
16531.0,35,8,1738.27,16.398773584905662,106,1515,91,560.06
16532.0,44,4,6524.639999999999,1304.9279999999999,5,2064,2,2232.0
16534.0,551,1,635.9,17.663888888888888,36,168,36,0.0
16535.0,294,2,378.28999999999996,9.457249999999998,40,308,36,593.75
16536.0,18,1,548.12,10.15037037037037,54,250,49,0.0
16537.0,550,1,23.35,5.8375,4,59,3,0.0
16538.0,449,3,395.07,9.635853658536584,41,254,35,0.0
16539.0,128,9,2954.46,23.826290322580647,124,958,81,335.2
16540.0,322,1,205.75,7.094827586206897,29,105,25,0.0
16541.0,644,1,424.03,11.158684210526316,38,173,38,0.0
16542.0,310,1,137.7,15.299999999999999,9,96,9,119.62
16543.0,500,1,292.21,16.233888888888888,18,317,18,0.0
16544.0,428,4,376.70000000000005,34.24545454545455,11,150,8,0.0
16545.0,73,2,689.82,86.2275,8,322,6,0.0
16546.0,199,5,5307.07,60.307613636363634,88,4211,75,0.0
16547.0,455,1,104.25999999999999,4.1704,25,108,25,0.0
16548.0,507,1,30.15,5.0249999999999995,6,6,6,0.0
16549.0,33,26,9527.26,4.124354978354979,2310,5306,687,3254.54
16550.0,17,18,8813.58,11.673615894039735,755,5405,274,0.0
16551.0,4,7,2237.12,25.421818181818182,88,2076,67,0.0
16552.0,151,2,379.73,22.337058823529414,17,219,17,0.0
16553.0,72,33,16584.01,56.79455479452054,292,16427,195,0.0
16554.0,131,7,2318.73,17.04948529411765,136,1073,90,522.99
16555.0,18,5,1781.77,30.720172413793104,58,1731,54,133.91
16556.0,14,16,7255.16,16.678528735632185,435,3805,251,757.42
16557.0,46,1,101.15,16.858333333333334,6,13,6,180.7
16558.0,1,32,9650.79,16.525325342465756,584,5688,305,3653.32
16559.0,306,1,175.0,10.294117647058824,17,61,17,0.0
16560.0,267,7,2539.15,15.673765432098765,162,1272,111,509.23
16562.0,385,1,223.85999999999999,6.584117647058823,34,264,34,0.0
16563.0,309,5,3334.82,47.64028571428572,70,2098,46,1077.74
16564.0,478,1,87.8,17.56,5,40,5,0.0
16565.0,273,4,773.0500000000001,70.27727272727273,11,211,7,0.0
16566.0,79,3,463.88,51.54222222222222,9,216,9,150.78
16567.0,103,2,865.6,24.731428571428573,35,996,34,0.0
16568.0,336,2,1020.9000000000001,204.18,5,366,5,0.0
16569.0,540,4,1331.03,44.367666666666665,30,895,23,124.2
16570.0,36,16,5829.9800000000005,30.20715025906736,193,3607,100,1604.33
16571.0,85,9,3723.84,16.40458149779736,227,3355,136,524.9
16572.0,35,3,1009.6,17.712280701754388,57,532,40,0.0
16573.0,199,1,292.63,18.289375,16,111,16,370.98
16574.0,332,2,850.34,14.661034482758621,58,586,58,451.44
16576.0,329,2,540.87,16.39,33,323,32,0.0
16577.0,575,1,380.0,16.52173913043478,23,142,23,0.0
16578.0,535,1,156.6,17.4,9,108,9,0.0
16579.0,334,1,295.05,21.075,14,119,14,0.0
16581.0,91,1,105.84,11.76,9,134,9,0.0
16582.0,21,1,313.62,52.27,6,164,6,0.0
16583.0,282,2,297.95,16.552777777777777,18,153,18,0.0
16584.0,163,4,2832.03,41.6475,68,1755,52,324.14
16585.0,502,2,341.59,18.97722222222222,18,151,16,0.0
16586.0,157,3,1462.78,52.24214285714286,28,348,27,0.0
16587.0,141,1,225.15,17.31923076923077,13,71,13,0.0
16588.0,294,4,1361.28,19.172957746478872,71,882,64,0.0
16589.0,15,3,367.8,14.146153846153847,26,324,22,244.56
16590.0,309,2,605.9,20.893103448275863,29,240,26,0.0
16592.0,45,22,5908.5599999999995,17.378117647058822,340,4362,187,1899.3500000000001
16593.0,98,7,996.61,13.841805555555556,72,346,53,74.53
16595.0,285,4,1397.59,3.8081471389645776,367,996,286,360.16
16596.0,274,3,329.48,18.304444444444446,18,130,17,129.5
16598.0,194,1,145.04999999999998,14.504999999999999,10,73,10,0.0
16599.0,294,1,172.8,14.4,12,159,12,0.0
16600.0,161,9,1577.3500000000001,15.932828282828284,99,1643,77,576.06
16601.0,299,2,434.3,11.135897435897435,39,258,38,242.7
16602.0,297,1,235.25,21.386363636363637,11,93,11,528.0799999999999
16603.0,0,1,296.62,12.896521739130435,23,363,23,185.85
16604.0,471,2,432.45,36.0375,12,175,10,0.0
16605.0,632,1,60.48,60.48,1,144,1,0.0
16606.0,313,2,357.66,16.257272727272728,22,148,16,0.0
16607.0,37,21,4626.74,19.52210970464135,237,3647,173,1080.1299999999999
16608.0,362,2,1286.6200000000001,10.633223140495868,121,612,94,0.0
16609.0,44,5,2710.04,17.59766233766234,154,1245,103,2783.42
16610.0,128,1,75.66,12.61,6,66,6,0.0
16611.0,95,6,1785.13,16.228454545454547,110,874,86,0.0
16612.0,28,8,2928.07,19.263618421052634,152,1307,100,317.36
16614.0,91,3,1179.79,24.07734693877551,49,349,37,0.0
16615.0,535,1,291.5,15.342105263157896,19,211,19,0.0
16616.0,66,1,210.1,19.099999999999998,11,110,11,290.32
16617.0,144,1,151.85,30.369999999999997,5,91,5,0.0
16618.0,119,4,1441.29,26.690555555555555,54,771,44,1206.3
16619.0,172,4,1938.33,16.709741379310344,116,1055,103,0.0
16620.0,169,5,1675.73,18.619222222222223,90,1106,74,83.2
16621.0,56,3,609.41,27.700454545454544,22,187,17,204.07
16622.0,452,1,225.4,18.783333333333335,12,44,12,0.0
16623.0,154,4,1015.24,19.906666666666666,51,442,44,0.0
16624.0,106,1,426.43,20.306190476190476,21,196,21,384.14
16625.0,183,5,1654.03,16.707373737373736,99,1057,82,0.0
16626.0,22,7,2165.34,21.228823529411766,102,1108,74,2247.76
16628.0,15,6,1749.89,18.419894736842107,95,899,69,568.21
16629.0,4,1,227.68,4.949565217391305,46,212,46,180.95000000000002
16630.0,316,1,106.80000000000001,26.700000000000003,4,72,4,0.0
16631.0,390,7,1892.52,23.6565,80,775,46,0.0
16632.0,394,2,406.4,15.05185185185185,27,256,22,0.0
16633.0,23,3,1168.26,18.842903225806452,62,463,51,1714.84
16634.0,131,6,1649.81,19.87722891566265,83,1257,72,0.0
16635.0,315,1,473.0,18.92,25,277,25,0.0
16636.0,347,4,3802.04,52.0827397260274,73,2186,62,0.0
16637.0,32,2,530.5500000000001,16.579687500000002,32,351,29,623.92
16638.0,7,14,2250.35,17.17824427480916,131,1571,123,129.78
16639.0,115,3,961.62,18.85529411764706,51,400,48,786.36
16640.0,306,1,179.4,13.8,13,146,13,0.0
16641.0,14,2,554.5,15.402777777777779,36,454,36,0.0
16642.0,116,2,696.85,19.91,35,427,33,380.6
16643.0,154,2,923.11,16.783818181818184,55,553,48,0.0
16644.0,86,2,833.78,13.448064516129032,62,826,62,0.0
16645.0,644,1,160.39,11.456428571428571,14,117,14,0.0
16646.0,358,1,678.8,23.406896551724138,29,1072,29,0.0
16647.0,78,4,541.9,16.421212121212122,33,396,28,0.0
16648.0,364,2,382.14,21.23,18,222,18,290.65999999999997
16649.0,429,1,306.58,15.328999999999999,20,82,20,0.0
16650.0,329,6,1397.69,18.887702702702704,74,1139,53,518.42
16651.0,495,1,136.2,22.7,6,60,6,0.0
16652.0,18,14,15302.29,64.56662447257385,237,6271,111,2248.1
16654.0,50,8,1484.07,20.055,74,640,64,0.0
16655.0,40,10,4500.93,9.596865671641792,469,2608,338,1922.3300000000002
16656.0,4,26,15324.050000000001,122.59240000000001,125,13681,21,1509.12
16657.0,57,2,414.79,3.3450806451612904,124,597,111,459.64
16658.0,277,6,690.83,10.79421875,64,277,49,0.0
16659.0,98,1,39.12,19.56,2,72,2,0.0
16660.0,119,5,996.26,76.63538461538461,13,648,10,883.29
16661.0,449,4,932.76,15.044516129032258,62,364,50,0.0
16662.0,302,1,151.05,5.394642857142857,28,35,28,0.0
16663.0,638,1,165.0,165.0,1,100,1,0.0
16664.0,477,1,109.2,13.65,8,24,8,0.0
16665.0,271,1,135.4,15.044444444444444,9,59,9,0.0
16666.0,530,1,98.73,6.170625,16,121,15,118.98
16667.0,193,1,200.4,10.02,20,77,20,366.78
16668.0,25,12,822.22,16.4444,50,713,28,40.199999999999996
16670.0,14,17,7174.22,16.416979405034326,437,4130,232,855.93
16671.0,73,1,1382.88,460.96000000000004,3,656,3,309.39
16672.0,8,17,6911.84,69.11840000000001,100,2474,22,1223.1
16673.0,588,1,171.13,9.006842105263157,19,95,19,0.0
16674.0,7,1,115.1,3.487878787878788,33,61,33,189.14000000000001
16675.0,350,2,608.86,26.47217391304348,23,296,21,0.0
16676.0,122,5,1868.28,17.29888888888889,108,703,90,493.62
16677.0,320,2,880.62,18.73659574468085,47,457,45,0.0
16678.0,7,8,2137.3,18.74824561403509,114,1638,76,972.6899999999999
16679.0,275,3,663.31,36.85055555555555,18,247,15,0.0
16680.0,437,2,637.75,33.56578947368421,19,283,16,183.7
16681.0,53,5,1484.18,38.055897435897435,39,1135,19,437.65999999999997
16682.0,1,3,810.22,40.511,20,762,15,217.78
16683.0,442,1,320.25,17.791666666666668,18,190,18,0.0
16684.0,42,45,114372.71,187.80412151067324,609,79040,156,32770.06
16686.0,6,15,4321.13,4.774729281767956,905,3086,479,559.9399999999999
16687.0,299,1,157.63,19.70375,8,141,8,0.0
16690.0,110,3,213.95000000000002,17.82916666666667,12,117,7,139.07999999999998
16691.0,327,2,178.83,16.257272727272728,11,92,11,0.0
16692.0,165,4,1914.6999999999998,382.93999999999994,5,878,3,0.0
16693.0,180,4,855.03,6.577153846153846,130,505,117,324.45
16694.0,632,1,98.30000000000001,32.76666666666667,3,26,3,0.0
16695.0,470,2,191.9,5.482857142857143,35,184,30,0.0
16696.0,44,4,657.9000000000001,65.79,10,146,7,0.0
16697.0,149,1,112.75,5.369047619047619,21,27,20,0.0
16698.0,135,2,1998.0,399.6,5,840,4,0.0
16699.0,289,7,994.6,16.04193548387097,62,640,51,0.0
16700.0,30,22,7850.17,16.991709956709958,462,5860,246,980.6
16701.0,38,23,8568.85,35.55539419087137,241,9611,135,1347.8799999999999
16702.0,324,4,1110.83,12.206923076923076,91,692,84,0.0
16704.0,527,2,664.16,12.299259259259259,54,433,50,0.0
16705.0,7,32,39260.411,66.43047546531302,591,20752,358,4254.64
16706.0,7,2,411.55,3.9572115384615385,104,220,98,119.8
16707.0,309,4,533.41,8.206307692307691,65,396,64,0.0
16709.0,108,13,8010.73,29.34333333333333,273,2931,199,1045.28
16710.0,47,19,5288.44,6.488883435582822,815,3736,497,632.91
16711.0,49,7,2127.32,101.3009523809524,21,632,17,741.16
16712.0,3,10,3111.37,8.252970822281167,377,1501,217,1121.5
16713.0,24,28,11175.55,10.68408221797323,1046,6355,460,2940.01
16714.0,127,4,1497.33,13.612090909090908,110,828,95,0.0
16715.0,471,1,323.8,35.97777777777778,9,532,9,301.72
16716.0,175,3,2149.6800000000003,268.71000000000004,8,912,7,0.0
16717.0,4,12,4380.26,18.100247933884297,242,2041,190,2283.42
16718.0,278,5,3006.08,16.983502824858757,177,1924,123,0.0
16719.0,57,12,3027.28,9.0637125748503,334,1918,186,486.34
16720.0,285,2,605.79,5.267739130434783,115,280,107,152.95
16721.0,170,1,292.47,7.904594594594595,37,172,37,0.0
16722.0,8,19,7115.33,22.16613707165109,321,6709,140,1074.23
16723.0,0,4,1231.36,9.93032258064516,124,958,108,0.0
16724.0,313,1,147.35,8.66764705882353,17,69,17,0.0
16725.0,210,14,1688.26,4.85132183908046,348,700,242,0.0
16726.0,105,6,1482.3,8.189502762430939,181,890,117,581.58
16727.0,273,4,1377.77,6.7208292682926825,205,1066,158,0.0
16728.0,75,3,548.31,3.8613380281690137,142,320,113,499.96999999999997
16729.0,7,17,5343.2699999999995,12.17145785876993,439,3989,140,1862.06
16730.0,143,2,480.94,12.998378378378378,37,750,35,262.17
16731.0,557,1,170.3,4.0547619047619055,42,124,40,0.0
16732.0,312,3,3783.89,19.605647668393782,193,2097,177,603.75
16733.0,438,1,259.68,21.64,12,112,12,0.0
16734.0,23,2,302.41,9.4503125,32,108,27,344.35
16735.0,7,13,5911.15,21.3398916967509,277,4034,163,306.26
16736.0,414,5,2956.56,20.675244755244755,143,1050,116,0.0
16737.0,486,1,417.59999999999997,417.59999999999997,1,288,1,417.59999999999997
16738.0,206,1,3.75,3.75,1,3,1,0.0
16739.0,85,2,786.43,20.695526315789472,38,391,33,0.0
16740.0,304,1,226.91,7.0909375,32,110,30,0.0
16741.0,534,1,173.06,15.732727272727272,11,81,11,0.0
16742.0,401,13,2334.97,22.669611650485436,103,2557,50,464.9
16743.0,21,13,3859.92,11.123688760806917,347,3338,111,352.23
16744.0,5,3,399.11,4.2915053763440865,93,240,74,892.8
16745.0,7,16,6359.1,19.153915662650604,332,5771,144,821.6
16746.0,9,36,15770.17,18.444643274853803,855,9815,338,2276.58
16748.0,126,12,3031.63,23.32023076923077,130,1739,48,605.7
16749.0,500,2,4157.88,57.748333333333335,72,1910,53,0.0
16750.0,30,3,416.12,8.853617021276596,47,138,44,207.81
16752.0,281,1,207.5,23.055555555555557,9,54,9,0.0
16754.0,280,29,65500.07,467.8576428571429,140,63551,38,0.0
16755.0,23,7,2864.68,8.980188087774295,319,1985,219,0.0
16756.0,123,7,1312.3700000000001,16.61227848101266,79,707,64,0.0
16757.0,227,2,270.48,18.032,15,180,13,0.0
16760.0,338,1,228.0,13.411764705882353,17,168,17,0.0
16761.0,5,1,316.62,24.355384615384615,13,341,13,0.0
16762.0,53,1,314.15,24.165384615384614,13,143,13,893.09
16763.0,107,2,964.6999999999999,21.924999999999997,44,492,44,0.0
16764.0,7,4,782.5500000000001,3.992602040816327,196,363,110,2008.4
16765.0,203,2,454.75,8.745192307692308,52,311,52,0.0
16766.0,182,2,1145.6,33.69411764705882,34,536,17,0.0
16767.0,2,11,7301.66,25.441324041811846,287,6592,198,755.1
16768.0,12,8,1506.97,10.046466666666667,150,666,103,191.6
16769.0,169,4,1117.05,11.515979381443298,97,295,76,0.0
16770.0,145,8,1671.21,5.58933110367893,299,961,174,107.72
16771.0,184,8,3358.7400000000002,10.208936170212766,329,1871,262,590.86
16772.0,332,3,3698.05,54.38308823529412,68,687,54,0.0
16773.0,345,2,249.65,6.401282051282052,39,81,34,171.59
16774.0,25,7,1448.16,12.592695652173914,115,678,75,119.32
16775.0,31,13,2303.88,11.293529411764707,204,801,114,516.96
16776.0,324,1,220.97,4.017636363636363,55,181,48,371.54
16777.0,166,4,1243.08,9.48916030534351,131,456,118,49.1
16778.0,183,1,93.18,18.636000000000003,5,66,5,152.76
16779.0,15,46,28574.04,30.39791489361702,940,17700,279,4234.99
16780.0,8,3,596.4,6.2124999999999995,96,352,73,0.0
16781.0,281,2,623.0,15.974358974358974,39,192,36,0.0
16782.0,47,34,8998.57,5.450375529981829,1651,3823,566,637.5500000000001
16783.0,345,1,391.95,15.677999999999999,25,163,25,0.0
16784.0,285,4,784.73,5.062774193548387,155,470,137,107.6
16785.0,318,1,533.78,15.250857142857143,35,313,35,0.0
16786.0,302,1,51.839999999999996,51.839999999999996,1,72,1,0.0
16787.0,306,4,1017.53,9.085089285714286,112,472,102,0.0
16788.0,32,5,1928.93,4.035418410041841,478,965,348,0.0
16791.0,31,13,3043.72,5.933177387914229,513,1432,317,913.91
16792.0,191,5,623.46,6.1123529411764705,102,324,90,0.0
16794.0,17,9,1463.25,3.912433155080214,374,1270,210,589.45
16795.0,274,3,2062.41,6.138125,336,1214,306,0.0
16797.0,301,5,1802.02,4.527688442211055,398,898,289,0.0
16798.0,462,3,841.16,4.977278106508876,169,205,141,0.0
16799.0,341,2,452.78000000000003,4.921521739130435,92,162,81,0.0
16801.0,72,4,1594.23,21.2564,75,493,72,0.0
16802.0,588,2,582.61,10.992641509433962,53,369,48,0.0
16804.0,179,1,118.05,6.213157894736842,19,34,19,418.94
16805.0,82,5,1091.34,4.38289156626506,249,1120,213,0.0
16806.0,12,4,762.16,8.195268817204301,93,356,68,0.0
16807.0,51,6,2123.88,14.956901408450705,142,1433,107,0.0
16808.0,7,2,288.42,12.540000000000001,23,196,21,0.0
16809.0,45,7,1283.43,6.385223880597016,201,812,99,444.0
16810.0,101,2,842.0400000000001,24.76588235294118,34,372,34,0.0
16812.0,269,4,2392.0,20.8,115,1116,98,0.0
16813.0,5,7,1146.84,3.443963963963964,333,1163,200,505.34
16814.0,17,31,10639.84,14.943595505617978,712,4276,237,1285.01
16815.0,362,2,406.02,5.561917808219178,73,237,66,0.0
16816.0,12,4,417.06,14.895,28,274,28,0.0
16817.0,94,11,2135.38,18.568521739130436,115,1153,90,425.32
16818.0,2,9,2528.47,17.80612676056338,142,1582,132,821.1
16819.0,373,2,182.59,10.740588235294117,17,253,17,0.0
16820.0,4,1,497.61,19.138846153846153,26,307,26,0.0
16821.0,290,1,113.35,16.192857142857143,7,13,7,0.0
16822.0,595,1,181.39,16.49,11,171,11,0.0
16823.0,136,7,2243.09,12.965838150289018,173,1166,149,0.0
16824.0,73,2,448.5,17.25,26,288,24,237.74
16825.0,94,4,1370.41,29.157659574468088,47,1089,35,456.48
16827.0,302,5,392.13,32.6775,12,125,10,0.0
16828.0,2,2,128.5,16.0625,8,59,8,0.0
16829.0,65,2,513.32,19.011851851851855,27,215,25,0.0
16830.0,351,3,881.59,16.95365384615385,52,435,47,325.91
16831.0,473,1,91.8,15.299999999999999,6,48,6,0.0
16832.0,93,5,417.61,19.886190476190478,21,179,19,0.0
16833.0,168,5,1973.8,25.633766233766234,77,744,74,435.24
16834.0,136,2,898.96,18.728333333333335,48,760,43,0.0
16835.0,37,6,1456.66,17.764146341463416,82,496,58,0.0
16836.0,25,3,621.82,18.843030303030304,33,458,33,160.55
16837.0,66,9,1911.74,21.241555555555557,90,727,77,1259.24
16838.0,106,4,1159.61,19.654406779661016,59,509,53,0.0
16839.0,18,32,16033.18,58.51525547445256,274,8044,119,5725.07
16840.0,512,2,139.85,15.538888888888888,9,117,9,0.0
16841.0,46,11,3697.3,18.303465346534654,202,3106,175,308.76
16842.0,9,3,1264.19,20.066507936507936,63,693,45,0.0
16843.0,2,32,18184.1,33.86238361266294,537,17377,283,1387.33
16844.0,471,2,614.34,19.198125,32,281,26,0.0
16845.0,527,1,253.88,12.693999999999999,20,167,20,0.0
16846.0,486,2,628.09,17.446944444444444,36,382,36,214.32
16847.0,527,1,421.45000000000005,16.858,25,177,25,193.44
16848.0,285,3,1130.2,15.918309859154931,71,598,64,281.42
16849.0,95,1,124.57,15.57125,8,33,8,0.0
16850.0,242,1,332.41,17.495263157894737,19,249,19,0.0
16852.0,85,1,113.06,16.15142857142857,7,51,7,31.85
16854.0,325,2,1408.96,18.786133333333336,75,997,72,0.0
16856.0,326,2,323.09000000000003,19.00529411764706,17,159,15,35.400000000000006
16857.0,351,1,352.8,32.07272727272727,11,168,11,0.0
16858.0,277,10,4292.59,34.068174603174604,126,1423,75,0.0
16859.0,53,7,1932.41,17.567363636363638,110,1899,87,0.0
16860.0,361,3,1610.62,37.45627906976744,43,625,35,0.0
16861.0,67,4,843.63,18.747333333333334,45,500,38,102.96
16862.0,456,4,662.33,18.923714285714286,35,513,34,0.0
16863.0,275,2,495.72,16.524,30,336,27,338.55
16864.0,342,2,409.25,24.073529411764707,17,283,17,0.0
16865.0,310,1,130.95,8.184375,16,157,15,0.0
16866.0,49,3,207.73999999999998,18.885454545454543,11,60,10,0.0
16867.0,598,1,76.74000000000001,12.790000000000001,6,58,6,0.0
16868.0,303,3,384.56,7.6912,50,112,47,0.0
16869.0,74,2,387.68,6.80140350877193,57,242,56,429.44
16870.0,378,1,450.15999999999997,16.077142857142857,28,278,28,0.0
16871.0,119,4,2037.82,19.224716981132076,106,861,104,774.5200000000001
16872.0,14,5,997.7900000000001,66.51933333333334,15,933,10,215.34000000000003
16873.0,36,10,11365.24,29.596979166666667,384,6816,174,3252.15
16874.0,288,1,209.89000000000001,6.770645161290323,31,78,31,0.0
16875.0,53,10,3277.2,18.515254237288133,177,1518,123,957.33
16876.0,312,1,136.01,4.2503125,32,181,32,0.0
16877.0,60,2,188.98,3.7796,50,104,46,657.64
16880.0,8,7,1414.9,9.625170068027211,147,763,101,398.31
16882.0,148,2,215.70000000000002,14.38,15,102,15,489.41999999999996
16883.0,96,19,2246.06,8.412209737827714,267,1016,159,0.0
16884.0,465,2,641.13,13.356875,48,200,39,429.84000000000003
16885.0,265,2,412.14,6.060882352941176,68,215,66,272.46
16886.0,365,1,134.0,16.75,8,48,8,0.0
16887.0,309,2,465.84,7.166769230769231,65,267,65,192.32999999999998
16888.0,309,3,434.2,8.35,52,145,44,0.0
16889.0,103,6,2526.65,11.643548387096775,217,1611,163,0.0
16890.0,385,3,285.41,15.021578947368422,19,243,17,0.0
16891.0,4,9,1501.3,4.265056818181818,352,565,286,226.64000000000001
16892.0,92,3,339.54,5.659000000000001,60,208,57,415.21
16893.0,275,2,249.89000000000001,2.8722988505747127,87,117,80,0.0
16894.0,411,3,1306.96,6.989090909090909,187,503,186,0.0
16895.0,347,4,900.63,8.917128712871287,101,330,82,202.27
16896.0,464,1,103.95,5.775,18,18,18,0.0
16897.0,208,2,289.78000000000003,7.8318918918918925,37,73,37,0.0
16898.0,86,4,697.95,3.6163212435233163,193,527,174,187.26
16899.0,58,5,934.89,7.922796610169492,118,516,88,760.88
16901.0,637,1,204.26,8.880869565217392,23,42,23,0.0
16902.0,25,1,1706.88,38.79272727272728,44,629,43,0.0
16903.0,289,2,678.55,5.38531746031746,126,470,107,363.2
16904.0,3,19,3970.16,4.993911949685534,795,2225,437,705.2
16905.0,145,13,2491.35,14.07542372881356,177,792,106,2215.42
16906.0,95,6,1244.32,7.406666666666666,168,510,141,166.6
16907.0,56,8,1201.12,6.747865168539326,178,382,94,269.77
16908.0,631,1,252.59,12.6295,20,61,20,0.0
16910.0,0,1,111.78,2.1496153846153847,52,93,52,1397.18
16911.0,544,2,255.25,7.292857142857143,35,161,30,0.0
16912.0,43,11,3443.51,25.697835820895524,134,1249,102,1017.0
16913.0,199,3,423.90999999999997,23.550555555555555,18,229,18,0.0
16915.0,36,9,1303.89,27.164375000000003,48,117,37,239.29000000000002
16916.0,281,3,536.04,4.54271186440678,118,320,100,365.98
16917.0,185,2,1851.88,37.037600000000005,50,792,45,0.0
16918.0,4,13,2960.42,7.048619047619048,420,1907,261,246.12
16919.0,65,24,4909.66,7.996188925081433,614,2333,230,0.0
16920.0,320,1,355.45,15.454347826086956,23,81,23,0.0
16921.0,351,2,255.03,7.7281818181818185,33,121,28,154.18
16922.0,481,1,611.08,5.008852459016394,122,281,122,0.0
16923.0,8,27,10851.99,12.69238596491228,855,5004,348,2305.14
16925.0,449,1,125.64999999999999,6.980555555555555,18,123,18,0.0
16926.0,280,5,1169.61,12.183437499999998,96,197,63,0.0
16927.0,24,3,543.05,90.50833333333333,6,993,5,0.0
16928.0,3,27,3453.48,11.667162162162162,296,2246,132,444.04999999999995
16929.0,36,2,428.88,15.317142857142857,28,326,23,866.51
16931.0,12,16,3374.68,5.1209104704097115,659,2190,365,1657.54
16932.0,332,2,262.32,3.0861176470588236,85,135,77,150.23
16933.0,148,8,2760.8,10.70077519379845,258,1372,193,338.5
16934.0,292,4,1152.11,14.401374999999998,80,539,77,931.03
16935.0,290,3,530.86,7.693623188405797,69,273,55,0.0
16936.0,294,1,286.39,3.450481927710843,83,168,81,261.9
16937.0,407,1,196.25,4.005102040816326,49,123,49,0.0
16938.0,88,8,6669.7300000000005,8.30601494396015,803,4826,541,325.63
16939.0,397,3,433.85,10.581707317073171,41,229,38,0.0
16940.0,78,7,5246.14,10.286549019607843,510,3570,309,1181.52
16941.0,520,1,33.0,16.5,2,12,2,0.0
16942.0,45,7,1439.44,7.41979381443299,194,593,115,465.55
16943.0,120,5,1299.49,37.12828571428572,35,147,24,0.0
16944.0,518,1,101.36,14.48,7,27,7,0.0
16945.0,7,27,7209.72,18.0243,400,5085,208,1338.44
16946.0,292,5,1222.04,16.293866666666666,75,509,69,0.0
16947.0,144,5,955.21,18.022830188679247,53,655,50,0.0
16948.0,47,7,868.77,20.203953488372093,43,2091,20,0.0
16949.0,94,4,893.75,27.9296875,32,386,32,392.52
16950.0,33,9,3141.62,24.353643410852712,129,2125,101,400.15
16951.0,43,3,1277.75,14.857558139534884,86,1318,73,0.0
16952.0,18,5,795.83,9.147471264367816,87,343,76,0.0
16954.0,33,15,5242.18,27.303020833333335,192,3776,81,839.7
16955.0,93,6,1120.31,22.4062,50,723,33,0.0
16957.0,148,2,416.64,26.04,16,172,15,0.0
16958.0,344,1,778.49,11.121285714285714,70,514,69,0.0
16960.0,161,6,1685.3600000000001,4.288447837150128,393,1283,301,305.52
16961.0,25,3,794.56,15.28,52,482,52,0.0
16962.0,318,1,251.04,16.736,15,158,15,0.0
16963.0,96,1,110.55000000000001,15.792857142857144,7,35,7,0.0
16964.0,642,2,207.85,34.641666666666666,6,49,6,0.0
16965.0,135,1,201.19,7.738076923076923,26,291,26,0.0
16966.0,79,4,1486.56,67.57090909090908,22,1320,8,668.41
16967.0,98,1,319.02,15.19142857142857,21,333,21,0.0
16968.0,16,1,253.31,16.887333333333334,15,98,15,186.12
16969.0,43,2,478.96000000000004,14.967500000000001,32,740,32,171.45
16970.0,535,1,71.4,35.7,2,12,2,0.0
16972.0,291,2,749.0,9.134146341463415,82,183,54,0.0
16973.0,295,1,127.0,21.166666666666668,6,60,6,0.0
16974.0,431,2,365.5,45.6875,8,70,5,0.0
16975.0,331,3,926.12,20.580444444444446,45,586,44,0.0
16976.0,175,1,251.51999999999998,125.75999999999999,2,88,2,0.0
16977.0,304,4,496.0,17.714285714285715,28,142,25,0.0
16978.0,574,2,424.55,15.1625,28,119,28,344.33
16979.0,56,5,1563.39,26.49813559322034,59,721,44,1296.35
16980.0,163,3,1422.8300000000002,13.422924528301888,106,990,91,0.0
16983.0,5,9,2770.01,14.427135416666667,192,1711,133,720.52
16984.0,38,8,9104.2,9.623890063424948,946,4341,588,1246.33
16985.0,66,20,9037.58,44.96308457711443,201,2558,119,1885.58
16986.0,354,9,3015.55,17.634795321637426,171,1499,64,1873.2
16987.0,78,7,1534.05,8.766,175,373,124,987.35
16988.0,288,1,256.55,19.734615384615385,13,115,13,126.12
16989.0,7,2,890.7,111.3375,8,1086,7,242.54999999999998
16990.0,127,2,344.0,172.0,2,200,1,0.0
16991.0,330,1,1041.21,14.070405405405406,74,793,74,0.0
16992.0,7,11,4834.54,19.18468253968254,252,1831,196,641.96
16993.0,372,2,1950.9499999999998,69.67678571428571,28,285,19,0.0
16996.0,30,8,1708.43,26.69421875,64,765,30,415.18
16997.0,196,3,702.0,58.5,12,360,7,0.0
16998.0,58,5,402.0,67.0,6,104,2,0.0
17000.0,305,2,406.3,13.543333333333333,30,305,26,0.0
17001.0,0,16,5444.72,23.880350877192985,228,3184,95,1196.0800000000002
17002.0,124,6,2071.34,31.866769230769233,65,1008,48,500.21
17003.0,311,4,828.21,7.461351351351352,111,494,90,0.0
17004.0,1,3,1917.82,37.604313725490194,51,1016,39,406.54
17005.0,379,2,622.36,34.57555555555555,18,691,14,0.0
17006.0,301,4,853.49,10.041058823529411,85,300,77,781.78
17007.0,63,6,805.61,16.783541666666668,48,466,47,314.49
17008.0,338,1,81.36,81.36,1,24,1,0.0
17009.0,459,1,242.06,22.005454545454544,11,336,10,0.0
17011.0,556,2,400.8,30.83076923076923,13,606,12,270.9
17012.0,633,1,360.61,10.016944444444444,36,251,34,0.0
17015.0,94,1,520.55,4.411440677966102,118,546,116,1318.06
17016.0,485,1,552.4,13.473170731707317,41,309,41,0.0
17017.0,71,23,9314.01,30.045193548387097,310,7035,113,3262.98
17018.0,234,5,1772.6,65.65185185185184,27,340,18,515.1
17019.0,170,10,3340.14,5.829214659685864,573,2234,308,262.15
17020.0,451,2,935.62,13.559710144927536,69,860,64,0.0
17021.0,350,6,1182.22,24.629583333333333,48,992,35,0.0
17022.0,341,1,189.0,21.0,9,72,9,71.0
17023.0,326,3,800.18,16.33020408163265,49,530,48,0.0
17024.0,8,2,56.25,28.125,2,45,1,39.599999999999994
17025.0,282,4,1152.8700000000001,34.93545454545455,33,789,28,196.8
17026.0,94,3,175.82999999999998,35.166,5,107,4,0.0
17027.0,88,7,1078.3,7.001948051948052,154,513,111,232.33
17028.0,490,3,1593.83,16.777157894736842,95,856,85,0.0
17029.0,19,7,2137.3,73.7,29,1265,19,0.0
17031.0,63,5,2619.45,63.8890243902439,41,1485,28,154.4
17032.0,456,8,2984.32,12.592067510548524,237,1667,183,0.0
17033.0,122,3,910.75,35.02884615384615,26,311,22,422.03999999999996
17034.0,196,3,672.7,19.78529411764706,34,382,31,603.72
17035.0,154,4,613.59,18.593636363636364,33,327,29,0.0
17036.0,292,1,176.9,14.741666666666667,12,76,12,0.0
17038.0,323,1,630.77,15.384634146341464,41,507,41,112.4
17039.0,513,1,1954.99,44.43159090909091,44,689,44,0.0
17040.0,46,2,463.25,28.953125,16,189,15,0.0
17041.0,17,5,1334.6,12.957281553398058,103,915,80,320.59999999999997
17042.0,30,4,915.02,10.397954545454546,88,888,69,121.56
17043.0,87,6,1183.44,9.543870967741936,124,975,111,1410.21
17044.0,283,11,11013.82,77.01972027972027,143,5218,91,948.48
17045.0,21,5,827.6800000000001,15.616603773584908,53,294,44,0.0
17046.0,66,5,1906.07,22.42435294117647,85,1636,76,0.0
17047.0,113,5,1937.76,16.148,120,1003,98,351.47
17048.0,26,7,2071.68,20.51168316831683,101,1068,88,0.0
17049.0,26,15,6894.150000000001,18.335505319148936,376,2683,238,3048.38
17050.0,5,11,4648.59,13.31974212034384,349,2432,193,0.0
17051.0,103,4,706.49,4.558,155,507,107,0.0
17053.0,39,1,498.48,38.34461538461539,13,122,13,0.0
17054.0,46,4,1207.32,16.5386301369863,73,739,58,149.01
17055.0,354,1,232.85000000000002,8.955769230769231,26,83,24,0.0
17056.0,647,1,128.6,16.075,8,26,8,0.0
17057.0,504,1,294.74,5.8948,50,129,48,0.0
17058.0,108,2,819.66,16.727755102040817,49,455,42,360.23
17059.0,19,8,4021.28,6.993530434782609,575,2536,292,843.29
17060.0,175,1,234.24,46.848,5,216,5,0.0
17061.0,19,10,4658.83,58.97253164556962,79,1408,48,573.4
17062.0,222,6,889.75,7.353305785123967,121,644,82,0.0
17063.0,72,10,2849.26,17.268242424242427,165,1438,120,789.27
17064.0,91,2,457.40000000000003,10.89047619047619,42,187,36,398.05
17065.0,546,2,194.7,16.224999999999998,12,82,6,0.0
17066.0,635,1,228.34,12.685555555555556,18,93,17,0.0
17067.0,633,3,454.53999999999996,34.964615384615385,13,322,8,0.0
17068.0,3,42,7974.83,8.649490238611714,922,3835,228,1012.85
17069.0,64,10,4303.32,19.560545454545455,220,2436,165,1213.91
17070.0,22,2,437.42,4.2467961165048544,103,232,102,0.0
17071.0,42,10,2767.1,17.40314465408805,159,1359,107,1026.6100000000001
17072.0,533,1,273.35,13.016666666666667,21,212,20,0.0
17073.0,18,1,453.79,8.103392857142858,56,307,56,992.3
17074.0,471,1,203.05,50.7625,4,19,4,0.0
17075.0,162,9,2098.58,11.40532608695652,184,734,140,138.05
17076.0,182,5,735.87,18.86846153846154,39,331,27,506.88
17077.0,486,1,306.0,306.0,1,36,1,0.0
17080.0,178,6,746.23,28.701153846153847,26,475,19,211.29999999999998
17081.0,304,4,660.48,4.586666666666667,144,304,121,288.91
17082.0,227,5,3365.12,29.779823008849558,113,1793,74,1366.91
17083.0,18,9,4049.79,35.2155652173913,115,1955,30,0.0
17084.0,305,1,2253.22,17.06984848484848,132,1476,132,2747.99
17085.0,32,28,7847.67,7.951033434650456,987,3583,411,0.0
17087.0,646,1,221.53,18.460833333333333,12,113,12,0.0
17088.0,91,2,1399.1100000000001,18.17025974025974,77,525,72,591.9
17089.0,295,1,128.45,32.1125,4,35,4,0.0
17090.0,7,10,1917.3,40.793617021276596,47,802,23,1162.88
17091.0,7,17,6359.99,15.550097799511002,409,3276,233,1135.76
17092.0,34,9,4366.7,13.731761006289307,318,3028,224,1144.71
17093.0,501,1,235.88,18.144615384615385,13,114,13,0.0
17094.0,231,2,402.20000000000005,22.34444444444445,18,212,18,0.0
17095.0,208,6,1792.05,18.474742268041236,97,1311,83,780.1999999999999
17096.0,51,9,3119.7400000000002,17.33188888888889,180,1398,142,578.19
17097.0,9,7,828.47,4.5271584699453555,183,373,136,314.89
17098.0,290,3,591.0699999999999,32.837222222222216,18,125,10,0.0
17099.0,441,1,582.17,14.55425,40,317,40,0.0
17101.0,87,4,1115.9,23.24791666666667,48,518,44,1391.15
17102.0,170,1,25.5,25.5,1,2,1,0.0
17103.0,631,1,424.3,13.259375,32,471,32,0.0
17104.0,332,1,474.03,24.948947368421052,19,149,19,0.0
17105.0,68,2,665.78,7.397555555555555,90,693,80,0.0
17106.0,298,1,481.58000000000004,9.442745098039216,51,153,51,0.0
17107.0,63,7,11587.85,23.843312757201648,486,5135,305,4464.87
17108.0,572,1,174.95,19.438888888888886,9,31,9,0.0
17109.0,141,4,875.01,11.51328947368421,76,448,70,416.7
17110.0,74,3,499.9,10.20204081632653,49,136,38,0.0
17111.0,334,1,227.97,11.99842105263158,19,299,19,231.61
17112.0,411,1,197.57,4.203617021276596,47,130,44,0.0
17113.0,483,6,2305.59,14.592341772151899,158,913,122,0.0
17114.0,47,6,601.94,6.840227272727273,88,156,66,199.18
17115.0,91,6,2536.81,22.449646017699113,113,773,98,224.68
17116.0,556,1,389.78,8.293191489361702,47,392,47,0.0
17117.0,197,1,116.2,12.911111111111111,9,68,9,0.0
17118.0,226,1,157.01999999999998,15.701999999999998,10,154,10,0.0
17120.0,142,1,307.46,17.08111111111111,18,120,18,0.0
17121.0,311,1,314.74,26.228333333333335,12,106,12,0.0
17122.0,28,4,570.5,19.016666666666666,30,368,23,0.0
17123.0,70,3,977.17,22.724883720930233,43,676,37,0.0
17124.0,94,1,294.24,9.491612903225807,31,129,31,0.0
17126.0,61,9,2016.43,4.531303370786517,445,1426,295,0.0
17127.0,337,5,1155.03,31.217027027027026,37,340,27,0.0
17128.0,243,1,157.09,11.220714285714285,14,76,14,0.0
17129.0,429,1,31.85,15.925,2,5,2,0.0
17132.0,360,2,1220.9099999999999,17.195915492957745,71,963,62,0.0
17133.0,99,8,12208.880000000001,283.92744186046514,43,8502,21,2413.4500000000003
17134.0,15,3,625.3,17.369444444444444,36,144,31,0.0
17135.0,198,5,1083.0,9.669642857142858,112,882,85,639.18
17136.0,571,1,231.68,16.548571428571428,14,256,14,0.0
17137.0,325,6,1099.81,6.585688622754491,167,680,125,0.0
17138.0,184,7,4417.27,17.2549609375,256,2024,234,0.0
17139.0,31,20,15767.81,25.555607779578605,617,7877,367,3798.95
17140.0,156,1,454.12,25.22888888888889,18,296,16,0.0
17141.0,327,4,727.58,4.491234567901235,162,423,138,0.0
17142.0,147,4,1275.25,14.32865168539326,89,322,78,0.0
17143.0,326,2,880.97,7.865803571428572,112,314,82,0.0
17145.0,421,4,3120.91,17.33838888888889,180,2591,168,0.0
17146.0,14,13,5852.64,19.443986710963458,301,2188,164,0.0
17147.0,115,7,2458.47,24.34128712871287,101,943,74,741.48
17149.0,360,1,143.10000000000002,23.850000000000005,6,18,6,0.0
17150.0,285,6,1357.95,14.760326086956523,92,397,64,0.0
17151.0,644,1,231.90000000000003,57.97500000000001,4,42,4,0.0
17152.0,103,4,2016.5,126.03125,16,577,9,0.0
17155.0,86,6,784.0600000000001,12.646129032258065,62,899,33,108.39999999999998
17156.0,400,1,591.87,15.176153846153847,39,391,39,0.0
17157.0,85,18,4994.36,36.72323529411764,136,2022,75,157.54
17158.0,141,4,1411.58,16.606823529411763,85,830,61,568.42
17159.0,80,3,1089.16,18.46033898305085,59,542,51,1010.4300000000001
17160.0,18,16,9692.31,15.811272430668842,613,7951,196,516.85
17161.0,352,1,856.01,16.46173076923077,52,537,52,0.0
17162.0,39,9,1463.66,16.44561797752809,89,865,75,251.8
17163.0,354,2,406.68,16.2672,25,465,24,293.1
17164.0,60,3,1270.42,16.49896103896104,77,802,53,1196.93
17165.0,192,6,1794.32,17.9432,100,788,77,0.0
17166.0,112,1,127.59,12.759,10,57,10,78.75
17167.0,288,3,867.11,10.97607594936709,79,429,64,0.0
17168.0,407,1,400.2,19.057142857142857,21,220,21,0.0
17169.0,92,2,629.63,16.144358974358973,39,247,31,527.1
17170.0,282,2,178.68,17.868000000000002,10,152,8,0.0
17171.0,197,2,384.59,15.3836,25,225,25,0.0
17172.0,339,2,638.8100000000001,26.617083333333337,24,735,24,317.76
17173.0,25,2,961.26,38.4504,25,238,13,2805.34
17174.0,126,1,59.9,14.975,4,41,4,0.0
17175.0,49,3,1132.6299999999999,20.225535714285712,56,644,42,311.06
17176.0,110,3,902.3199999999999,21.483809523809523,42,576,37,0.0
17177.0,414,1,119.5,4.120689655172414,29,40,29,0.0
17178.0,639,1,432.96,13.966451612903224,31,100,31,0.0
17179.0,86,6,1507.26,9.539620253164557,158,625,75,0.0
17180.0,149,10,2005.6,5.435230352303523,369,1655,179,231.17
17181.0,282,2,225.45000000000002,32.20714285714286,7,243,7,84.39999999999999
17182.0,331,2,321.3,53.550000000000004,6,54,4,0.0
17183.0,14,1,329.67,36.63,9,141,9,3017.6400000000003
17184.0,478,2,198.41000000000003,14.172142857142859,14,73,14,0.0
17185.0,500,3,229.46,5.215,44,119,38,0.0
17187.0,135,2,467.71,20.335217391304347,23,426,21,0.0
17188.0,73,11,3933.79,27.31798611111111,144,2212,119,659.14
17189.0,14,5,953.63,7.946916666666667,120,601,101,0.0
17190.0,116,6,1476.83,8.586220930232559,172,2058,144,249.74
17191.0,3,14,3778.17,8.547895927601811,442,1901,238,532.17
17192.0,444,1,75.28,3.7640000000000002,20,45,20,0.0
17193.0,85,4,1059.3,52.964999999999996,20,558,16,1250.74
17194.0,182,3,812.5,13.319672131147541,61,420,57,0.0
17195.0,564,1,562.98,18.160645161290322,31,486,31,0.0
17196.0,336,1,327.75,3.524193548387097,93,154,84,0.0
17198.0,274,2,521.66,6.774805194805195,77,242,73,170.56
17199.0,491,1,135.04000000000002,16.880000000000003,8,232,8,0.0
17200.0,296,4,356.71,14.2684,25,367,25,0.0
17201.0,432,3,853.3199999999999,6.41593984962406,133,773,119,289.78
17202.0,329,1,160.65,20.08125,8,55,8,0.0
17203.0,297,4,2004.01,17.734601769911503,113,1751,84,3560.08
17204.0,84,9,5504.6900000000005,31.09994350282486,177,2651,110,0.0
17205.0,324,2,615.27,27.96681818181818,22,1330,18,384.08
17207.0,560,1,292.62,4.877,60,233,55,0.0
17208.0,304,1,111.15,4.8326086956521745,23,101,21,0.0
17209.0,557,3,595.7,15.676315789473685,38,723,36,0.0
17210.0,301,1,251.72,4.749433962264151,53,242,47,0.0
17211.0,89,11,2921.02,10.66065693430657,274,1611,176,852.33
17212.0,161,3,794.41,27.393448275862067,29,727,29,0.0
17213.0,50,11,3868.1800000000003,18.59701923076923,208,1669,113,1001.22
17214.0,157,4,611.97,9.133880597014926,67,177,56,447.15000000000003
17215.0,373,1,186.15,16.922727272727272,11,104,11,0.0
17216.0,463,1,63.6,4.892307692307693,13,21,13,0.0
17217.0,142,2,210.10000000000002,7.7814814814814826,27,93,27,0.0
17218.0,122,13,2883.0,8.580357142857142,336,1505,193,1008.39
17219.0,325,1,144.9,5.796,25,99,24,114.23
17220.0,7,17,3557.84,6.75111954459203,527,2107,347,899.47
17221.0,500,3,642.14,10.357096774193549,62,426,58,334.48
17222.0,386,5,1250.8600000000001,14.716000000000001,85,735,71,328.65
17223.0,218,3,558.04,8.087536231884057,69,155,62,0.0
17224.0,410,1,100.86,12.6075,8,65,8,0.0
17225.0,490,1,131.15,26.23,5,36,5,0.0
17226.0,217,3,895.47,15.177457627118644,59,853,51,0.0
17227.0,81,9,1413.36,15.880449438202247,89,1236,50,465.57
17228.0,116,9,1601.52,7.96776119402985,201,1433,132,1218.51
17229.0,5,2,318.76,6.782127659574468,47,185,39,0.0
17230.0,172,18,9388.49,43.264930875576034,217,3753,141,0.0
17231.0,34,22,5845.9,5.8052631578947365,1007,2990,445,1218.9
17233.0,357,2,369.98,11.211515151515153,33,167,32,190.88
17234.0,91,1,149.89000000000001,10.706428571428573,14,55,14,0.0
17235.0,281,7,1354.82,19.35457142857143,70,747,41,208.16
17236.0,88,11,1710.86,13.578253968253968,126,730,97,218.4
17237.0,284,2,679.44,11.324000000000002,60,309,58,314.69
17238.0,45,26,5556.14,6.05244008714597,918,2646,418,1775.53
17239.0,221,4,1189.45,37.1703125,32,515,18,0.0
17240.0,505,1,130.6,18.657142857142855,7,108,7,0.0
17241.0,294,12,2736.64,16.097882352941177,170,859,116,0.0
17242.0,17,5,2889.28,34.396190476190476,84,1459,44,0.0
17243.0,1,59,15995.89,17.274179265658745,926,6107,321,4207.69
17244.0,292,4,871.14,9.78808988764045,89,803,85,954.9
17245.0,113,2,371.63,14.8652,25,307,24,0.0
17246.0,455,2,38.92,6.486666666666667,6,36,6,0.0
17248.0,29,2,500.54,4.812884615384616,104,276,85,0.0
17249.0,337,1,68.03,2.51962962962963,27,79,27,0.0
17250.0,169,1,162.65,7.071739130434783,23,70,23,219.32
17251.0,271,3,798.98,10.243333333333334,78,377,65,0.0
17252.0,25,2,348.91,4.057093023255814,86,192,86,0.0
17254.0,310,1,198.29,5.508055555555555,36,146,36,271.19
17255.0,208,3,598.48,4.127448275862069,145,429,131,183.22
17256.0,16,5,498.93,16.094516129032257,31,299,20,0.0
17257.0,345,2,189.78,13.555714285714286,14,187,14,0.0
17258.0,305,2,417.3,7.587272727272728,55,188,46,0.0
17259.0,57,6,1452.39,6.314739130434783,230,844,179,0.0
17260.0,320,1,120.95,20.158333333333335,6,23,6,0.0
17261.0,418,1,221.59,5.153255813953488,43,95,43,0.0
17262.0,135,10,2190.76,128.86823529411765,17,595,10,298.0
17263.0,117,1,63.44,2.758260869565217,23,36,23,0.0
17264.0,333,1,268.28,3.625405405405405,74,217,70,0.0
17265.0,47,2,550.01,4.50827868852459,122,389,106,0.0
17266.0,56,3,318.2,5.050793650793651,63,117,56,183.52
17267.0,35,2,317.2,8.572972972972973,37,158,37,0.0
17268.0,16,11,1733.8899999999999,57.79633333333333,30,1395,26,0.0
17269.0,294,1,491.81,3.93448,125,314,110,0.0
17270.0,378,2,601.4499999999999,12.530208333333333,48,420,45,0.0
17271.0,645,1,204.3,4.2562500000000005,48,113,46,0.0
17272.0,108,2,1409.44,17.84101265822785,79,1161,59,739.1899999999999
17273.0,332,1,141.12,11.76,12,133,12,0.0
17274.0,304,1,465.4,8.95,52,194,52,107.82
17275.0,292,1,114.1,4.960869565217391,23,71,23,0.0
17276.0,310,1,502.49,9.480943396226415,53,187,50,0.0
17277.0,136,2,1065.3500000000001,15.43985507246377,69,430,67,0.0
17278.0,150,2,271.24,15.955294117647059,17,195,17,0.0
17280.0,346,1,118.86,19.81,6,74,6,0.0
17281.0,282,6,797.8499999999999,132.975,6,295,2,0.0
17282.0,39,5,2308.54,11.316372549019608,204,2332,168,0.0
17283.0,287,1,188.46,12.564,15,179,15,0.0
17284.0,29,7,2629.62,7.600057803468208,346,1945,277,158.44
17285.0,537,2,407.94,9.271363636363636,44,134,41,0.0
17286.0,309,2,237.81,5.169782608695653,46,251,46,151.37
17287.0,52,19,3480.21,8.406304347826087,414,1749,257,346.65
17288.0,116,9,1714.5,9.85344827586207,174,1160,139,753.93
17289.0,89,7,1275.23,6.573350515463917,194,856,152,766.57
17290.0,290,6,974.95,9.749500000000001,100,742,96,513.01
17291.0,217,1,550.8000000000001,550.8000000000001,1,72,1,0.0
17292.0,380,2,271.75,18.116666666666667,15,131,14,0.0
17293.0,28,13,2763.6,17.2725,160,1610,109,987.03
17294.0,577,2,467.78999999999996,27.51705882352941,17,297,17,0.0
17296.0,639,1,338.13,10.246363636363636,33,216,32,0.0
17298.0,9,5,954.26,13.829855072463769,69,852,61,0.0
17299.0,9,4,604.8100000000001,7.286867469879518,83,531,71,388.42
17300.0,299,2,393.64,8.946363636363635,44,467,37,0.0
17301.0,533,1,131.15,2.428703703703704,54,79,52,163.24
17302.0,31,3,661.61,12.252037037037038,54,345,48,474.02
17303.0,270,1,250.04,4.717735849056604,53,144,53,0.0
17304.0,442,1,111.5,22.3,5,73,5,0.0
17305.0,557,1,2135.46,237.27333333333334,9,1006,9,0.0
17306.0,8,17,7851.1,142.74727272727273,55,11514,13,1931.25
17307.0,304,11,3999.8900000000003,83.33104166666668,48,3667,22,0.0
17308.0,302,2,4511.76,644.5371428571428,7,5148,5,0.0
17309.0,4,3,320.39,8.899722222222222,36,181,33,0.0
17310.0,295,2,1025.1,512.55,2,402,1,0.0
17311.0,225,5,2738.17,28.522604166666667,96,2160,93,828.39
17312.0,47,3,644.3,46.021428571428565,14,372,11,0.0
17314.0,57,14,3883.43,20.439105263157895,190,2785,141,1021.0
17315.0,9,35,7686.44,11.880123647604327,647,4223,371,1913.1399999999999
17316.0,329,1,124.45,3.5557142857142856,35,44,35,0.0
17318.0,634,1,157.33,9.254705882352942,17,59,17,0.0
17319.0,578,1,29.1,9.700000000000001,3,14,3,0.0
17320.0,9,6,2444.85,16.08453947368421,152,1182,86,0.0
17321.0,303,4,1008.05,5.860755813953488,172,426,159,657.16
17322.0,285,5,922.59,5.2123728813559325,177,631,115,0.0
17323.0,33,9,1175.47,4.573813229571985,257,1161,147,375.57
17324.0,240,10,1886.82,16.697522123893805,113,1248,85,284.25
17325.0,189,3,609.5699999999999,15.629999999999999,39,465,39,0.0
17326.0,317,2,312.35,3.631976744186047,86,136,82,0.0
17327.0,318,2,152.35,38.0875,4,59,3,0.0
17328.0,581,1,104.7,17.45,6,86,6,0.0
17329.0,224,4,718.78,8.26183908045977,87,355,73,279.75
17330.0,453,2,59.900000000000006,29.950000000000003,2,2,2,363.9
17331.0,32,1,175.2,175.2,1,16,1,0.0
17332.0,436,5,838.27,8.823894736842105,95,794,82,0.0
17334.0,211,3,635.15,20.488709677419354,31,566,20,0.0
17335.0,292,2,497.04,13.806666666666667,36,210,34,0.0
17336.0,381,1,81.12,81.12,1,48,1,0.0
17337.0,60,4,1981.06,3.802418426103647,521,1247,421,0.0
17338.0,23,16,10559.710000000001,9.24668126094571,1142,5060,538,1329.6200000000001
17339.0,3,3,302.36,30.236,10,172,10,0.0
17340.0,29,14,14858.31,27.929154135338344,532,7538,258,4759.64
17341.0,65,5,1272.21,5.809178082191781,219,831,200,0.0
17342.0,288,4,1227.54,35.07257142857143,35,521,31,0.0
17343.0,264,6,1259.94,15.74925,80,454,61,0.0
17344.0,637,1,299.74,8.32611111111111,36,135,36,157.62
17345.0,2,9,1348.12,8.425749999999999,160,1844,140,238.51
17346.0,12,19,3604.51,5.223927536231884,690,2745,402,1394.1
17348.0,206,5,1445.84,5.435488721804511,266,1567,206,996.45
17349.0,88,5,772.41,9.087176470588235,85,772,74,0.0
17350.0,302,3,612.381,8.388780821917807,73,408,65,1281.32
17351.0,77,11,1828.38,29.97344262295082,61,362,41,159.85
17352.0,604,1,36.25,7.25,5,15,5,0.0
17353.0,37,4,3242.0,231.57142857142858,14,2168,7,0.0
17354.0,337,3,1740.9,20.481176470588235,85,1525,73,1393.06
17355.0,295,1,273.31,8.282121212121211,33,249,28,0.0
17356.0,220,5,946.47,11.00546511627907,86,925,73,0.0
17358.0,211,5,861.01,5.8973287671232875,146,430,126,0.0
17359.0,557,1,156.6,6.808695652173912,23,76,23,127.86
17360.0,92,4,953.17,5.920310559006211,161,460,137,247.34
17361.0,95,4,647.51,14.389111111111111,45,286,41,224.28
17362.0,148,7,1024.04,7.1113888888888885,144,549,99,0.0
17363.0,303,3,920.46,26.298857142857145,35,499,34,0.0
17364.0,46,23,10127.65,14.085744089012517,719,6266,396,1845.27
17365.0,78,12,5753.94,9.903511187607572,581,5800,320,2430.55
17366.0,340,2,1077.24,8.22320610687023,131,504,120,0.0
17367.0,147,1,167.55,5.077272727272728,33,149,33,0.0
17368.0,2,12,2484.49,13.357473118279568,186,2222,161,273.8
17369.0,364,1,979.1999999999999,979.1999999999999,1,1152,1,0.0
17370.0,1,2,228.06,13.41529411764706,17,218,16,218.12
17371.0,270,4,329.11,5.06323076923077,65,169,62,326.26
17372.0,75,26,4065.76,6.821744966442953,596,1708,384,281.55
17373.0,42,5,807.88,13.03032258064516,62,530,50,359.62
17374.0,127,3,727.11,17.312142857142856,42,155,34,0.0
17375.0,108,4,660.55,7.6808139534883715,86,480,77,0.0
17376.0,220,3,356.29,8.0975,44,193,37,97.35
17377.0,35,67,15626.29,10.637365554799183,1469,6379,436,2017.98
17378.0,282,1,10.95,10.95,1,1,1,0.0
17380.0,342,3,645.0,64.5,10,252,5,0.0
17381.0,8,33,34384.69,229.23126666666667,150,40081,50,2013.96
17382.0,344,7,836.88,52.305,16,432,14,65.4
17383.0,362,1,110.69999999999999,55.349999999999994,2,12,2,193.39
17384.0,127,2,398.8,49.85,8,76,7,108.75
17386.0,8,6,1823.69,86.84238095238095,21,1075,18,989.0799999999999
17388.0,40,10,2368.84,44.69509433962264,53,2266,40,306.53000000000003
17389.0,4,52,34885.73,103.51848664688428,337,12210,57,22329.6
17390.0,329,1,149.3,12.441666666666668,12,49,12,0.0
17391.0,72,2,508.8,169.6,3,480,2,0.0
17392.0,215,3,585.92,8.370285714285714,70,450,66,0.0
17393.0,319,2,381.15,7.940625,48,238,45,0.0
17394.0,128,1,203.86999999999998,50.967499999999994,4,241,4,0.0
17395.0,417,1,97.5,32.5,3,66,3,0.0
17396.0,57,12,5880.599999999999,154.75263157894736,38,1413,26,2529.0
17397.0,325,1,516.87,11.486,45,441,44,681.41
17398.0,23,3,653.38,17.19421052631579,38,310,30,0.0
17400.0,35,8,4623.28,9.85773987206823,469,2185,345,0.0
17401.0,449,1,114.85,9.570833333333333,12,34,11,0.0
17402.0,10,18,3734.16,22.494939759036143,166,1169,101,901.4
17403.0,359,1,118.95,9.15,13,77,13,263.92
17404.0,32,18,36878.6,158.95948275862068,232,39554,110,10902.52
17405.0,59,1,393.31,9.592926829268293,41,334,41,638.1
17406.0,242,13,4186.95,17.5922268907563,238,1847,155,0.0
17407.0,320,1,552.9,24.039130434782606,23,426,23,0.0
17408.0,72,3,316.09000000000003,39.511250000000004,8,163,7,0.0
17409.0,93,10,7793.51,74.93759615384616,104,4089,50,0.0
17410.0,4,2,419.55,19.070454545454545,22,149,22,795.17
17411.0,170,3,932.02,18.6404,50,428,46,493.36
17412.0,105,13,3671.98,18.639492385786802,197,2174,143,548.24
17413.0,313,2,560.14,56.013999999999996,10,302,10,0.0
17414.0,93,5,2069.52,103.476,20,5536,6,180.0
17416.0,18,20,15699.52,30.366576402321083,517,7750,305,1598.93
17417.0,457,1,164.18,10.26125,16,76,16,0.0
17418.0,232,2,373.99,15.582916666666668,24,371,24,296.07
17419.0,52,14,4559.68,20.35571428571429,224,2221,159,1566.57
17420.0,80,5,746.26,18.201463414634148,41,350,34,207.32
17421.0,294,3,1059.41,18.265689655172416,58,807,46,0.0
17422.0,2,10,3314.36,17.536296296296296,189,3034,137,280.4
17423.0,126,2,869.96,31.07,28,645,28,248.99
17426.0,0,11,7321.1,19.1651832460733,382,4634,225,756.6700000000001
17428.0,19,37,24871.0,38.619565217391305,644,14621,383,6595.76
17429.0,37,5,1357.46,14.289052631578947,95,1286,80,0.0
17430.0,274,3,469.40999999999997,16.764642857142857,28,325,24,153.16000000000003
17431.0,222,1,403.3,9.37906976744186,43,292,41,0.0
17432.0,293,7,1363.23,6.031991150442478,226,801,174,365.76
17433.0,294,1,266.8,6.841025641025642,39,120,39,303.15999999999997
17435.0,320,1,331.35,22.09,15,195,15,0.0
17436.0,135,4,440.15999999999997,36.68,12,136,5,93.89999999999999
17437.0,438,1,369.68,7.109230769230769,52,283,52,0.0
17438.0,162,5,1422.77,20.03901408450704,71,553,49,0.0
17439.0,564,1,325.74,40.7175,8,370,8,0.0
17440.0,65,4,323.58,53.93,6,282,4,0.0
17441.0,641,1,293.35,13.96904761904762,21,245,21,0.0
17442.0,2,14,4293.43,16.324828897338403,263,2898,179,326.87
17443.0,128,1,534.24,534.24,1,504,1,0.0
17444.0,56,3,2940.04,21.778074074074073,135,2119,132,0.0
17446.0,85,2,120.9,13.433333333333334,9,198,6,0.0
17448.0,406,46,14523.67,13.025713004484304,1115,11534,569,0.0
17449.0,3,10,3846.49,7.914588477366254,486,2070,237,1021.66
17450.0,4,28,136695.0,506.27777777777777,270,46101,127,108089.25
17451.0,14,1,346.01,15.04391304347826,23,267,23,1375.39
17454.0,101,10,1547.94,12.285238095238096,126,727,98,0.0
17455.0,112,1,131.7,16.4625,8,66,8,0.0
17456.0,274,2,975.5600000000001,16.259333333333334,60,508,59,0.0
17457.0,35,14,5984.8099999999995,93.51265624999999,64,2695,30,0.0
17458.0,290,1,213.08,6.65875,32,112,32,316.5
17460.0,3,16,2157.9700000000003,15.75160583941606,137,954,93,0.0
17462.0,192,1,463.40999999999997,33.10071428571428,14,155,14,212.28
17463.0,85,5,1886.99,8.240131004366813,229,1112,177,648.27
17464.0,67,3,907.14,23.259999999999998,39,608,35,0.0
17465.0,334,7,2542.79,17.906971830985917,142,1477,103,0.0
17467.0,304,1,102.6,25.65,4,20,4,0.0
17468.0,283,1,57.8,19.266666666666666,3,68,3,137.0
17469.0,17,15,4230.55,18.235129310344828,232,1960,150,820.7
17470.0,36,10,2317.87,17.169407407407405,135,2331,99,308.6
17471.0,383,1,321.65000000000003,16.928947368421053,19,153,19,0.0
17472.0,100,4,922.35,4.13609865470852,223,551,183,0.0
17473.0,317,2,607.0,17.852941176470587,34,270,33,0.0
17474.0,508,1,1047.0,174.5,6,200,6,0.0
17476.0,304,2,489.86,15.801935483870968,31,224,29,0.0
17477.0,521,2,1144.3,26.00681818181818,44,225,44,0.0
17478.0,317,2,1272.8,31.82,40,516,40,0.0
17479.0,541,1,389.26,21.625555555555554,18,266,18,0.0
17480.0,353,1,370.40999999999997,15.433749999999998,24,243,24,511.82
17481.0,2,1,260.63,13.717368421052631,19,149,19,994.96
17482.0,396,2,775.64,14.634716981132076,53,240,50,0.0
17483.0,42,3,452.43,22.6215,20,172,19,139.3
17484.0,485,2,209.57,14.969285714285714,14,339,14,0.0
17486.0,170,1,396.87,16.53625,24,191,24,0.0
17487.0,637,1,160.55,20.06875,8,37,8,0.0
17488.0,550,1,336.5,18.694444444444443,18,136,18,0.0
17489.0,121,1,208.56,13.035,16,232,16,168.07999999999998
17490.0,85,3,963.38,16.61,58,537,51,1787.12
17491.0,4,13,4212.91,30.75116788321168,137,2596,95,1440.76
17492.0,157,3,1122.42,28.78,39,450,32,0.0
17493.0,293,1,100.91000000000001,12.613750000000001,8,62,8,0.0
17494.0,410,1,54.699999999999996,18.23333333333333,3,26,3,0.0
17495.0,299,1,309.16,14.721904761904764,21,138,21,497.56
17496.0,267,4,1412.89,19.623472222222222,72,675,54,0.0
17497.0,299,2,287.25,41.035714285714285,7,59,7,0.0
17499.0,198,2,1341.39,18.89281690140845,71,1086,66,0.0
17501.0,129,2,288.6,16.033333333333335,18,160,18,0.0
17504.0,115,18,9490.17,27.7490350877193,342,5420,244,0.0
17505.0,70,5,2435.48,23.877254901960786,102,1242,83,0.0
17507.0,170,2,605.58,6.881590909090909,88,359,79,0.0
17508.0,189,8,4579.23,19.823506493506493,231,2891,199,0.0
17510.0,329,1,206.07999999999998,13.738666666666665,15,208,15,308.48
17511.0,2,50,140446.24,89.51321861057998,1569,92902,583,31686.63
17512.0,30,16,4434.7300000000005,26.55526946107785,167,4515,85,1033.0900000000001
17513.0,317,2,645.6,53.800000000000004,12,186,12,513.2
17514.0,37,2,522.0,6.289156626506024,83,284,72,0.0
17515.0,115,8,1534.86,9.082011834319527,169,504,90,67.65
17516.0,28,5,788.27,4.692083333333334,168,481,132,159.23
17517.0,217,1,153.94,13.994545454545454,11,102,11,0.0
17518.0,334,2,329.42,4.278181818181818,77,267,71,0.0
17519.0,42,14,4418.15,23.500797872340424,188,3036,133,356.02000000000004
17521.0,108,3,714.41,17.42463414634146,41,403,37,563.65
17522.0,47,4,912.25,13.615671641791044,67,932,54,158.45999999999998
17524.0,270,3,539.14,12.53813953488372,43,362,37,0.0
17525.0,268,3,1161.9,44.68846153846154,26,338,19,0.0
17526.0,199,11,3616.14,43.567951807228916,83,1272,61,323.1
17527.0,18,2,606.62,24.2648,25,206,25,332.75
17529.0,518,2,1240.25,15.125,82,790,78,0.0
17530.0,114,8,1789.83,5.187913043478261,345,1019,271,1001.86
17531.0,98,3,1266.82,21.841724137931035,58,472,54,0.0
17532.0,294,1,65.34,16.335,4,30,4,0.0
17533.0,343,1,34.8,34.8,1,24,1,0.0
17534.0,360,4,1445.47,17.415301204819276,83,757,69,223.36
17535.0,189,1,164.4,12.646153846153847,13,136,13,0.0
17536.0,86,3,364.83,22.801875,16,201,16,0.0
17537.0,212,1,620.75,10.345833333333333,60,369,60,266.92
17539.0,526,4,1176.84,8.1725,144,708,132,0.0
17540.0,225,5,1280.5,27.24468085106383,47,458,35,310.1
17541.0,418,1,119.86,3.8664516129032256,31,44,31,0.0
17542.0,178,3,340.85,5.32578125,64,323,57,0.0
17543.0,458,1,120.05,9.234615384615385,13,62,13,0.0
17544.0,299,3,944.82,10.736590909090909,88,410,80,0.0
17545.0,299,3,767.54,6.449915966386555,119,345,112,642.32
17547.0,284,2,727.85,23.479032258064517,31,223,22,0.0
17548.0,142,4,731.26,21.50764705882353,34,494,22,0.0
17550.0,106,9,2506.64,7.808847352024921,321,968,250,0.0
17551.0,268,1,290.34,7.444615384615384,39,142,39,0.0
17552.0,280,10,2154.88,20.139065420560748,107,1376,64,631.89
17553.0,38,4,3757.6,626.2666666666667,6,2288,2,0.0
17554.0,31,2,1249.89,19.83952380952381,63,1409,51,702.56
17555.0,243,4,760.88,3.6580769230769232,208,547,174,284.86
17556.0,114,2,300.67,21.476428571428574,14,184,13,0.0
17557.0,641,1,34.0,34.0,1,4,1,541.46
17558.0,302,1,259.17,9.25607142857143,28,54,28,0.0
17559.0,421,1,167.62,13.968333333333334,12,270,12,0.0
17560.0,3,8,1895.8,34.46909090909091,55,1588,37,0.0
17561.0,299,3,537.9,3.6842465753424656,146,237,129,165.12
17562.0,18,4,661.1,16.12439024390244,41,601,35,461.28000000000003
17563.0,487,2,392.38,13.530344827586207,29,256,27,0.0
17565.0,495,1,131.83,4.394333333333334,30,67,30,0.0
17567.0,1,7,3432.05,22.72880794701987,151,2037,105,1406.03
17568.0,541,1,374.45,6.039516129032258,62,275,61,0.0
17569.0,241,1,344.14,11.866896551724137,29,159,29,0.0
17570.0,290,1,100.0,100.0,1,1,1,0.0
17571.0,54,4,764.79,5.92860465116279,129,600,120,866.12
17572.0,8,9,621.46,20.715333333333334,30,312,14,30.75
17573.0,2,1,174.71,15.882727272727273,11,177,11,205.89
17574.0,151,1,185.65,23.20625,8,77,8,0.0
17575.0,576,1,171.7,34.339999999999996,5,72,5,0.0
17576.0,7,36,7413.37,10.04521680216802,738,4004,355,1298.58
17577.0,554,2,348.75,16.607142857142858,21,179,20,0.0
17578.0,126,7,1047.33,16.11276923076923,65,529,57,0.0
17579.0,46,3,575.24,9.43016393442623,61,247,58,178.04
17580.0,161,5,541.02,5.755531914893617,94,223,78,0.0
17581.0,18,35,13448.22,20.626104294478527,652,7099,348,4502.95
17582.0,145,5,1446.95,11.860245901639345,122,603,92,0.0
17583.0,469,1,135.95,19.42142857142857,7,55,7,0.0
17584.0,36,5,4816.57,45.872095238095234,105,2251,79,492.85
17585.0,18,7,2064.71,5.376848958333333,384,2510,295,0.0
17586.0,528,1,167.4,20.925,8,68,8,0.0
17587.0,537,1,176.71,4.207380952380952,42,67,42,0.0
17588.0,9,7,2939.55,41.40211267605634,71,1379,35,0.0
17589.0,59,17,13276.84,10.794178861788618,1230,8380,571,561.1
17591.0,31,7,1976.52,11.835449101796407,167,904,93,362.8
17592.0,647,1,148.3,11.407692307692308,13,38,13,0.0
17593.0,0,10,7414.12,20.59477777777778,360,4755,275,678.2
17594.0,163,3,1819.7,26.76029411764706,68,1038,52,678.18
17596.0,45,10,3421.85,8.957722513089005,382,5480,226,1069.6100000000001
17597.0,122,5,3484.09,27.219453125,128,2215,109,0.0
17598.0,289,1,409.98,40.998000000000005,10,126,10,0.0
17599.0,386,1,52.05,17.349999999999998,3,11,3,0.0
17601.0,147,2,413.08,5.737222222222222,72,295,69,0.0
17602.0,33,10,3209.56,6.843411513859275,469,2665,275,4144.87
17603.0,526,3,1393.66,14.670105263157895,95,564,93,394.72
17604.0,126,6,942.38,4.530673076923077,208,614,142,0.0
17605.0,499,1,160.75,12.365384615384615,13,71,13,0.0
17606.0,646,1,87.30000000000001,14.550000000000002,6,42,6,0.0
17607.0,285,1,333.81,15.173181818181819,22,269,22,0.0
17608.0,357,2,296.07,2.8744660194174756,103,299,90,191.99
17609.0,210,8,1313.37,4.9189887640449435,267,869,231,574.53
17610.0,448,5,1511.94,9.817792207792207,154,893,114,0.0
17611.0,32,22,7077.56,6.864752667313288,1031,4652,680,1259.97
17612.0,4,17,5029.35,16.06821086261981,313,3054,196,365.51
17613.0,26,9,2976.69,12.351410788381743,241,1667,173,1567.8600000000001
17615.0,39,6,721.8,12.889285714285714,56,378,47,0.0
17616.0,82,4,734.4,183.6,4,288,1,0.0
17617.0,467,1,385.19,21.399444444444445,18,249,18,0.0
17618.0,157,10,3696.84,10.715478260869565,345,1714,196,304.8
17619.0,221,1,214.37,2.896891891891892,74,124,71,0.0
17621.0,221,5,2697.0,49.03636363636364,55,906,52,478.12
17622.0,506,2,1130.21,29.742368421052632,38,379,19,0.0
17623.0,318,6,1838.72,11.420621118012422,161,534,108,527.0500000000001
17624.0,126,3,1125.45,15.631250000000001,72,716,71,443.18
17625.0,49,6,5185.63,9.081663747810858,571,3163,392,793.27
17626.0,511,1,254.0,14.11111111111111,18,202,18,0.0
17627.0,387,1,296.36,29.636000000000003,10,676,10,0.0
17629.0,29,7,1439.78,13.844038461538462,104,939,89,1015.74
17630.0,78,2,503.59999999999997,19.369230769230768,26,158,24,0.0
17631.0,46,6,886.66,15.02813559322034,59,442,56,111.83000000000001
17633.0,11,5,1381.16,21.580625,64,530,56,676.23
17634.0,1,7,2077.07,8.876367521367522,234,650,177,281.52
17635.0,333,3,1265.58,17.10243243243243,74,770,60,0.0
17637.0,24,1,338.95,14.122916666666667,24,215,24,208.11
17638.0,556,2,842.4,280.8,3,432,2,0.0
17639.0,185,6,615.17,7.7869620253164555,79,576,59,0.0
17640.0,288,5,2547.28,41.75868852459017,61,1442,47,621.66
17642.0,28,5,1824.49,16.893425925925925,108,1475,88,0.0
17643.0,282,2,439.7,14.183870967741935,31,226,30,0.0
17644.0,29,16,4758.59,18.372934362934362,259,2574,122,1270.01
17646.0,128,12,3898.79,19.891785714285714,196,1308,124,0.0
17647.0,578,2,198.6,39.72,5,52,5,133.06
17648.0,101,4,1526.26,15.416767676767677,99,756,96,690.11
17649.0,47,3,1578.89,16.111122448979593,98,723,88,0.0
17651.0,64,10,2906.53,17.09723529411765,170,1656,114,2796.9900000000002
17652.0,53,6,2713.57,17.506903225806454,155,1469,101,2154.15
17653.0,8,2,343.34000000000003,38.14888888888889,9,687,9,864.22
17654.0,186,1,117.55,5.343181818181818,22,41,22,0.0
17655.0,25,7,2240.77,26.99722891566265,83,985,63,735.61
17656.0,15,3,927.65,21.082954545454545,44,463,35,747.04
17657.0,339,1,126.0,18.0,7,60,7,0.0
17658.0,120,1,317.6,35.28888888888889,9,216,9,277.82
17659.0,9,11,2240.56,19.315172413793103,116,1048,91,1346.43
17660.0,50,2,342.22,4.173414634146342,82,259,75,0.0
17662.0,570,2,412.92,27.528000000000002,15,184,14,0.0
17663.0,63,14,4389.45,21.94725,200,1925,130,786.38
17664.0,121,3,887.78,14.796333333333333,60,863,51,278.45
17665.0,402,1,563.1,29.63684210526316,19,690,19,0.0
17666.0,386,3,1319.6399999999999,50.755384615384614,26,956,17,728.16
17667.0,70,8,3646.2,17.199056603773585,212,2062,136,304.5
17669.0,31,8,5168.85,40.699606299212604,127,2987,80,973.5
17670.0,136,1,205.7,18.7,11,110,11,0.0
17671.0,66,4,1535.0,23.257575757575758,66,739,52,474.16
17672.0,218,6,3778.3,27.578832116788323,137,1711,128,2000.33
17673.0,71,11,3754.5299999999997,8.32490022172949,451,2884,189,419.35
17674.0,277,1,300.66,27.332727272727276,11,349,11,250.38
17675.0,10,62,31342.39,34.74766075388027,902,13375,288,6300.09
17676.0,18,8,1808.3,16.145535714285714,112,1310,68,640.34
17677.0,9,44,30379.58,51.8422866894198,586,18194,303,4678.88
17678.0,172,2,599.76,21.419999999999998,28,368,27,0.0
17679.0,430,5,1585.5,31.08823529411765,51,1026,41,1992.1100000000001
17680.0,292,2,313.05,34.78333333333333,9,59,9,184.4
17681.0,505,5,731.1999999999999,52.22857142857142,14,450,12,0.0
17682.0,24,10,3490.3,18.2738219895288,191,1903,76,574.98
17683.0,294,3,819.01,17.804565217391303,46,781,41,0.0
17685.0,175,10,3811.84,30.252698412698415,126,2455,81,1643.1100000000001
17686.0,29,7,7146.7,19.420380434782608,368,3065,255,1150.1100000000001
17687.0,329,1,432.68,16.641538461538463,26,210,26,0.0
17688.0,302,1,304.2,16.010526315789473,19,114,19,0.0
17689.0,297,2,317.08,14.412727272727272,22,300,17,0.0
17690.0,10,16,5732.53,19.56494880546075,293,2420,201,1231.27
17691.0,266,4,637.5500000000001,14.826744186046513,43,315,37,0.0
17692.0,36,12,2975.8,18.36913580246914,162,2338,90,0.0
17693.0,46,1,200.47,12.529375,16,231,16,0.0
17694.0,50,3,1695.97,20.937901234567903,81,1493,54,0.0
17695.0,40,5,1746.04,28.623606557377048,61,1809,46,0.0
17696.0,17,26,7309.47,21.248459302325582,344,5458,186,370.12
17697.0,145,1,338.95,17.839473684210525,19,93,19,0.0
17698.0,169,1,154.95,19.36875,8,93,8,0.0
17699.0,385,2,442.0,23.263157894736842,19,208,17,0.0
17700.0,3,13,5827.16,18.676794871794872,312,3028,227,852.8100000000001
17701.0,161,1,417.95,17.414583333333333,24,109,24,0.0
17702.0,17,5,2658.44,19.83910447761194,134,1851,109,485.6
17703.0,18,3,787.06,13.34,59,683,51,307.78000000000003
17704.0,77,2,885.19,28.554516129032258,31,343,27,0.0
17705.0,15,8,1228.3799999999999,15.748461538461537,78,889,53,855.52
17706.0,9,26,17795.16,26.840361990950225,663,6974,389,2476.9900000000002
17707.0,94,8,609.3000000000001,25.387500000000003,24,546,9,0.0
17708.0,96,4,884.1800000000001,12.11205479452055,73,387,57,0.0
17709.0,78,5,671.01,16.77525,40,295,37,0.0
17710.0,332,1,293.5,14.675,20,158,20,0.0
17711.0,198,1,220.53000000000003,16.963846153846156,13,107,13,164.57
17713.0,290,4,1198.09,15.764342105263157,76,989,55,0.0
17714.0,229,5,1410.18,17.40962962962963,81,608,69,0.0
17715.0,109,2,489.59999999999997,244.79999999999998,2,576,1,0.0
17716.0,3,20,14437.64,26.20261343012704,551,8070,302,1519.33
17717.0,330,1,376.92,14.496923076923078,26,344,26,0.0
17718.0,141,2,439.18,19.094782608695652,23,274,22,0.0
17719.0,15,12,4477.4,20.16846846846847,222,2118,100,918.64
17720.0,21,9,2358.57,19.819915966386557,119,1431,76,308.34000000000003
17721.0,568,1,307.21,27.928181818181816,11,107,11,0.0
17722.0,5,5,3520.22,20.231149425287356,174,2412,163,0.0
17723.0,35,7,3378.4,281.53333333333336,12,912,6,0.0
17724.0,47,1,373.1,33.91818181818182,11,78,11,659.9
17725.0,9,8,2507.12,17.78099290780142,141,1610,94,931.96
17726.0,304,7,1092.06,17.0634375,64,444,52,0.0
17728.0,313,2,1362.75,17.25,79,677,79,2876.01
17729.0,505,1,438.65000000000003,19.071739130434786,23,247,23,0.0
17730.0,14,15,5531.09,23.840905172413795,232,3876,139,2242.71
17731.0,37,5,1432.62,17.686666666666664,81,564,66,276.37
17732.0,281,8,2166.42,17.757540983606557,122,1058,90,0.0
17733.0,170,1,216.95000000000002,18.07916666666667,12,87,12,475.24
17734.0,45,5,1281.9,16.867105263157896,76,662,67,160.42000000000002
17735.0,2,23,14771.55,19.08468992248062,774,9061,348,2018.78
17736.0,22,1,307.49,13.369130434782608,23,213,23,69.95
17738.0,57,12,3876.0,18.457142857142856,210,2458,161,307.56
17739.0,105,14,6010.01,50.08341666666667,120,1885,47,1720.58
17740.0,297,6,426.9,47.43333333333333,9,222,5,0.0
17741.0,315,2,101.1,16.849999999999998,6,114,6,0.0
17742.0,22,11,2098.48,24.688,85,653,52,0.0
17743.0,357,1,229.2,76.39999999999999,3,96,3,0.0
17744.0,159,5,1615.7,20.983116883116885,77,2100,63,1033.44
17745.0,386,2,600.34,21.440714285714286,28,164,27,0.0
17746.0,149,4,904.18,25.11611111111111,36,688,32,0.0
17747.0,21,1,71.4,71.4,1,12,1,0.0
17748.0,436,1,358.15,21.06764705882353,17,111,17,0.0
17749.0,87,3,1026.18,18.003157894736844,57,446,52,0.0
17750.0,7,5,1204.5,8.66546762589928,139,2616,93,505.95
17751.0,330,1,157.86,4.933125,32,147,31,0.0
17752.0,267,1,80.64,80.64,1,192,1,0.0
17753.0,373,4,382.05999999999995,5.537101449275362,69,124,63,0.0
17754.0,50,10,3361.63,19.209314285714285,175,3394,145,1089.59
17756.0,284,3,728.75,8.675595238095237,84,399,54,0.0
17757.0,23,46,6789.21,7.207229299363058,942,3494,306,2284.84
17758.0,61,8,2989.08,9.254117647058823,323,2051,274,1974.95
17759.0,78,4,609.07,9.984754098360657,61,345,56,652.8100000000001
17760.0,282,5,631.34,12.379215686274511,51,457,44,115.05
17762.0,364,1,129.75,7.632352941176471,17,129,16,0.0
17763.0,172,4,86.15,6.153571428571429,14,41,11,0.0
17764.0,119,4,971.6899999999999,10.228315789473683,95,436,76,541.88
17765.0,67,4,524.0,6.469135802469136,81,195,71,0.0
17766.0,290,2,299.61,13.618636363636364,22,155,21,0.0
17767.0,318,1,141.85,7.8805555555555555,18,70,18,271.2
17768.0,75,5,1596.66,15.062830188679246,106,1340,88,1696.0700000000002
17769.0,47,11,4913.83,10.847306843267107,453,2376,264,2139.55
17770.0,107,5,1143.27,30.086052631578948,38,365,33,0.0
17771.0,232,3,257.4,6.956756756756756,37,196,36,130.01
17772.0,301,1,187.3,4.071739130434783,46,58,45,173.45
17773.0,423,2,575.37,10.461272727272727,55,254,48,0.0
17774.0,5,9,3273.83,8.246423173803526,397,1585,286,0.0
17775.0,163,1,56.4,18.8,3,72,3,0.0
17776.0,295,2,330.56,4.132,80,273,74,0.0
17777.0,9,1,189.79999999999998,2.92,65,161,63,457.76
17778.0,570,1,197.70000000000002,19.770000000000003,10,214,10,0.0
17779.0,52,1,323.09,9.502647058823529,34,248,34,327.23
17780.0,576,3,346.56,4.386835443037975,79,156,76,0.0
17781.0,67,2,188.02,15.668333333333335,12,34,12,0.0
17782.0,291,2,679.02,23.41448275862069,29,538,29,0.0
17783.0,156,2,205.9,3.812962962962963,54,137,54,171.06
17784.0,458,1,112.86,4.90695652173913,23,72,19,0.0
17785.0,354,2,271.44,7.143157894736842,38,160,38,131.94
17786.0,226,1,103.35,4.1339999999999995,25,52,24,163.5
17787.0,61,4,1817.54,14.19953125,128,896,94,0.0
17788.0,38,1,16.7,5.566666666666666,3,3,3,1101.2
17789.0,190,2,397.15,13.694827586206896,29,199,27,0.0
17790.0,29,18,2178.62,9.153865546218487,238,1147,148,600.79
17792.0,376,2,368.35,7.0836538461538465,52,149,45,0.0
17794.0,595,2,147.3,21.042857142857144,7,46,7,0.0
17795.0,88,2,342.83,7.618444444444444,45,305,43,0.0
17796.0,222,6,1160.49,5.831608040201005,199,329,147,75.9
17797.0,91,6,1463.85,7.175735294117646,204,837,172,508.02
17798.0,490,1,178.07,3.957111111111111,45,138,43,0.0
17799.0,8,19,5722.75,6.8209177592371875,839,3265,449,524.18
17800.0,0,7,904.8000000000001,11.453164556962026,79,560,41,282.41
17801.0,360,3,770.03,9.506543209876543,81,820,66,0.0
17802.0,89,9,4293.6,9.354248366013072,459,2360,268,652.62
17803.0,301,1,184.66,6.839259259259259,27,98,27,0.0
17804.0,285,3,383.78000000000003,4.217362637362638,91,194,82,0.0
17805.0,519,1,414.72,414.72,1,648,1,512.31
17807.0,303,3,437.87,4.9198876404494385,89,262,88,0.0
17808.0,457,4,262.64,7.958787878787878,33,143,29,0.0
17809.0,38,16,7530.6900000000005,106.06605633802818,71,1681,46,2555.2
17810.0,577,2,373.16,6.784727272727273,55,118,51,0.0
17811.0,1,32,6592.29,8.209576587795766,803,3443,448,2927.51
17812.0,277,4,405.48,4.770352941176471,85,242,79,506.51
17814.0,284,2,1609.37,11.254335664335663,143,1435,112,0.0
17815.0,302,1,591.96,45.535384615384615,13,612,13,0.0
17816.0,178,4,80.86,2.0733333333333333,39,72,36,15.25
17817.0,185,5,670.1700000000001,5.878684210526316,114,312,97,117.97999999999999
17818.0,646,1,124.78,2.970952380952381,42,86,42,0.0
17819.0,91,11,5784.65,66.49022988505747,87,1570,66,236.39999999999998
17820.0,282,1,180.60999999999999,4.4051219512195114,41,111,39,0.0
17821.0,315,1,334.62,55.77,6,162,6,0.0
17822.0,329,5,2162.93,12.798402366863904,169,1375,152,0.0
17823.0,329,2,449.25,4.4925,100,252,88,0.0
17825.0,507,4,701.96,25.99851851851852,27,516,24,0.0
17826.0,283,1,133.34,4.040606060606061,33,84,33,0.0
17827.0,150,5,1969.31,8.95140909090909,220,1299,191,406.86
17828.0,18,3,1076.66,19.575636363636367,55,481,51,743.4300000000001
17829.0,207,5,4756.74,27.817192982456138,171,3009,121,0.0
17830.0,170,2,287.65000000000003,17.978125000000002,16,65,15,111.05
17833.0,632,1,338.46000000000004,10.918064516129034,31,143,28,0.0
17834.0,323,2,689.6700000000001,11.890862068965518,58,639,54,0.0
17837.0,56,3,376.51,11.409393939393938,33,102,23,1164.72
17838.0,201,11,4538.84,21.409622641509436,212,2682,111,1065.8
17840.0,352,1,175.9,3.5180000000000002,50,128,44,0.0
17841.0,0,168,51353.0,5.59400871459695,9180,26438,1938,17192.25
17842.0,511,1,430.69,23.927222222222223,18,89,18,0.0
17843.0,212,2,320.4,5.16774193548387,62,251,58,0.0
17844.0,15,1,51.56,10.312000000000001,5,52,5,0.0
17845.0,464,4,596.09,12.68276595744681,47,195,42,0.0
17847.0,424,2,129.69,14.41,9,29,9,0.0
17848.0,37,29,3479.51,21.216524390243904,164,1396,105,79.6
17849.0,127,8,1063.76,21.275199999999998,50,224,24,0.0
17850.0,281,155,51208.87,20.491744697879152,2499,21052,100,0.0
17851.0,331,6,1552.35,6.691163793103448,232,933,185,0.0
17852.0,297,3,543.47,6.469880952380953,84,319,62,114.34
17853.0,316,3,1596.29,15.202761904761905,105,625,84,0.0
17854.0,93,6,1068.5,9.055084745762711,118,607,113,0.0
17855.0,281,1,208.97,12.292352941176471,17,197,17,0.0
17856.0,142,3,1142.63,126.95888888888891,9,577,6,275.4
17857.0,7,15,14722.52,490.7506666666667,30,8362,15,12624.52
17858.0,25,27,11019.24,38.937243816254416,283,5075,138,1499.41
17859.0,213,1,141.92000000000002,6.170434782608696,23,102,23,0.0
17860.0,277,4,717.39,4.428333333333334,162,696,127,0.0
17861.0,44,15,4289.9,9.031368421052631,475,3608,276,798.39
17862.0,232,4,1254.89,12.675656565656567,99,440,90,0.0
17863.0,54,10,3985.7599999999998,20.43979487179487,195,3655,109,1374.72
17864.0,184,3,522.57,7.158493150684932,73,656,57,354.0
17865.0,16,38,22803.21,25.3369,900,10726,354,3508.98
17866.0,51,3,1134.95,43.651923076923076,26,535,20,0.0
17867.0,52,13,1381.66,19.738,70,504,66,200.39000000000001
17868.0,294,1,227.15,12.619444444444445,18,85,18,0.0
17869.0,15,7,813.64,10.1705,80,491,72,0.0
17870.0,0,8,1632.77,17.7475,92,863,84,1120.52
17871.0,113,5,1068.95,12.878915662650604,83,665,64,0.0
17872.0,290,1,235.87,15.724666666666668,15,176,15,0.0
17873.0,93,17,5993.29,37.22540372670807,161,4039,64,272.04
17874.0,94,6,683.46,14.857826086956523,46,221,37,0.0
17875.0,597,1,167.1,6.426923076923076,26,98,25,0.0
17876.0,308,3,3424.02,856.005,4,1958,3,0.0
17877.0,79,1,237.61,19.800833333333333,12,98,12,0.0
17878.0,304,2,999.48,17.847857142857144,56,613,56,379.45
17879.0,82,1,178.51999999999998,29.75333333333333,6,45,6,0.0
17880.0,273,3,824.9200000000001,18.331555555555557,45,466,43,0.0
17881.0,212,1,133.35000000000002,16.668750000000003,8,32,8,0.0
17882.0,288,2,291.56,5.501132075471698,53,130,47,0.0
17883.0,154,4,443.43,8.8686,50,150,46,544.99
17884.0,220,19,2593.94,6.755052083333333,384,2474,287,104.53
17886.0,119,5,1080.98,9.91724770642202,109,460,91,491.57
17887.0,37,1,111.35,11.135,10,30,10,0.0
17888.0,70,21,1388.44,10.680307692307693,130,1101,117,419.0
17889.0,120,7,746.42,6.434655172413793,116,403,97,0.0
17890.0,231,2,586.89,6.449340659340659,91,402,88,0.0
17891.0,70,1,203.85999999999999,5.995882352941176,34,393,34,0.0
17892.0,64,1,142.1,5.4653846153846155,26,69,26,102.0
17893.0,134,1,107.21000000000001,7.147333333333334,15,149,15,0.0
17894.0,5,17,2181.52,5.911978319783198,369,888,198,123.06
17897.0,81,9,2099.89,8.014847328244274,262,864,211,0.0
17898.0,115,3,246.96,5.88,42,185,41,52.22
17899.0,68,1,154.55,4.985483870967743,31,170,29,0.0
17900.0,99,2,112.19999999999999,18.7,6,73,4,0.0
17901.0,430,2,149.7,49.9,3,14,3,110.38
17902.0,455,1,216.4,9.016666666666667,24,526,24,0.0
17903.0,303,1,381.09000000000003,8.468666666666667,45,142,44,0.0
17905.0,65,12,1997.62,13.776689655172413,145,1174,128,181.25
17906.0,155,1,72.89999999999999,6.074999999999999,12,26,12,0.0
17907.0,549,1,291.76,22.443076923076923,13,1046,13,0.0
17908.0,282,5,1142.47,5.492644230769231,208,670,178,0.0
17909.0,646,1,110.05,13.75625,8,35,8,0.0
17910.0,634,1,261.7,10.065384615384614,26,121,25,0.0
17912.0,219,6,374.55,7.344117647058824,51,215,48,0.0
17913.0,264,13,3238.69,7.37742596810934,439,1537,213,190.6
17915.0,460,1,225.78,7.785517241379311,29,184,27,0.0
17916.0,537,2,43.87,2.3089473684210526,19,90,15,0.0
17917.0,164,2,226.71,3.54234375,64,130,57,108.32
17918.0,409,3,396.39,9.909749999999999,40,352,34,0.0
17919.0,347,1,536.28,31.545882352941174,17,696,17,1304.04
17920.0,14,46,21791.08,17.02428125,1280,11323,573,1790.7
17921.0,56,9,2169.6,6.801253918495298,319,854,204,224.76
17922.0,451,1,170.4,21.3,8,49,8,0.0
17923.0,191,3,497.0,165.66666666666666,3,140,2,0.0
17924.0,210,3,797.4000000000001,159.48000000000002,5,156,3,2460.3
17925.0,281,1,244.08,244.08,1,72,1,0.0
17926.0,42,5,1035.49,23.533863636363638,44,572,27,0.0
17927.0,630,1,294.0,29.4,10,108,10,0.0
17928.0,154,2,206.96,9.855238095238096,21,128,21,134.28
17929.0,21,11,2946.1,210.43571428571428,14,418,6,136.0
17930.0,70,10,3228.88,47.48352941176471,68,2722,35,1046.34
17931.0,42,14,3402.24,9.692991452991452,351,1919,274,0.0
17932.0,82,2,934.51,14.60171875,64,593,63,397.06
17933.0,541,1,114.69,8.192142857142857,14,63,12,0.0
17934.0,315,1,344.90000000000003,17.245,20,150,20,704.25
17935.0,47,7,686.14,10.7209375,64,244,60,0.0
17937.0,23,5,3614.52,109.53090909090909,33,1416,19,686.7
17938.0,329,1,144.29,4.97551724137931,29,53,29,0.0
17939.0,68,1,99.14,8.261666666666667,12,40,12,0.0
17940.0,17,15,30114.79,885.7291176470588,34,84548,11,192.0
17941.0,39,4,1433.28,204.75428571428571,7,1108,5,0.0
17944.0,331,1,74.99,2.9995999999999996,25,84,24,0.0
17945.0,605,3,360.34999999999997,5.0048611111111105,72,244,66,0.0
17946.0,141,2,149.57999999999998,7.478999999999999,20,75,18,0.0
17948.0,56,1,358.56000000000006,358.56000000000006,1,144,1,0.0
17949.0,2,106,107012.8,753.6112676056338,142,50770,55,10301.28
17950.0,274,6,947.26,7.1222556390977445,133,479,110,219.03
17951.0,267,3,741.5400000000001,43.620000000000005,17,384,15,599.0400000000001
17952.0,287,4,788.46,8.045510204081634,98,477,85,0.0
17953.0,449,1,159.17000000000002,7.958500000000001,20,98,20,0.0
17954.0,32,17,3375.46,5.177085889570552,652,2790,431,428.92
17955.0,107,6,949.9,43.17727272727273,22,681,16,0.0
17956.0,158,1,12.75,12.75,1,1,1,0.0
17958.0,25,2,973.88,27.052222222222223,36,284,35,0.0
17959.0,501,1,140.75,70.375,2,49,2,0.0
17960.0,80,3,135.08,3.6508108108108113,37,60,37,0.0
17961.0,32,92,2749.92,4.567973421926911,602,1400,473,116.82
17962.0,51,4,666.96,3.6445901639344265,183,633,146,0.0
17963.0,379,4,643.16,5.900550458715596,109,341,98,0.0
17964.0,281,1,261.76,7.478857142857143,35,195,35,201.45
17965.0,0,27,6658.87,8.614320827943079,773,4217,553,347.78
17966.0,60,9,1459.92,13.772830188679245,106,2518,81,504.0
17967.0,280,2,223.42,3.6626229508196717,61,111,59,0.0
17968.0,282,4,590.4399999999999,4.6128124999999995,128,352,106,0.0
17969.0,75,20,2354.29,11.540637254901961,204,1014,113,0.0
17970.0,119,1,562.79,19.40655172413793,29,513,27,0.0
17971.0,457,1,161.94,7.711428571428572,21,62,21,0.0
17972.0,150,1,135.19,4.506333333333333,30,36,30,0.0
17974.0,128,4,1199.17,5.57753488372093,215,774,177,539.92
17975.0,23,22,6163.52,14.57096926713948,423,1978,224,532.81
17976.0,281,1,321.79,5.645438596491228,57,93,56,0.0
17977.0,309,1,1223.31,14.73867469879518,83,1606,83,288.14
17978.0,274,4,1159.99,17.313283582089554,67,1297,62,0.0
17979.0,77,3,494.54,5.2610638297872345,94,272,84,237.87
17980.0,74,4,1012.72,16.601967213114754,61,771,41,0.0
17981.0,319,1,239.12,14.065882352941177,17,260,17,0.0
17982.0,589,1,138.18,10.62923076923077,13,117,13,0.0
17983.0,304,1,171.71,7.154583333333334,24,108,23,0.0
17984.0,53,5,1152.19,4.761115702479339,242,939,209,0.0
17987.0,94,5,965.4399999999999,5.886829268292683,164,981,139,0.0
17988.0,25,12,434.42,3.913693693693694,111,170,103,55.12
17989.0,288,1,207.32999999999998,7.149310344827586,29,300,26,0.0
17990.0,145,6,1527.6100000000001,26.800175438596494,57,777,40,0.0
17991.0,133,3,300.3,7.902631578947369,38,93,37,0.0
17992.0,298,1,252.88,4.863076923076923,52,130,49,0.0
17993.0,526,1,225.99,3.7665,60,108,60,0.0
17994.0,30,11,2270.03,7.418398692810459,306,2181,227,0.0
17995.0,190,3,495.48,17.08551724137931,29,263,28,0.0
17996.0,288,3,482.33,7.1989552238805965,67,587,63,0.0
17997.0,1,6,1711.75,12.054577464788732,142,2035,118,250.71
17998.0,289,3,639.24,11.021379310344829,58,561,57,0.0
17999.0,275,2,338.41,4.177901234567901,81,161,77,190.05
18000.0,472,1,124.25,20.708333333333332,6,109,6,0.0
18001.0,358,4,509.01,6.7867999999999995,75,512,69,415.13
18002.0,284,4,244.37,4.610754716981132,53,71,52,0.0
18003.0,285,1,353.51,15.37,23,297,23,0.0
18004.0,271,1,157.92000000000002,4.268108108108109,37,75,32,0.0
18006.0,290,3,524.83,12.800731707317075,41,175,36,444.68
18007.0,301,1,215.22,4.3044,50,246,46,0.0
18008.0,111,21,19708.3,209.6627659574468,94,7761,75,50.78
18009.0,144,8,2144.23,11.978938547486033,179,651,145,0.0
18010.0,165,1,174.79999999999998,12.485714285714284,14,60,14,0.0
18011.0,281,2,410.79,6.520476190476191,63,125,63,0.0
18012.0,632,1,115.3,8.86923076923077,13,63,13,0.0
18013.0,64,2,187.29,6.041612903225806,31,285,31,0.0
18016.0,95,5,959.76,9.228461538461538,104,385,79,994.8
18017.0,78,3,509.0,169.66666666666666,3,300,1,179.0
18018.0,16,4,297.99,6.7725,44,186,43,0.0
18020.0,452,1,190.48000000000002,15.873333333333335,12,67,12,0.0
18021.0,418,2,216.41,6.7628125,32,168,32,0.0
18022.0,294,4,894.53,3.4273180076628353,261,608,203,612.72
18024.0,61,2,389.78,18.56095238095238,21,184,21,0.0
18025.0,288,6,1177.72,10.515357142857143,112,1053,83,0.0
18026.0,409,2,2074.07,122.00411764705883,17,530,12,0.0
18027.0,7,1,115.31,5.490952380952381,21,78,21,0.0
18028.0,492,1,192.05,48.0125,4,133,4,0.0
18029.0,551,1,433.77,24.098333333333333,18,253,18,0.0
18031.0,287,1,451.3,7.163492063492064,63,298,49,0.0
18032.0,243,1,73.5,14.7,5,42,5,0.0
18034.0,284,1,335.52,3.226153846153846,104,392,97,418.68
18035.0,294,2,546.34,68.2925,8,550,8,713.89
18036.0,14,10,1396.06,4.797457044673539,291,662,208,149.43
18037.0,63,15,167.42,5.073333333333333,33,37,31,0.0
18038.0,464,1,141.48,5.239999999999999,27,80,25,0.0
18039.0,283,4,548.22,3.469746835443038,158,555,137,0.0
18040.0,154,1,239.0,19.916666666666668,12,96,12,118.2
18041.0,12,33,6919.51,9.637200557103064,718,6274,415,1099.26
18042.0,450,1,116.1,12.899999999999999,9,36,9,165.04999999999998
18043.0,115,2,421.59,4.533225806451613,93,229,87,107.7
18044.0,75,15,2522.54,16.816933333333335,150,1216,111,983.07
18046.0,558,1,189.63000000000002,7.293461538461539,26,44,26,0.0
18047.0,290,2,326.09,3.9287951807228914,83,130,74,0.0
18048.0,112,3,394.93,6.693728813559322,59,256,56,0.0
18049.0,346,2,500.92,5.757701149425287,87,402,82,0.0
18050.0,268,2,412.06,17.915652173913042,23,250,22,0.0
18051.0,543,7,2282.28,41.496,55,1661,41,0.0
18052.0,473,1,10877.18,679.82375,16,17766,16,0.0
18053.0,434,2,271.05,22.587500000000002,12,107,12,300.02
18054.0,301,1,176.5,16.045454545454547,11,96,11,0.0
18055.0,37,11,7054.16,20.626198830409358,342,2308,229,3088.48
18056.0,197,2,554.6,18.486666666666668,30,334,28,0.0
18057.0,301,3,1188.46,8.869104477611941,134,970,121,0.0
18058.0,450,2,603.9,46.45384615384615,13,306,11,170.16
18060.0,316,2,1185.46,15.806133333333333,75,902,74,0.0
18061.0,16,26,5757.91,49.21290598290598,117,3305,30,325.9
18062.0,82,6,1632.67,30.23462962962963,54,831,46,0.0
18063.0,299,2,186.60000000000002,62.20000000000001,3,48,2,0.0
18064.0,41,11,4481.83,70.02859375,64,2685,53,0.0
18065.0,92,23,4885.95,19.0857421875,256,1829,163,980.6800000000001
18066.0,295,2,1122.4,26.102325581395352,43,427,35,318.0
18068.0,198,1,101.69999999999999,101.69999999999999,1,6,1,0.0
18069.0,89,9,3434.0,4.597054886211513,747,2498,499,1030.92
18070.0,578,1,314.1,34.900000000000006,9,86,9,0.0
18071.0,166,6,1169.68,16.474366197183098,71,678,52,0.0
18072.0,94,1,247.44,13.746666666666666,18,288,18,0.0
18073.0,23,12,3859.82,53.60861111111112,72,3102,23,0.0
18074.0,282,2,1019.44,23.707906976744187,43,361,37,0.0
18075.0,15,18,5129.29,17.810034722222223,288,2832,163,654.0
18076.0,289,1,151.49,18.93625,8,164,8,0.0
18077.0,12,14,3116.72,11.131142857142857,280,2453,122,962.07
18078.0,126,4,725.53,9.93876712328767,73,370,65,0.0
18079.0,35,3,2796.96,34.10926829268293,82,6458,67,1406.97
18080.0,151,1,841.4999999999999,841.4999999999999,1,330,1,390.0
18081.0,21,2,208.05,20.805,10,55,7,135.4
18083.0,306,1,463.53,11.588249999999999,40,268,36,0.0
18084.0,292,2,704.75,117.45833333333333,6,443,6,90.47999999999999
18085.0,239,4,1341.8500000000001,21.642741935483873,62,507,42,0.0
18086.0,183,1,101.34,14.477142857142857,7,106,7,0.0
18087.0,7,17,14761.519999999999,167.74454545454543,88,7775,44,0.0
18089.0,355,1,428.45,42.845,10,95,9,0.0
18090.0,330,1,321.9,5.96111111111111,54,307,47,0.0
18091.0,502,1,360.85,14.434000000000001,25,539,25,0.0
18092.0,28,15,11476.94,111.42660194174758,103,7326,35,3216.78
18093.0,2,8,4452.71,72.99524590163935,61,3429,43,0.0
18094.0,45,11,5776.52,51.57607142857143,112,3840,51,615.0
18095.0,221,5,2303.09,47.98104166666667,48,1623,37,0.0
18096.0,351,3,808.81,4.147743589743589,195,621,154,849.06
18097.0,35,10,3951.7200000000003,29.71218045112782,133,2460,77,676.2
18098.0,304,1,527.94,6.138837209302326,86,215,85,0.0
18099.0,36,1,168.31,8.858421052631579,19,149,19,0.0
18100.0,459,1,451.56,15.052,30,440,30,0.0
18101.0,52,4,509.84,6.217560975609755,82,185,72,112.17
18102.0,7,112,456780.49,591.68457253886,772,148994,311,124206.55
18103.0,458,1,105.8,10.58,10,23,10,0.0
18106.0,238,6,1441.06,7.5448167539267015,191,506,126,0.0
18107.0,351,1,165.88,4.365263157894737,38,65,38,0.0
18108.0,163,3,848.8100000000001,18.059787234042556,47,261,43,0.0
18109.0,0,30,6377.66,12.312084942084942,518,3997,202,3178.05
18110.0,320,1,193.48000000000002,5.5280000000000005,35,97,29,198.8
18111.0,498,1,405.85,15.031481481481482,27,232,27,0.0
18112.0,75,3,617.31,12.860624999999999,48,298,46,156.05
18113.0,277,1,76.32000000000001,76.32000000000001,1,72,1,0.0
18114.0,199,1,220.1,7.860714285714286,28,55,28,0.0
18115.0,606,1,9.700000000000001,3.233333333333334,3,3,3,0.0
18116.0,142,12,1970.93,3.7328219696969698,528,1097,304,163.56
18118.0,0,22,4818.88,4.482679069767442,1075,2475,388,1402.14
18119.0,276,1,180.7,6.23103448275862,29,124,29,0.0
18120.0,123,1,111.15,6.538235294117648,17,31,17,0.0
18121.0,58,2,653.3,21.074193548387097,31,438,28,0.0
18122.0,59,1,119.19,5.182173913043478,23,69,23,1673.8700000000001
18123.0,422,1,92.2,4.190909090909091,22,34,22,574.4399999999999
18124.0,380,1,102.65,5.1325,20,47,20,0.0
18125.0,110,3,933.9,5.558928571428571,168,691,146,197.85
18127.0,42,2,348.65000000000003,12.02241379310345,29,91,25,207.48
18128.0,446,1,399.29,9.506904761904762,42,216,42,0.0
18129.0,152,1,112.55000000000001,8.039285714285715,14,48,13,0.0
18131.0,540,1,222.95999999999998,55.739999999999995,4,552,4,0.0
18132.0,412,1,220.13,3.5504838709677418,62,212,60,0.0
18133.0,121,1,931.4999999999999,931.4999999999999,1,1350,1,0.0
18134.0,507,2,445.0,15.892857142857142,28,128,27,0.0
18135.0,99,6,677.5300000000001,25.093703703703707,27,492,21,572.09
18136.0,120,4,1447.88,17.65707317073171,82,776,73,183.48000000000002
18137.0,460,2,145.99,5.034137931034483,29,59,26,0.0
18138.0,204,1,152.65,19.08125,8,38,8,0.0
18140.0,382,1,536.41,9.933518518518518,54,395,49,0.0
18141.0,310,2,882.47,21.011190476190478,42,433,38,0.0
18142.0,66,2,1019.52,67.968,15,1276,9,0.0
18143.0,25,2,1000.1600000000001,16.396065573770493,61,570,59,0.0
18144.0,18,16,4169.75,56.347972972972975,74,1865,51,723.2
18145.0,113,9,3771.97,15.209556451612903,248,3342,158,1837.77
18146.0,49,2,160.35000000000002,16.035000000000004,10,153,10,0.0
18147.0,17,1,98.88,24.72,4,80,4,80.46
18148.0,555,1,112.85000000000001,11.285,10,63,9,0.0
18149.0,124,6,1491.56,16.759101123595507,89,839,54,62.400000000000006
18150.0,49,2,413.28000000000003,15.895384615384616,26,236,22,153.3
18151.0,43,6,1879.44,17.730566037735848,106,986,99,0.0
18152.0,555,1,426.69,42.669,10,75,10,0.0
18153.0,568,1,246.22,14.483529411764707,17,200,17,0.0
18154.0,297,3,533.41,20.51576923076923,26,371,22,399.19
18155.0,79,2,266.56,14.029473684210526,19,196,14,105.06
18156.0,278,1,186.88,3.7376,50,68,50,488.76
18157.0,480,1,213.9,8.556000000000001,25,145,25,0.0
18159.0,210,1,530.15,23.05,23,139,23,0.0
18160.0,109,2,684.37,15.208222222222222,45,372,41,319.51
18161.0,49,4,955.67,19.5034693877551,49,540,34,847.4300000000001
18162.0,641,1,371.51,8.076304347826087,46,332,45,0.0
18163.0,493,1,728.84,22.086060606060606,33,452,33,0.0
18165.0,86,1,302.46000000000004,30.246000000000002,10,254,10,0.0
18166.0,532,1,175.5,17.55,10,90,10,0.0
18167.0,14,1,498.48,38.34461538461539,13,122,13,886.3800000000001
18168.0,84,16,3435.5,9.46418732782369,363,1995,209,0.0
18170.0,20,8,2553.2000000000003,21.637288135593224,118,1024,58,324.8
18171.0,7,8,2200.31,26.509759036144576,83,841,68,237.0
18172.0,7,43,15540.84,36.22573426573427,429,6503,172,1926.3999999999999
18173.0,108,4,2318.36,59.445128205128206,39,1538,31,378.0
18174.0,512,1,58.5,58.5,1,30,1,104.0
18175.0,584,1,176.1,25.157142857142855,7,70,7,0.0
18176.0,267,1,476.35,15.878333333333334,30,283,30,0.0
18177.0,66,8,1912.72,22.50258823529412,85,1072,58,303.6
18178.0,37,11,6103.74,17.43925714285714,350,3850,204,0.0
18179.0,161,6,1857.54,25.445753424657532,73,1180,70,690.01
18180.0,45,2,601.85,14.329761904761906,42,553,42,1241.9
18181.0,308,4,821.49,5.996277372262774,137,377,119,366.85
18182.0,372,1,291.13,29.113,10,167,10,0.0
18183.0,136,2,632.07,17.082972972972975,37,371,36,0.0
18185.0,158,1,304.25,17.897058823529413,17,183,17,0.0
18186.0,631,1,329.58,29.96181818181818,11,338,11,0.0
18187.0,540,1,724.89,15.101875,48,310,48,0.0
18188.0,199,4,1706.15,21.87371794871795,78,884,65,1574.44
18189.0,176,2,946.59,16.32051724137931,58,622,54,457.14
18190.0,101,5,745.62,17.752857142857142,42,490,34,0.0
18191.0,170,2,529.4,35.29333333333333,15,332,15,0.0
18193.0,74,3,1207.35,17.247857142857143,70,926,66,0.0
18194.0,347,5,3188.2,151.8190476190476,21,1142,16,973.8399999999999
18195.0,296,1,101.16,20.232,5,60,5,0.0
18196.0,3,4,1457.19,5.260613718411553,277,1038,210,0.0
18197.0,484,1,230.1,25.566666666666666,9,166,9,0.0
18198.0,9,14,4427.39,37.84094017094017,117,3491,64,998.1700000000001
18199.0,592,1,344.75,17.2375,20,99,20,0.0
18200.0,14,1,150.35,5.011666666666667,30,104,29,0.0
18201.0,631,1,447.53000000000003,16.575185185185187,27,191,27,0.0
18202.0,108,3,1396.99,20.543970588235293,68,581,55,0.0
18203.0,66,4,492.52,8.34779661016949,59,111,40,0.0
18204.0,18,2,1358.87,10.217067669172932,133,907,113,616.48
18206.0,462,1,314.65999999999997,16.561052631578946,19,246,19,0.0
18207.0,408,1,544.47,17.563548387096777,31,325,31,0.0
18208.0,474,1,360.08,21.181176470588234,17,82,17,0.0
18210.0,175,2,289.85,19.323333333333334,15,163,14,2478.98
18211.0,45,2,268.7,17.913333333333334,15,152,15,331.37
18212.0,234,2,514.37,11.18195652173913,46,158,40,0.0
18213.0,145,1,232.48000000000002,15.498666666666669,15,232,15,0.0
18214.0,439,4,1780.34,30.69551724137931,58,989,38,0.0
18215.0,345,4,1933.15,25.436184210526317,76,1013,49,299.34000000000003
18217.0,422,2,323.29,35.92111111111112,9,249,7,621.75
18218.0,120,4,1121.84,29.522105263157894,38,1028,25,0.0
18219.0,58,15,2650.06,16.987564102564104,156,1297,78,702.64
18220.0,135,6,1921.76,76.8704,25,1352,17,0.0
18221.0,24,4,1090.19,17.583709677419357,62,655,54,334.75
18222.0,1,1,443.0,23.31578947368421,19,335,19,0.0
18223.0,5,23,11552.65,23.48099593495935,492,5470,166,2448.2000000000003
18224.0,172,1,158.95000000000002,15.895000000000001,10,69,10,0.0
18225.0,21,21,10240.62,22.40835886214442,457,5622,229,2774.18
18226.0,29,24,10901.86,22.999704641350213,474,7363,267,977.02
18227.0,126,2,388.75,64.79166666666667,6,22,6,0.0
18229.0,2,22,8085.67,53.904466666666664,150,2287,65,2064.84
18230.0,3,7,3627.2200000000003,29.48959349593496,123,1710,42,663.84
18231.0,101,28,6854.17,17.896005221932114,383,2915,218,0.0
18232.0,66,3,500.62,15.644375,32,277,29,92.35000000000001
18233.0,234,1,440.0,440.0,1,4,1,0.0
18234.0,460,1,179.6,5.986666666666666,30,80,30,0.0
18235.0,28,2,749.8000000000001,14.147169811320756,53,706,49,1046.68
18236.0,38,10,1554.3,18.285882352941176,85,603,72,241.05
18237.0,0,3,725.55,16.873255813953488,43,465,37,261.55
18238.0,424,1,270.92,19.351428571428574,14,114,14,0.0
18239.0,127,6,1712.26,17.836041666666667,96,844,85,0.0
18241.0,8,15,2263.48,17.546356589147287,129,1140,85,723.51
18242.0,105,6,2066.8,23.486363636363638,88,1412,68,1538.41
18243.0,323,1,515.78,19.837692307692308,26,221,26,0.0
18244.0,339,2,568.64,29.928421052631577,19,856,19,0.0
18245.0,58,19,5430.7300000000005,13.47575682382134,403,4638,291,894.25
18246.0,142,2,395.62,131.87333333333333,3,118,2,363.2
18247.0,323,3,839.73,22.695405405405406,37,335,28,0.0
18248.0,31,2,804.02,17.1068085106383,47,511,39,0.0
18250.0,219,1,349.27,16.63190476190476,21,199,21,0.0
18251.0,354,8,21964.14,238.74065217391305,92,31815,77,4314.72
18252.0,80,6,1085.32,25.24,43,716,38,448.37
18253.0,551,1,317.88,45.41142857142857,7,128,7,0.0
18254.0,490,1,267.9,16.74375,16,188,16,0.0
18255.0,364,1,199.85,15.373076923076923,13,127,13,103.3
18256.0,296,1,110.7,11.07,10,180,10,0.0
18257.0,23,9,3825.39,16.073067226890757,238,2049,190,774.76
18258.0,373,6,2059.67,41.193400000000004,50,1981,30,0.0
18259.0,275,5,1979.6000000000001,39.592000000000006,50,676,36,1962.3000000000002
18260.0,81,23,9947.26,24.261609756097563,410,5244,212,0.0
18261.0,4,1,224.8,14.986666666666668,15,102,15,99.44
18262.0,48,3,577.54,13.75095238095238,42,552,40,0.0
18263.0,64,2,811.4,18.03111111111111,45,1048,45,401.76
18264.0,407,1,603.25,16.756944444444443,36,241,36,0.0
18265.0,67,1,488.55,16.84655172413793,29,224,29,312.96
18266.0,343,1,251.1,17.935714285714287,14,138,14,0.0
18267.0,581,1,269.37,15.84529411764706,17,135,17,0.0
18268.0,42,6,1490.23,22.24223880597015,67,711,36,0.0
18269.0,275,1,168.6,24.085714285714285,7,76,7,0.0
18270.0,175,2,273.35,24.85,11,149,11,171.20000000000002
18271.0,518,2,680.85,32.42142857142857,21,319,19,0.0
18272.0,22,7,3413.85,19.619827586206895,174,2295,123,972.13
18273.0,4,3,306.0,102.0,3,120,1,51.0
18275.0,487,2,741.85,39.044736842105266,19,417,19,0.0
18276.0,301,5,1320.66,16.50825,80,1060,69,335.86
18277.0,306,4,1069.67,19.10125,56,381,48,110.38
18278.0,313,1,240.3,16.02,15,74,15,173.9
18279.0,428,1,231.33999999999997,17.795384615384613,13,630,13,0.0
18280.0,186,2,488.15000000000003,16.27166666666667,30,194,28,0.0
18281.0,89,2,201.14,11.831764705882351,17,146,17,0.0
18282.0,35,1,100.21000000000001,14.315714285714288,7,75,7,77.84
18283.0,4,16,1706.2,2.6617784711388457,641,1041,285,958.7
18284.0,340,1,461.68,16.48857142857143,28,494,28,0.0
18285.0,569,1,427.0,35.583333333333336,12,145,12,0.0
18286.0,385,2,1296.43,19.349701492537314,67,608,67,0.0
18287.0,110,5,3110.99,27.289385964912277,114,1915,93,1072.0
